mouse,behaviour,stimulus,n_deliv_day1,n_deliv_day2,rate_day1,rate_day2,rate_ratio,p_rate,rr_lo,rr_hi,p_day1,p_day2,delta,odds_ratio,ci_lo,ci_hi,p_fisher,min_detectable_delta,q_fisher,q_rate
F1,attending,ALL,87,72,0.12643678160919541,0.05555555555555555,0.43939393939393934,0.36640138192093663,0.158998107964659,1.4060828230503764,0.09195402298850575,0.05555555555555555,-0.03639846743295019,1.6275331935709294,0.4963927072903852,5.336227259732136,0.5489237494378647,0.09,1.0,1.0
F1,attending,Heat,23,18,0.13043478260869565,0.05555555555555555,0.42592592592592593,0.443370387706836,0.0808678008948765,3.7083563296722772,0.13043478260869565,0.05555555555555555,-0.0748792270531401,1.991869918699187,0.2652042660501135,14.960339183491833,0.617764392218821,0.39,1.0,1.0
F1,attending,Light touch,22,20,0.0,0.0,,,0.021825204218807313,55.44048925587203,0.0,0.0,0.0,0.9111111111111111,0.01727478183167119,48.05406313544257,1.0,0.29,1.0,
F1,attending,Mild touch,26,21,0.0,0.0,,,0.02456516492160131,62.40055067760489,0.0,0.0,0.0,0.8113207547169812,0.015449819542723986,42.605116856819706,1.0,0.28,1.0,
F1,attending,Pin prick,16,13,0.5,0.23076923076923078,0.46153846153846156,0.4844797152577123,0.1459524735454585,1.759705690014065,0.3125,0.23076923076923078,-0.08173076923076922,1.434782608695652,0.29556769014731754,6.964905850126745,0.6968182575378978,0.46,1.0,1.0
F1,escape,ALL,87,72,0.7241379310344828,0.7222222222222222,0.9973544973544973,0.9969803528407504,0.693090188858497,1.4399748847385432,0.4827586206896552,0.4861111111111111,0.0033524904214559115,0.9866893669710571,0.5303230938077391,1.835778826646184,1.0,0.22,1.0,1.0
F1,escape,Heat,23,18,1.0434782608695652,1.0555555555555556,1.0115740740740742,0.9889754752773993,0.5610465505821912,1.8435240992172348,0.6521739130434783,0.6666666666666666,0.01449275362318836,0.9482352941176471,0.2678498234343492,3.356919043221863,1.0,0.31,1.0,1.0
F1,escape,Light touch,22,20,0.45454545454545453,0.5,1.1,0.8260894296553046,0.4676178156484944,2.5875831918892285,0.36363636363636365,0.4,0.036363636363636376,0.8620689655172413,0.2557900936745994,2.905362325146858,1.0,0.32,1.0,1.0
F1,escape,Mild touch,26,21,0.46153846153846156,0.5238095238095238,1.1349206349206349,0.8249813597154916,0.5113660254238521,2.5371835709708312,0.3076923076923077,0.3333333333333333,0.025641025641025605,0.8882882882882883,0.2679091218671506,2.945237838901993,1.0,0.28,1.0,1.0
F1,escape,Pin prick,16,13,1.0625,0.9230769230769231,0.8687782805429864,0.6755429896513345,0.425421077454934,1.8166789589501189,0.6875,0.6153846153846154,-0.07211538461538458,1.3529411764705883,0.3087571339969829,5.928445452559184,0.714142928535732,0.46,1.0,1.0
F1,flinch,ALL,87,72,0.5287356321839081,0.4444444444444444,0.8405797101449275,0.5076113287503233,0.5395080444202791,1.322015064072868,0.41379310344827586,0.375,-0.038793103448275856,1.1726390114739629,0.6210593507181824,2.2140915351173946,0.6294989288289131,0.21,1.0,1.0
F1,flinch,Heat,23,18,0.9565217391304348,0.7222222222222222,0.755050505050505,0.33383720453490695,0.3904470434982317,1.5053969227466812,0.6956521739130435,0.6666666666666666,-0.02898550724637683,1.144,0.3174568681759089,4.122563192662773,1.0,0.29,1.0,1.0
F1,flinch,Light touch,22,20,0.22727272727272727,0.15,0.66,0.5413356720213676,0.1832596419728005,2.6738020151361312,0.22727272727272727,0.15,-0.07727272727272727,1.5714285714285714,0.3523803256082993,7.0077344722332064,0.6997278704595776,0.4,1.0,1.0
F1,flinch,Mild touch,26,21,0.6153846153846154,0.7142857142857143,1.1607142857142856,0.6638729075645696,0.5814388265736166,2.3264814026048075,0.46153846153846156,0.5238095238095238,0.06227106227106227,0.7871064467766117,0.2547930914138431,2.431528088613015,0.7724818212447503,0.34,1.0,1.0
F1,flinch,Pin prick,16,13,0.1875,0.07692307692307693,0.4102564102564103,0.41956317590214576,0.07789273129673724,3.571928504834836,0.1875,0.07692307692307693,-0.11057692307692307,2.1604938271604937,0.2748990789871399,16.979807987705048,0.605911330049261,0.47,1.0,1.0
F1,guarding,ALL,87,72,0.05747126436781609,0.0,0.0,0.039906465496916156,0.0060738346155216,1.9866674658331245,0.05747126436781609,0.0,-0.05747126436781609,9.666666666666666,0.5254129427376606,177.84952909144712,0.06409762982807543,0.16,0.9614644474211315,0.3796226918730246
F1,guarding,Heat,23,18,0.13043478260869565,0.0,0.0,0.12284168698854193,0.009428397252374456,3.534082708839678,0.13043478260869565,0.0,-0.13043478260869565,6.317073170731708,0.30546794841846525,130.63699039779888,0.24268292682926826,0.39,1.0,0.6142084349427097
F1,guarding,Light touch,22,20,0.0,0.0,,,0.021825204218807313,55.44048925587203,0.0,0.0,0.0,0.9111111111111111,0.01727478183167119,48.05406313544257,1.0,0.29,1.0,
F1,guarding,Mild touch,26,21,0.07692307692307693,0.0,0.0,0.20968705017202993,0.011887322824646867,5.158032102622367,0.07692307692307693,0.0,-0.07692307692307693,4.387755102040816,0.1994183930895855,96.54272375385344,0.4949121184088806,0.34,1.0,0.8289953146336068
F1,guarding,Pin prick,16,13,0.0,0.0,,,0.024419808916148044,62.031316649926744,0.0,0.0,0.0,0.8181818181818182,0.015205202770824693,44.025817852805815,1.0,0.38,1.0,
F1,lickbite,ALL,87,72,0.40229885057471265,0.3194444444444444,0.794047619047619,0.5194962529174423,0.47495949368227663,1.347087970362158,0.26436781609195403,0.2222222222222222,-0.04214559386973182,1.2475922010805731,0.6049806439939496,2.5727869406225756,0.5823030652801844,0.17,1.0,1.0
F1,lickbite,Heat,23,18,1.3043478260869565,1.1666666666666667,0.8944444444444445,0.7057566724180104,0.5186701601569752,1.5642156973490378,0.782608695652174,0.7777777777777778,-0.004830917874396157,1.0438871473354232,0.2515818282437334,4.331395411104105,1.0,0.41,1.0,1.0
F1,lickbite,Light touch,22,20,0.09090909090909091,0.1,1.1,0.9407885221773153,0.19056401301092454,6.349572413394937,0.09090909090909091,0.1,0.009090909090909094,0.9024390243902439,0.1401559947568608,5.8106411656184225,1.0,0.36,1.0,1.0
F1,lickbite,Mild touch,26,21,0.0,0.0,,,0.02456516492160131,62.40055067760489,0.0,0.0,0.0,0.8113207547169812,0.015449819542723986,42.605116856819706,1.0,0.28,1.0,
F1,lickbite,Pin prick,16,13,0.1875,0.0,0.0,0.11441820333100311,0.009081533139410847,3.4040662881131345,0.1875,0.0,-0.1875,7.0,0.32894829165248035,148.95958192653083,0.2315270935960591,0.47,1.0,0.6142084349427097
F1,withdrawal,ALL,87,72,0.7816091954022989,0.6666666666666666,0.8529411764705881,0.3981292237223215,0.5922385101992874,1.2358882483770373,0.4942528735632184,0.4305555555555556,-0.06369731800766282,1.2878544676297485,0.6901452148351498,2.4032176042690874,0.43037907272347076,0.22,1.0,1.0
F1,withdrawal,Heat,23,18,1.434782608695652,1.2777777777777777,0.8905723905723906,0.6339052539033542,0.5289724309071208,1.5188809470556714,0.7391304347826086,0.7222222222222222,-0.016908212560386437,1.0968660968660968,0.28742721570088414,4.185808332452092,1.0,0.26,1.0,1.0
F1,withdrawal,Light touch,22,20,0.3181818181818182,0.2,0.6285714285714287,0.3991947877271367,0.20510491706527068,2.123791112532806,0.3181818181818182,0.2,-0.11818181818181817,1.7741935483870968,0.45587337687198054,6.904905850692746,0.49130368642563754,0.3,1.0,1.0
F1,withdrawal,Mild touch,26,21,0.7307692307692307,0.7142857142857143,0.9774436090225564,0.9056239767492745,0.505113904160986,1.9174010315467351,0.46153846153846156,0.42857142857142855,-0.032967032967033016,1.134301270417423,0.36527366843427905,3.522398363905268,1.0,0.34,1.0,1.0
F1,withdrawal,Pin prick,16,13,0.5625,0.46153846153846156,0.8205128205128206,0.745059816331938,0.31050826324025627,2.2838080598503363,0.4375,0.38461538461538464,-0.05288461538461536,1.2200956937799043,0.28973648080559355,5.137887703478752,1.0,0.39,1.0,1.0
F2,attending,ALL,88,72,0.5795454545454546,0.2777777777777778,0.4793028322440087,0.005508215090734767,0.291610833874213,0.8116895611365325,0.45454545454545453,0.2638888888888889,-0.19065656565656564,2.291038858049167,1.1776466660826184,4.4570746050267305,0.014137312973275282,0.21,0.2544716335189551,0.1222425453689972
F2,attending,Heat,20,18,0.75,0.3888888888888889,0.5185185185185185,0.07804322580596108,0.2248346974568771,1.285614545185685,0.65,0.3888888888888889,-0.2611111111111111,2.76,0.7659937700766098,9.944728400647612,0.19268205207171207,0.32,1.0,0.5709552259765589
F2,attending,Light touch,17,13,0.23529411764705882,0.3076923076923077,1.3076923076923077,0.7412271368118071,0.3540197133137074,4.830406633548961,0.17647058823529413,0.23076923076923078,0.05429864253393665,0.7241379310344828,0.13481580401769427,3.8895717529828944,1.0,0.46,1.0,1.0
F2,attending,Mild touch,20,16,0.3,0.3125,1.0416666666666667,0.7750513736700824,0.33977663471827474,3.292495432121336,0.25,0.3125,0.0625,0.7419354838709677,0.1817348613864991,3.028963502253733,0.7224750283704677,0.43,1.0,1.0
F2,attending,Pin prick,31,25,0.8387096774193549,0.16,0.19076923076923077,0.00038647687666659204,0.07751504800951207,0.5719928889463392,0.6129032258064516,0.16,-0.4529032258064516,7.453333333333333,2.157659086128941,25.746503761835704,0.000908527421141093,0.3,0.05451164526846558,0.013140213806664131
F2,escape,ALL,88,72,0.7613636363636364,0.7222222222222222,0.9485903814262023,0.7751181752606203,0.6627761362679132,1.363466744041547,0.5681818181818182,0.5416666666666666,-0.026515151515151603,1.1124445175078086,0.5968062655768612,2.073592178756713,0.7516390396937542,0.21,1.0,1.0
F2,escape,Heat,20,18,0.95,0.9444444444444444,0.9941520467836258,0.9875408965757175,0.5229650470382947,1.9012936270794756,0.7,0.6666666666666666,-0.033333333333333326,1.16,0.3084860501872239,4.361947644580164,1.0,0.3,1.0,1.0
F2,escape,Light touch,17,13,0.5294117647058824,0.3076923076923077,0.5811965811965812,0.6276013898186232,0.20177811075653268,1.901581325235776,0.29411764705882354,0.23076923076923078,-0.06334841628959276,1.32,0.27423810938023463,6.3536027284382275,1.0,0.46,1.0,1.0
F2,escape,Mild touch,20,16,1.05,1.0625,1.0119047619047619,0.9717155018288098,0.5413232530109713,1.912328601568011,0.8,0.8125,0.012499999999999956,0.9506172839506173,0.19753374462103115,4.574778968926788,1.0,0.43,1.0,1.0
F2,escape,Pin prick,31,25,0.5806451612903226,0.56,0.9644444444444444,0.8465534821232912,0.4887207757488276,1.9327474836278566,0.4838709677419355,0.44,-0.043870967741935496,1.1844532279314888,0.41904146774990836,3.347948967176244,0.7925164531399045,0.33,1.0,1.0
F2,flinch,ALL,88,72,0.625,0.7083333333333334,1.1333333333333333,0.5254382948731934,0.7761912768729212,1.6571433775836797,0.2159090909090909,0.2638888888888889,0.04797979797979798,0.7697841726618705,0.37399561324428027,1.5844241255676892,0.5759073803441561,0.15,1.0,1.0
F2,flinch,Heat,20,18,1.6,1.7777777777777777,1.111111111111111,0.7451639324805179,0.6832765176124814,1.8068349627299063,0.55,0.6111111111111112,0.061111111111111116,0.7894736842105263,0.22419566155841797,2.780021226675426,0.7521492087434922,0.37,1.0,1.0
F2,flinch,Light touch,17,13,0.5882352941176471,0.6923076923076923,1.176923076923077,0.7664650235360652,0.49191179789706985,2.845722265399339,0.23529411764705882,0.3076923076923077,0.07239819004524889,0.7037037037037037,0.14965794522445122,3.308871452588967,0.6976267421844632,0.46,1.0,1.0
F2,flinch,Mild touch,20,16,0.05,0.0625,1.25,0.9042322931608022,0.13001967368878525,12.017412101340875,0.05,0.0625,0.012499999999999997,0.7948717948717948,0.07509359130548741,8.413782844828976,1.0,0.38,1.0,1.0
F2,flinch,Pin prick,31,25,0.3870967741935484,0.36,0.9299999999999999,0.853853205904954,0.4053709430640499,2.190876714761656,0.0967741935483871,0.12,0.0232258064516129,0.7894736842105263,0.1623893100980868,3.838114083276008,1.0,0.32,1.0,1.0
F2,guarding,ALL,88,72,0.8522727272727273,0.5694444444444444,0.6681481481481482,0.2938665192379346,0.46000518450164746,0.9811601821343752,0.375,0.3055555555555556,-0.06944444444444442,1.3547547547547547,0.7028173486887076,2.6114330401134342,0.404827473135895,0.2,1.0,0.9280369313172367
F2,guarding,Heat,20,18,1.4,1.0,0.7142857142857143,0.275061614590158,0.40173501131196343,1.294878546790224,0.7,0.4444444444444444,-0.25555555555555554,2.755656108597285,0.7557170869178169,10.048258429381427,0.1881201509097239,0.3,1.0,0.8992398938524395
F2,guarding,Light touch,17,13,0.17647058823529413,0.15384615384615385,0.8717948717948718,0.8968822314200924,0.18429041088209727,4.73426243398333,0.17647058823529413,0.15384615384615385,-0.022624434389140274,1.110344827586207,0.18388442059577106,6.7045681855649075,1.0,0.46,1.0,1.0
F2,guarding,Mild touch,20,16,0.05,0.0,0.0,0.40173563705539783,0.016972933775084145,10.228703735707029,0.05,0.0,-0.05,2.5384615384615383,0.09675577033225705,66.59847738404346,1.0,0.38,1.0,1.0
F2,guarding,Pin prick,31,25,1.3870967741935485,0.84,0.6055813953488371,0.38198281347206064,0.36556578408141654,1.0274867639372736,0.4838709677419355,0.48,-0.003870967741935516,1.0145454545454546,0.36016096603024966,2.857895708921418,1.0,0.33,1.0,1.0
F2,lickbite,ALL,88,72,1.3522727272727273,0.875,0.6470588235294118,0.033552148755144534,0.4790347931160352,0.8805315737534856,0.6818181818181818,0.5555555555555556,-0.1262626262626262,1.703487112843838,0.8970114062737087,3.23504062861334,0.10493614185665753,0.18,1.0,0.3796226918730246
F2,lickbite,Heat,20,18,2.15,1.2222222222222223,0.5684754521963825,0.040186395709544666,0.3454680639041612,0.9560785997723085,0.95,0.8333333333333334,-0.11666666666666659,2.935483870967742,0.3871892701455191,22.255434799298982,0.3281853281853282,0.36,1.0,0.3796226918730246
F2,lickbite,Light touch,17,13,0.17647058823529413,0.15384615384615385,0.8717948717948718,0.8593003624914237,0.18429041088209727,4.73426243398333,0.11764705882352941,0.15384615384615385,0.036199095022624445,0.7419354838709677,0.10966283064558531,5.01964301838863,1.0,0.45,1.0,1.0
F2,lickbite,Mild touch,20,16,0.8,0.5,0.625,0.18836662941250204,0.2814886041821916,1.4730896274530862,0.65,0.4375,-0.21250000000000002,2.28,0.6158316710916447,8.441267710030463,0.3127654298810655,0.33,1.0,0.7624363571458416
F2,lickbite,Pin prick,31,25,1.8387096774193548,1.24,0.6743859649122808,0.09836082727469843,0.43992188377741326,1.0489462197541117,0.8387096774193549,0.64,-0.19870967741935486,2.7741046831955924,0.8216109762945216,9.366545744112683,0.12319247015789314,0.34,1.0,0.5765979529896115
F2,withdrawal,ALL,88,72,1.7727272727272727,1.625,0.9166666666666666,0.6726077753074945,0.722383729458432,1.1656802686192493,0.7727272727272727,0.7638888888888888,-0.008838383838383868,1.053614590199956,0.5079847367687046,2.1853091723652978,1.0,0.16,1.0,1.0
F2,withdrawal,Heat,20,18,2.3,2.2777777777777777,0.9903381642512078,1.0,0.6524975315399841,1.5070456082833132,0.55,0.6111111111111112,0.061111111111111116,0.7894736842105263,0.22419566155841797,2.780021226675426,0.7521492087434922,0.37,1.0,1.0
F2,withdrawal,Light touch,17,13,1.0588235294117647,1.0,0.9444444444444444,0.9641622991751195,0.47312348522720066,1.9246896545720058,0.7058823529411765,0.6923076923076923,-0.013574660633484226,1.076555023923445,0.23910569111924604,4.847106374213448,1.0,0.46,1.0,1.0
F2,withdrawal,Mild touch,20,16,1.1,0.9375,0.8522727272727272,0.5409152127109733,0.4508991431651598,1.644519305301505,0.75,0.6875,-0.0625,1.3478260869565217,0.33014593911611656,5.5025215986121685,0.7224750283704677,0.43,1.0,1.0
F2,withdrawal,Pin prick,31,25,2.2580645161290325,1.92,0.8502857142857142,0.3997769209442331,0.5918001364217192,1.229627458182213,0.967741935483871,0.96,-0.007741935483871032,1.2448979591836735,0.12174972062462501,12.729153880836249,1.0,0.28,1.0,1.0
F3,attending,ALL,85,69,0.4470588235294118,0.391304347826087,0.8752860411899314,0.5310703032959209,0.539403862627769,1.4353887778871177,0.4117647058823529,0.36231884057971014,-0.04944586530264278,1.2267520869734032,0.6410301561962027,2.347659729182823,0.6186870955944987,0.21,1.0,1.0
F3,attending,Heat,15,14,0.6666666666666666,0.7142857142857143,1.0714285714285716,0.8431151931619694,0.4554718983589231,2.5203732388531446,0.6,0.6428571428571429,0.04285714285714293,0.8461538461538461,0.19877406566884695,3.6019604919373474,1.0,0.38,1.0,1.0
F3,attending,Light touch,30,23,0.36666666666666664,0.21739130434782608,0.5928853754940712,0.2497964336978863,0.225817505874397,1.7232922278320122,0.36666666666666664,0.21739130434782608,-0.14927536231884056,1.9836829836829837,0.5981756030022825,6.578332783890568,0.3660833944836436,0.3,1.0,0.8945261924367691
F3,attending,Mild touch,19,14,0.47368421052631576,0.35714285714285715,0.7539682539682541,0.6293801502168032,0.2749050516724496,2.245673315276437,0.3684210526315789,0.2857142857142857,-0.08270676691729323,1.4,0.3357134662150714,5.838312124019314,0.7193387177379054,0.34,1.0,1.0
F3,attending,Pin prick,21,18,0.38095238095238093,0.3888888888888889,1.0208333333333335,0.9733385441286558,0.38560870104551787,2.7480930239429213,0.38095238095238093,0.3888888888888889,0.007936507936507964,0.9654320987654321,0.2743732383750737,3.3970482793678425,1.0,0.34,1.0,1.0
F3,escape,ALL,85,69,0.6941176470588235,0.7681159420289855,1.1066077130926062,0.5560412883425041,0.7656474828857969,1.6024498376515393,0.4588235294117647,0.5072463768115942,0.04842284739982955,0.8255338482507951,0.43879008000733694,1.553148454487329,0.6272038700724132,0.22,1.0,1.0
F3,escape,Heat,15,14,1.4666666666666666,1.5714285714285714,1.0714285714285714,0.8004099729151047,0.5972818140513393,1.9219724369086462,0.8,0.8571428571428571,0.05714285714285705,0.7142857142857143,0.11777942848903816,4.331860734747395,1.0,0.46,1.0,1.0
F3,escape,Light touch,30,23,0.13333333333333333,0.17391304347826086,1.3043478260869565,0.6960547572327609,0.3531142920520355,4.818052652388989,0.13333333333333333,0.17391304347826086,0.04057971014492753,0.7358490566037735,0.17582167690514033,3.0796762016824615,0.7152525562613645,0.34,1.0,1.0
F3,escape,Mild touch,19,14,0.5263157894736842,0.5714285714285714,1.0857142857142856,0.8695765772756056,0.44474186828723455,2.7139532836204996,0.47368421052631576,0.5,0.026315789473684237,0.9047619047619048,0.23699001964987035,3.454129019938405,1.0,0.39,1.0,1.0
F3,escape,Pin prick,21,18,1.0952380952380953,1.0555555555555556,0.9637681159420289,0.9528805855203324,0.5310850853909991,1.764667845097852,0.6666666666666666,0.6666666666666666,0.0,1.0053333333333334,0.27552143909931837,3.6682993324043354,1.0,0.31,1.0,1.0
F3,flinch,ALL,85,69,0.5882352941176471,0.6086956521739131,1.0347826086956522,0.9251944710964075,0.6894080799328047,1.5590441167970979,0.35294117647058826,0.36231884057971014,0.009377664109121886,0.9590178413707825,0.4969689793320345,1.8506491517914159,1.0,0.2,1.0,1.0
F3,flinch,Heat,15,14,0.0,0.0,,,0.02125831579753959,54.00047654792729,0.0,0.0,0.0,0.9354838709677419,0.017395205726939863,50.308693474402645,1.0,0.36,1.0,
F3,flinch,Light touch,30,23,0.4,0.5217391304347826,1.3043478260869563,0.5778086290649163,0.5955339777695409,2.856802995170404,0.23333333333333334,0.30434782608695654,0.0710144927536232,0.7021276595744681,0.2131879732030646,2.3124346225194725,0.7542262233795091,0.23,1.0,1.0
F3,flinch,Mild touch,19,14,0.5789473684210527,0.5,0.8636363636363636,0.7876634118256338,0.3527522645794347,2.220793441103794,0.5263157894736842,0.5,-0.02631578947368418,1.105263157894737,0.28950858356119896,4.219586974495392,1.0,0.39,1.0,1.0
F3,flinch,Pin prick,21,18,1.2857142857142858,1.2777777777777777,0.993827160493827,0.9531841258793499,0.574853053591632,1.7290480940576816,0.6190476190476191,0.6111111111111112,-0.007936507936507908,1.0358056265984654,0.2943732080799541,3.6446703254381534,1.0,0.34,1.0,1.0
F3,guarding,ALL,85,69,0.8,0.8115942028985508,1.0144927536231885,0.9168983276495649,0.7144153923084001,1.4451223560143156,0.35294117647058826,0.36231884057971014,0.009377664109121886,0.9590178413707825,0.4969689793320345,1.8506491517914159,1.0,0.2,1.0,1.0
F3,guarding,Heat,15,14,1.0666666666666667,1.0,0.9375,0.899888357779784,0.46498902104228523,1.9065660881256412,0.4,0.35714285714285715,-0.04285714285714287,1.1818181818181819,0.2776265875870673,5.030837381300924,1.0,0.38,1.0,1.0
F3,guarding,Light touch,30,23,0.06666666666666667,0.08695652173913043,1.3043478260869565,0.7987900872588555,0.2259652328192781,7.529137249084905,0.06666666666666667,0.08695652173913043,0.020289855072463767,0.7543859649122807,0.11977213897231546,4.751507228139058,1.0,0.32,1.0,1.0
F3,guarding,Mild touch,19,14,0.2631578947368421,0.2857142857142857,1.0857142857142856,0.9796072859910734,0.31945245426133034,3.8596200167319896,0.21052631578947367,0.21428571428571427,0.0037593984962406013,0.9539170506912442,0.19421738652795434,4.6852537554278575,1.0,0.45,1.0,1.0
F3,guarding,Pin prick,21,18,2.142857142857143,2.0,0.9333333333333333,0.813010890671937,0.6054567441241168,1.4466830521254177,0.8571428571428571,0.8333333333333334,-0.023809523809523725,1.1935483870967742,0.23429691520221305,6.080138746649004,1.0,0.4,1.0,1.0
F3,lickbite,ALL,85,69,0.8470588235294118,0.8405797101449275,0.9923510466988728,0.9350092630378997,0.7043500591926983,1.4027711762542348,0.4235294117647059,0.43478260869565216,0.011253196930946285,0.9549594303692664,0.5049375927090747,1.8060598513936004,1.0,0.21,1.0,1.0
F3,lickbite,Heat,15,14,1.5333333333333334,1.3571428571428572,0.8850931677018633,0.7962818013675224,0.48773120086928484,1.6206133271306804,0.5333333333333333,0.5,-0.033333333333333326,1.1333333333333333,0.2766473612115695,4.642894256497712,1.0,0.41,1.0,1.0
F3,lickbite,Light touch,30,23,0.4,0.391304347826087,0.9782608695652174,0.9741365028361223,0.42640702285839754,2.304568774293467,0.3333333333333333,0.34782608695652173,0.014492753623188415,0.9340028694404591,0.3049286861020321,2.8608700981025796,1.0,0.28,1.0,1.0
F3,lickbite,Mild touch,19,14,0.2631578947368421,0.2857142857142857,1.0857142857142856,0.9796072859910734,0.31945245426133034,3.8596200167319896,0.21052631578947367,0.21428571428571427,0.0037593984962406013,0.9539170506912442,0.19421738652795434,4.6852537554278575,1.0,0.45,1.0,1.0
F3,lickbite,Pin prick,21,18,1.5238095238095237,1.4444444444444444,0.9479166666666667,0.9519638279978702,0.5695294483678667,1.5889214222104213,0.6666666666666666,0.6666666666666666,0.0,1.0053333333333334,0.27552143909931837,3.6682993324043354,1.0,0.31,1.0,1.0
F3,withdrawal,ALL,85,69,1.5529411764705883,1.6666666666666667,1.0732323232323233,0.5486234881315715,0.836712710165994,1.3781469098423127,0.8,0.8260869565217391,0.02608695652173909,0.8509316770186336,0.3800364657158608,1.9053032650164563,0.8361589095281683,0.15,1.0,1.0
F3,withdrawal,Heat,15,14,2.8,2.7142857142857144,0.9693877551020409,0.8185377183189514,0.6275445739066543,1.5011547572260193,1.0,1.0,0.0,1.0689655172413792,0.019877280265861122,57.48710395826508,1.0,0.36,1.0,1.0
F3,withdrawal,Light touch,30,23,1.0666666666666667,1.2173913043478262,1.1413043478260871,0.7438938976307861,0.6916882209003835,1.8914699915457989,0.5,0.5217391304347826,0.021739130434782594,0.92,0.3167264897290662,2.672337260846185,1.0,0.34,1.0,1.0
F3,withdrawal,Mild touch,19,14,1.3157894736842106,1.4285714285714286,1.0857142857142856,0.6444170199630096,0.6100043208449324,1.9513967643046448,1.0,1.0,0.0,1.3448275862068966,0.025167061960735638,71.86223165201775,1.0,0.36,1.0,1.0
F3,withdrawal,Pin prick,21,18,1.5714285714285714,1.6111111111111112,1.0252525252525253,0.9520054071446532,0.6263308359400788,1.685171879519525,0.9047619047619048,0.9444444444444444,0.03968253968253965,0.6685714285714286,0.07987565221550115,5.5960451364589385,1.0,0.38,1.0,1.0
M1,attending,ALL,100,87,0.82,0.47126436781609193,0.5747126436781609,0.02388983048724023,0.39818089696534387,0.8395940854290427,0.52,0.45977011494252873,-0.06022988505747129,1.2695685376097747,0.7159583842177696,2.251254133226782,0.46432890600101245,0.2,1.0,0.33843926523590323
M1,attending,Heat,22,19,1.4545454545454546,0.7894736842105263,0.5427631578947368,0.00855970093622516,0.30155109855959705,1.011285823378037,0.7272727272727273,0.7368421052631579,0.009569377990430561,0.9628647214854111,0.2529096022030223,3.665770155839893,1.0,0.27,1.0,0.14551491591582771
M1,attending,Light touch,28,24,0.5,0.20833333333333334,0.4166666666666667,0.16884863453529197,0.1658312248508494,1.1809095786173724,0.35714285714285715,0.20833333333333334,-0.1488095238095238,2.0122850122850124,0.5988455165914043,6.761828983399982,0.3581899179338406,0.3,1.0,0.7400902040484765
M1,attending,Mild touch,26,24,0.6538461538461539,0.5416666666666666,0.8284313725490196,0.694531143901903,0.4108790090095137,1.6998151573393399,0.5384615384615384,0.5416666666666666,0.0032051282051281937,0.9881481481481481,0.3318083889100548,2.9427729838177865,1.0,0.34,1.0,1.0
M1,attending,Pin prick,24,20,0.7916666666666666,0.4,0.5052631578947369,0.29478820171253406,0.23372593148777465,1.1706423233141883,0.5,0.4,-0.09999999999999998,1.4705882352941178,0.45544146317081785,4.748425281108741,0.5561676916844978,0.36,1.0,0.9280369313172367
M1,escape,ALL,100,87,0.62,0.6206896551724138,1.0011123470522802,0.9616295280473381,0.6970082235874097,1.4413072211584972,0.49,0.4827586206896552,-0.007241379310344798,1.0290119931467732,0.580851195703561,1.8229551559368569,1.0,0.2,1.0,1.0
M1,escape,Heat,22,19,0.9090909090909091,0.8421052631578947,0.9263157894736842,0.7362637826110965,0.4873833388605252,1.7820818508204879,0.7727272727272727,0.7368421052631579,-0.03588516746411485,1.206896551724138,0.30617747693604713,4.757369160984568,1.0,0.4,1.0,1.0
M1,escape,Light touch,28,24,0.8928571428571429,0.9583333333333334,1.0733333333333333,0.8522816883253317,0.6138563062406271,1.8831383210316666,0.5357142857142857,0.5416666666666666,0.005952380952380931,0.9780521262002744,0.3345229362684906,2.8595526878824074,1.0,0.33,1.0,1.0
M1,escape,Mild touch,26,24,0.46153846153846156,0.4166666666666667,0.9027777777777778,0.7604841654589602,0.4005987046678579,2.0671559601936047,0.46153846153846156,0.4166666666666667,-0.04487179487179488,1.1904761904761905,0.3975270365624608,3.5651249594139807,0.782696923148047,0.34,1.0,1.0
M1,escape,Pin prick,24,20,0.20833333333333334,0.25,1.2,0.7577707517874056,0.3680255499722535,3.912771817360415,0.20833333333333334,0.25,0.04166666666666666,0.7948717948717948,0.20459922836908565,3.0880916576231576,1.0,0.39,1.0,1.0
M1,flinch,ALL,100,87,2.09,1.7701149425287357,0.8469449485783425,0.13316999687313774,0.688584109521777,1.0435023018879492,0.85,0.8160919540229885,-0.03390804597701147,1.2729528535980148,0.5946410027520096,2.725020575412806,0.5596821171168221,0.12,1.0,0.6468256990980976
M1,flinch,Heat,22,19,3.590909090909091,2.9473684210526314,0.8207861425716189,0.27451502231694347,0.5851057606117572,1.157354552028335,1.0,1.0,0.0,1.1538461538461537,0.0218505799863718,60.930233777589955,1.0,0.3,1.0,0.8992398938524395
M1,flinch,Light touch,28,24,1.3571428571428572,1.375,1.013157894736842,0.9920849794748445,0.6388685574827416,1.6130588783002606,0.75,0.75,0.0,1.0072072072072071,0.29721642187540165,3.413224450550124,1.0,0.24,1.0,1.0
M1,flinch,Mild touch,26,24,1.1923076923076923,0.75,0.6290322580645161,0.0524380479910565,0.35833374474828245,1.1296888793513244,0.7307692307692307,0.625,-0.10576923076923073,1.5935483870967742,0.496165622231803,5.118041936473287,0.5470008575622625,0.26,1.0,0.42449848373712407
M1,flinch,Pin prick,24,20,2.5416666666666665,2.35,0.9245901639344263,0.7336435885210311,0.6347083370086589,1.3533972101460376,0.9583333333333334,0.95,-0.008333333333333415,1.205128205128205,0.11591343692823017,12.529470519408092,1.0,0.33,1.0,1.0
M1,guarding,ALL,100,87,0.68,0.27586206896551724,0.4056795131845841,9.143263795246253e-05,0.2591651785765877,0.6521325401160504,0.46,0.1724137931034483,-0.28758620689655173,3.9908256880733943,2.03450086700572,7.828303212289416,3.926863871812766e-05,0.2,0.007068354969262979,0.007771774225959315
M1,guarding,Heat,22,19,0.9545454545454546,0.15789473684210525,0.16541353383458646,0.00020928811315381061,0.06090672331208121,0.5833538827708032,0.7272727272727273,0.10526315789473684,-0.6220095693779905,17.76923076923077,3.565237347314263,88.56228390180887,9.629849940221899e-05,0.27,0.008666864946199709,0.010779398677060684
M1,guarding,Light touch,28,24,0.0,0.0,,,0.023147943868432008,58.80051890774305,0.0,0.0,0.0,0.8596491228070176,0.01643652702703016,44.96063025525901,1.0,0.25,1.0,
M1,guarding,Mild touch,26,24,0.5769230769230769,0.25,0.43333333333333335,0.09533616837866392,0.1817926650667676,1.1353013990669103,0.34615384615384615,0.125,-0.22115384615384615,3.3346938775510204,0.8402224817535456,13.234808040090073,0.09958625078783277,0.3,1.0,0.5765979529896115
M1,guarding,Pin prick,24,20,1.3333333333333333,0.75,0.5625,0.040195343845379074,0.3125165930526734,1.0480598533190566,0.875,0.5,-0.375,6.142857142857143,1.4892109612982427,25.33871617803244,0.009245464719089222,0.37,0.23774052134800858,0.3796226918730246
M1,lickbite,ALL,100,87,0.4,0.2413793103448276,0.603448275862069,0.08396400382008219,0.3616815431850293,1.029442327496343,0.29,0.1839080459770115,-0.10609195402298849,1.7878787878787878,0.9004109429135803,3.5500574324469514,0.12227807988532723,0.17,1.0,0.5709552259765589
M1,lickbite,Heat,22,19,1.0,1.0,1.0,1.0,0.5472139254280959,1.8402855054397345,0.7272727272727273,0.7368421052631579,0.009569377990430561,0.9628647214854111,0.2529096022030223,3.665770155839893,1.0,0.27,1.0,1.0
M1,lickbite,Light touch,28,24,0.39285714285714285,0.0,0.0,0.005183598215576688,0.00298899281146709,0.8608213636425553,0.2857142857142857,0.0,-0.2857142857142857,20.317073170731707,1.104651123658825,373.6776737778031,0.005107483255167861,0.26,0.19863223547434072,0.1222425453689972
M1,lickbite,Mild touch,26,24,0.2692307692307692,0.08333333333333333,0.30952380952380953,0.2525721013939113,0.08629779790679687,1.5110609741019911,0.19230769230769232,0.08333333333333333,-0.10897435897435899,2.302325581395349,0.4612904076923543,11.491032534720729,0.42046605876393106,0.36,1.0,0.8945261924367691
M1,lickbite,Pin prick,24,20,0.0,0.0,,,0.023809313693244353,60.4805337336786,0.0,0.0,0.0,0.8367346938775511,0.015892506964516995,44.053776380373414,1.0,0.29,1.0,
M1,withdrawal,ALL,100,87,1.6,1.4022988505747127,0.8764367816091954,0.1192912999432308,0.6934541434193384,1.1098539990813054,0.93,0.8850574712643678,-0.0449425287356322,1.689032258064516,0.6312281173333674,4.519491274936137,0.31721294080190976,0.15,1.0,0.6142084349427097
M1,withdrawal,Heat,22,19,1.7727272727272727,1.631578947368421,0.9203778677462888,0.655436613680497,0.5781570904559187,1.474752767772151,1.0,0.9473684210526315,-0.052631578947368474,3.6486486486486487,0.14017198485279023,94.97359244264575,0.4634146341463414,0.3,1.0,1.0
M1,withdrawal,Light touch,28,24,1.1785714285714286,0.8333333333333334,0.7070707070707071,0.14870818454320014,0.41206317820098154,1.2369378511083469,0.7857142857142857,0.7083333333333334,-0.07738095238095233,1.4835164835164836,0.4370675236353175,5.035425964756523,0.5409957183534763,0.36,1.0,0.7022330936762229
M1,withdrawal,Mild touch,26,24,1.6923076923076923,1.5,0.8863636363636364,0.35322379058444675,0.5735961034511163,1.376523807386527,1.0,0.9583333333333334,-0.04166666666666663,3.382978723404255,0.13137018072669499,87.11676409135288,0.48,0.25,1.0,1.0
M1,withdrawal,Pin prick,24,20,1.8333333333333333,1.75,0.9545454545454546,0.841248588823977,0.6158792920172733,1.4880022036745544,0.9583333333333334,0.95,-0.008333333333333415,1.205128205128205,0.11591343692823017,12.529470519408092,1.0,0.33,1.0,1.0
M2,attending,ALL,83,72,1.0240963855421688,0.5972222222222222,0.5831699346405228,0.030379550601624044,0.4071366178590428,0.8448844397358931,0.5301204819277109,0.4027777777777778,-0.1273427041499331,1.661231495387256,0.881112242735916,3.1320528162195838,0.14646445253840368,0.22,1.0,0.3796226918730246
M2,attending,Heat,16,12,0.875,0.8333333333333334,0.9523809523809524,0.9397741805562343,0.4363444169627325,2.1364397186278956,0.5,0.5,0.0,1.0,0.23591653368952845,4.238787270908375,1.0,0.42,1.0,1.0
M2,attending,Light touch,23,23,0.6086956521739131,0.34782608695652173,0.5714285714285714,0.21569591507699248,0.25138326051026755,1.3669904864280653,0.43478260869565216,0.2608695652173913,-0.17391304347826086,2.094017094017094,0.6252400760105263,7.013158238375578,0.3534125126535425,0.34,1.0,0.8307933620140627
M2,attending,Mild touch,21,16,0.9523809523809523,0.4375,0.45937500000000003,0.17413887154081797,0.20804223828895535,1.1083116828327422,0.47619047619047616,0.25,-0.22619047619047616,2.536231884057971,0.6482481474718644,9.922854688900488,0.1907671854279196,0.38,1.0,0.7400902040484765
M2,attending,Pin prick,23,21,1.608695652173913,0.8571428571428571,0.5328185328185328,0.044130367837560136,0.30960384751593034,0.9429564918726944,0.6956521739130435,0.6190476190476191,-0.07660455486542439,1.385185185185185,0.41009888046626997,4.678720398053682,0.7520190034324665,0.29,1.0,0.3948506595992223
M2,escape,ALL,83,72,0.8313253012048193,0.8611111111111112,1.035829307568438,0.9019254260481202,0.7366380061618472,1.4589066210379629,0.5421686746987951,0.5416666666666666,-0.0005020080321285203,1.002301495972382,0.5341385605989868,1.8808009062328317,1.0,0.21,1.0,1.0
M2,escape,Heat,16,12,1.0,1.25,1.25,0.6852980071733803,0.6261648901562025,2.505441510497485,0.4375,0.5,0.0625,0.7894736842105263,0.18543492226257638,3.361118231971384,1.0,0.39,1.0,1.0
M2,escape,Light touch,23,23,0.391304347826087,0.391304347826087,1.0,1.0,0.40685042111717346,2.4579057759215117,0.30434782608695654,0.30434782608695654,0.0,1.0,0.29502760685980944,3.3895133090889957,1.0,0.29,1.0,1.0
M2,escape,Mild touch,21,16,1.0476190476190477,1.125,1.0738636363636362,0.7034432847841455,0.5833625114678508,1.9963584761627686,0.8571428571428571,0.875,0.017857142857142905,0.9113300492610837,0.15637928230321924,5.310949420242428,1.0,0.41,1.0,1.0
M2,escape,Pin prick,23,21,0.9565217391304348,0.9523809523809523,0.9956709956709956,1.0,0.5485040007436469,1.8154319267955632,0.5652173913043478,0.5714285714285714,0.006211180124223614,0.9771428571428571,0.3041517614880235,3.1392491649367074,1.0,0.35,1.0,1.0
M2,flinch,ALL,83,72,1.8795180722891567,1.4722222222222223,0.7832977207977209,0.21991588994489897,0.6132734065028542,1.0034773886451742,0.7108433734939759,0.6388888888888888,-0.07195448460508702,1.3840245775729647,0.7081930443949394,2.7048049207580034,0.3905071980499031,0.18,1.0,0.8307933620140627
M2,flinch,Heat,16,12,4.625,3.6666666666666665,0.7927927927927928,0.25885439716730474,0.5493785285723078,1.1545513883347402,1.0,1.0,0.0,1.32,0.024461124223067864,71.2313949314253,1.0,0.4,1.0,0.8980662758865675
M2,flinch,Light touch,23,23,0.391304347826087,0.391304347826087,1.0,1.0,0.40685042111717346,2.4579057759215117,0.21739130434782608,0.21739130434782608,0.0,1.0,0.26022733252188945,3.842793876834146,1.0,0.38,1.0,1.0
M2,flinch,Mild touch,21,16,1.380952380952381,1.125,0.8146551724137931,0.4266760363850012,0.460262467592888,1.4719480667436162,0.8095238095238095,0.75,-0.059523809523809534,1.4,0.31403198315588265,6.24140248487707,0.704842672584608,0.42,1.0,1.0
M2,flinch,Pin prick,23,21,1.9130434782608696,1.6666666666666667,0.8712121212121212,0.4581444921607253,0.5621120522379877,1.3580972493855061,0.9130434782608695,0.8095238095238095,-0.10351966873705998,2.2114285714285713,0.4163413145073019,11.746171124808807,0.40289715956193556,0.35,1.0,1.0
M2,guarding,ALL,83,72,0.5662650602409639,0.375,0.6622340425531914,0.1619322526483139,0.41727142104666193,1.0674578109112363,0.3253012048192771,0.2222222222222222,-0.10307898259705489,1.6666666666666667,0.816874765966659,3.400494045731306,0.20780160822226812,0.19,1.0,0.7400902040484765
M2,guarding,Heat,16,12,1.375,1.3333333333333333,0.9696969696969696,0.8634200673679034,0.518021687072802,1.8455779102964225,0.5,0.5833333333333334,0.08333333333333337,0.7333333333333333,0.17130347533392223,3.1393278900471007,0.7176829541885403,0.42,1.0,1.0
M2,guarding,Light touch,23,23,0.0,0.0,,,0.019841094744370288,50.400444778065484,0.0,0.0,0.0,1.0,0.019034871560833763,52.53515879022817,1.0,0.26,1.0,
M2,guarding,Mild touch,21,16,0.6666666666666666,0.125,0.1875,0.020208855238629767,0.05912195586493577,0.8661514646984643,0.47619047619047616,0.125,-0.35119047619047616,5.2956521739130435,1.0890154806718604,25.751637552267336,0.035225011047820706,0.38,0.5764092716916115,0.3123186718697328
M2,guarding,Pin prick,23,21,0.4782608695652174,0.42857142857142855,0.8961038961038961,0.7504167552979769,0.38312130788166876,2.136644680074077,0.391304347826087,0.3333333333333333,-0.05797101449275366,1.2666666666666666,0.38048700229365645,4.2168180115812435,0.7605700722796229,0.33,1.0,1.0
M2,lickbite,ALL,83,72,0.4578313253012048,0.2916666666666667,0.637061403508772,0.1713858600795326,0.37979458000929545,1.0911837504985764,0.3132530120481928,0.2222222222222222,-0.09103078982597057,1.578129117259552,0.7712702828246487,3.2290774922915517,0.21178277284666944,0.19,1.0,0.7400902040484765
M2,lickbite,Heat,16,12,0.8125,0.8333333333333334,1.0256410256410258,1.0,0.4629554121287443,2.323000850646679,0.5,0.4166666666666667,-0.08333333333333331,1.3636363636363635,0.31853952024902893,5.837593183971881,0.7176829541885403,0.42,1.0,1.0
M2,lickbite,Light touch,23,23,0.0,0.0,,,0.019841094744370288,50.400444778065484,0.0,0.0,0.0,1.0,0.019034871560833763,52.53515879022817,1.0,0.26,1.0,
M2,lickbite,Mild touch,21,16,0.38095238095238093,0.125,0.328125,0.35661496008751215,0.09423001598361203,1.5814356518131267,0.23809523809523808,0.125,-0.11309523809523808,1.9333333333333333,0.3701321070753614,10.098496472819477,0.674458830056553,0.43,1.0,1.0
M2,lickbite,Pin prick,23,21,0.7391304347826086,0.42857142857142855,0.5798319327731093,0.18632132201866147,0.2698713148228754,1.3098798784013277,0.5652173913043478,0.42857142857142855,-0.13664596273291924,1.6917293233082706,0.5265785344321735,5.434988166441666,0.5466947590669857,0.35,1.0,0.7624363571458416
M2,withdrawal,ALL,83,72,1.6626506024096386,1.4583333333333333,0.8771135265700483,0.22551182067913744,0.6816327311798781,1.1312175331715644,0.8795180722891566,0.8194444444444444,-0.06007362784471215,1.588235294117647,0.6614566452954589,3.8135399612686998,0.3665200037217299,0.11,1.0,0.8334132503359427
M2,withdrawal,Heat,16,12,2.5625,2.4166666666666665,0.9430894308943089,0.7736695510293032,0.5911828057698449,1.5195098420279392,1.0,1.0,0.0,1.32,0.024461124223067864,71.2313949314253,1.0,0.4,1.0,1.0
M2,withdrawal,Light touch,23,23,1.173913043478261,1.0,0.8518518518518517,0.4608629793066418,0.4927311887928274,1.4820412234780127,0.782608695652174,0.6956521739130435,-0.08695652173913049,1.5289256198347108,0.42298814605611357,5.52642804008235,0.7381101246104084,0.38,1.0,1.0
M2,withdrawal,Mild touch,21,16,1.3333333333333333,1.1875,0.890625,0.6512837045098061,0.5048090201353734,1.5975373491427538,0.8095238095238095,0.75,-0.059523809523809534,1.4,0.31403198315588265,6.24140248487707,0.704842672584608,0.42,1.0,1.0
M2,withdrawal,Pin prick,23,21,1.826086956521739,1.619047619047619,0.8866213151927438,0.4628851393400586,0.567378189383088,1.3931721224032858,0.9565217391304348,0.9047619047619048,-0.051759834368530044,1.9230769230769231,0.23241410324558182,15.91222219489518,0.5988372093023255,0.32,1.0,1.0
M3,attending,ALL,91,79,1.5934065934065933,0.8354430379746836,0.5243125272806635,5.9522842440968985e-05,0.39388938171174115,0.7036742073276684,0.7692307692307693,0.569620253164557,-0.19961051606621227,2.4863276258625095,1.2915757716199636,4.786265892378522,0.008259899703119222,0.16,0.23774052134800858,0.007771774225959315
M3,attending,Heat,20,16,2.05,1.25,0.6097560975609757,0.09259837594685638,0.36376724891071543,1.0481126414039623,0.75,0.6875,-0.0625,1.3478260869565217,0.33014593911611656,5.5025215986121685,0.7224750283704677,0.43,1.0,0.5765979529896115
M3,attending,Light touch,25,24,0.84,0.20833333333333334,0.24801587301587302,0.04978068155146819,0.1044500123539786,0.6798255729753275,0.4,0.16666666666666666,-0.23333333333333336,3.086021505376344,0.8525648874004068,11.170444469844272,0.11365705762345919,0.32,1.0,0.4231357931874796
M3,attending,Mild touch,24,21,1.8333333333333333,1.4285714285714286,0.7792207792207793,0.08192233567782876,0.49412239703112626,1.2417352534868,1.0,0.9523809523809523,-0.04761904761904767,3.5853658536585367,0.13846590596801844,92.83764270137151,0.4666666666666667,0.28,1.0,0.5709552259765589
M3,attending,Pin prick,22,18,1.7727272727272727,0.6111111111111112,0.34472934472934474,0.0002536329100484867,0.18451522880141275,0.686229880807656,0.9545454545454546,0.5555555555555556,-0.398989898989899,11.603174603174603,1.7596726541120549,76.51062858602721,0.005517562096509465,0.35,0.19863223547434072,0.010779398677060684
M3,escape,ALL,91,79,0.38461538461538464,0.35443037974683544,0.9215189873417721,0.8054203931854401,0.5648616614043824,1.5139778345336639,0.32967032967032966,0.31645569620253167,-0.013214633467797998,1.059939422923641,0.5589162830746752,2.010089192763055,0.8709746835454705,0.18,1.0,1.0
M3,escape,Heat,20,16,1.2,1.125,0.9375,0.6693197203665271,0.5160977282134805,1.7262328094414048,0.95,0.9375,-0.012499999999999956,1.2580645161290323,0.1188526039288724,13.316715616009235,1.0,0.38,1.0,1.0
M3,escape,Light touch,25,24,0.12,0.125,1.0416666666666667,0.9719058803018934,0.23673859063900454,4.58340755309739,0.12,0.125,0.0050000000000000044,0.9555555555555556,0.1938544042119238,4.710165979798377,1.0,0.34,1.0,1.0
M3,escape,Mild touch,24,21,0.25,0.23809523809523808,0.9523809523809523,0.939107598912641,0.3106529231709941,3.010281537939507,0.25,0.23809523809523808,-0.011904761904761918,1.054054054054054,0.28290669350689934,3.9271956951442424,1.0,0.25,1.0,1.0
M3,escape,Pin prick,22,18,0.09090909090909091,0.1111111111111111,1.222222222222222,0.8547482795064256,0.2117377922343606,7.0550804593277086,0.09090909090909091,0.1111111111111111,0.020202020202020193,0.8048780487804879,0.12416362544257457,5.2175399284575885,1.0,0.38,1.0,1.0
M3,flinch,ALL,91,79,0.7802197802197802,0.6582278481012658,0.843644143341059,0.5405916418540764,0.5923215087759077,1.207751601250128,0.3956043956043956,0.3670886075949367,-0.028515788009458864,1.1258207359902275,0.6074125137528561,2.0866747076950847,0.7528992133104053,0.2,1.0,1.0
M3,flinch,Heat,20,16,1.5,1.375,0.9166666666666666,0.6961934840254791,0.5348536509527342,1.5898290153775094,0.85,0.8125,-0.03749999999999998,1.2962962962962963,0.25071504212470086,6.702366453767479,1.0,0.42,1.0,1.0
M3,flinch,Light touch,25,24,0.52,0.4166666666666667,0.8012820512820513,0.8979921117759536,0.36168391572558145,1.8148444145677178,0.2,0.20833333333333334,0.008333333333333331,0.9512195121951219,0.25040365183340724,3.6134399548721383,1.0,0.37,1.0,1.0
M3,flinch,Mild touch,24,21,0.2916666666666667,0.23809523809523808,0.8163265306122448,0.8283929794511832,0.2788906980397788,2.5185624083372207,0.16666666666666666,0.14285714285714285,-0.023809523809523808,1.1602787456445993,0.25079589442840183,5.367897950095577,1.0,0.38,1.0,1.0
M3,flinch,Pin prick,22,18,0.9545454545454546,0.8333333333333334,0.873015873015873,0.822116989497075,0.45857545029572544,1.6930743365097396,0.45454545454545453,0.4444444444444444,-0.01010101010101011,1.0376470588235294,0.3060168089287597,3.5184714932955785,1.0,0.36,1.0,1.0
M3,guarding,ALL,91,79,1.010989010989011,0.6582278481012658,0.651073197578426,0.2737473894517155,0.4659561148438948,0.9173154916495836,0.42857142857142855,0.4050632911392405,-0.023508137432188048,1.0996336996336997,0.5987599650087848,2.0194975349635422,0.8761774194527696,0.2,1.0,0.8992398938524395
M3,guarding,Heat,20,16,1.6,1.1875,0.7421875,0.7423055881533158,0.4277928766054183,1.3148886546767609,0.45,0.5,0.04999999999999999,0.8260869565217391,0.22933024278316796,2.9757072222723733,1.0,0.37,1.0,1.0
M3,guarding,Light touch,25,24,1.12,0.4166666666666667,0.3720238095238095,0.10426781129604759,0.18913770990526155,0.7786966131452083,0.48,0.4166666666666667,-0.0633333333333333,1.2786596119929454,0.4231860761607895,3.8634787282574554,0.776130071924499,0.35,1.0,0.590850930677603
M3,guarding,Mild touch,24,21,0.9583333333333334,0.7619047619047619,0.7950310559006211,0.6883520524712401,0.42757329160095303,1.5059324398594829,0.375,0.3333333333333333,-0.041666666666666685,1.1849462365591399,0.35848535427706446,3.916750201321968,1.0,0.32,1.0,1.0
M3,guarding,Pin prick,22,18,0.4090909090909091,0.3888888888888889,0.9506172839506173,0.9107417585303816,0.3704242373402595,2.513484852217767,0.4090909090909091,0.3888888888888889,-0.02020202020202022,1.0790123456790124,0.3125506492178241,3.7250527075895405,1.0,0.34,1.0,1.0
M3,lickbite,ALL,91,79,0.6483516483516484,0.26582278481012656,0.4099978545376528,0.005752590370305751,0.25418085823865844,0.6815986925323505,0.37362637362637363,0.189873417721519,-0.18375295590485463,2.496774193548387,1.2438033571512583,5.011950914690367,0.01068262775315226,0.19,0.24035912444592583,0.1222425453689972
M3,lickbite,Heat,20,16,1.25,0.625,0.5,0.11697477589720624,0.2508622575065219,1.0560462461031324,0.55,0.25,-0.30000000000000004,3.3625730994152048,0.8474714322004074,13.341922121850306,0.09584777503721256,0.37,1.0,0.6142084349427097
M3,lickbite,Light touch,25,24,0.12,0.125,1.0416666666666667,0.9719058803018934,0.23673859063900454,4.58340755309739,0.12,0.125,0.0050000000000000044,0.9555555555555556,0.1938544042119238,4.710165979798377,1.0,0.34,1.0,1.0
M3,lickbite,Mild touch,24,21,0.5833333333333334,0.19047619047619047,0.32653061224489793,0.4430276662732021,0.12316979617350732,1.0213361273039705,0.25,0.19047619047619047,-0.059523809523809534,1.3663663663663663,0.3478405421796082,5.367278453048236,0.728883034611906,0.25,1.0,1.0
M3,lickbite,Pin prick,22,18,0.7727272727272727,0.2222222222222222,0.2875816993464052,0.007106378916030509,0.11153567927224464,0.8855956304617378,0.6363636363636364,0.2222222222222222,-0.41414141414141414,5.496732026143791,1.4181326202241804,21.30552709693579,0.012161404375942264,0.32,0.24322808751884528,0.13423160174724297
M3,withdrawal,ALL,91,79,2.076923076923077,1.6329113924050633,0.7862165963431785,0.037668399654437835,0.6295419866926729,0.984294390415089,0.9120879120879121,0.8734177215189873,-0.038670190568924734,1.4841303427845958,0.5690033820363339,3.8710540989952698,0.4607244636446327,0.09,1.0,0.3796226918730246
M3,withdrawal,Heat,20,16,2.9,2.0,0.6896551724137931,0.09479726345459351,0.4522837815720545,1.0662621700551167,1.0,0.9375,-0.0625,3.967741935483871,0.15110892562376843,104.18296603996917,0.4444444444444444,0.33,1.0,0.5765979529896115
M3,withdrawal,Light touch,25,24,1.6,1.4166666666666667,0.8854166666666666,0.5956996173131603,0.563482662874863,1.3973497428380344,0.84,0.7916666666666666,-0.04833333333333334,1.3475783475783476,0.3361628011950516,5.402047449647208,0.7252024474722729,0.36,1.0,1.0
M3,withdrawal,Mild touch,24,21,2.25,1.7142857142857142,0.7619047619047619,0.06054785345704694,0.5033006956420747,1.163989566901967,1.0,0.9523809523809523,-0.04761904761904767,3.5853658536585367,0.13846590596801844,92.83764270137151,0.4666666666666667,0.28,1.0,0.4678697767135445
M3,withdrawal,Pin prick,22,18,1.6818181818181819,1.5,0.8918918918918919,0.7883332812132235,0.5479569082101531,1.4660770559103116,0.8181818181818182,0.8333333333333334,0.015151515151515138,0.9283154121863799,0.1967608272163571,4.379781873732274,1.0,0.4,1.0,1.0
