day,mouse,sex,stimulus,behaviour,window_s,isolated,clearance_s,responded
Day1 no drug,F1,F,Mild touch,withdrawal,3.0,0,5.5,0
Day1 no drug,F1,F,Mild touch,flinch,3.0,0,5.5,0
Day1 no drug,F1,F,Mild touch,withdrawal,3.0,0,10.97,0
Day1 no drug,F1,F,Mild touch,flinch,3.0,0,10.97,0
Day1 no drug,F1,F,Mild touch,attending,10.0,1,10.97,0
Day1 no drug,F1,F,Mild touch,lickbite,10.0,1,10.97,0
Day1 no drug,F1,F,Mild touch,guarding,10.0,1,10.97,0
Day1 no drug,F1,F,Mild touch,escape,10.0,1,10.97,1
Day1 no drug,F1,F,Mild touch,withdrawal,3.0,0,20.97,1
Day1 no drug,F1,F,Mild touch,flinch,3.0,0,20.97,1
Day1 no drug,F1,F,Mild touch,attending,10.0,1,20.97,0
Day1 no drug,F1,F,Mild touch,lickbite,10.0,1,20.97,0
Day1 no drug,F1,F,Mild touch,guarding,10.0,1,20.97,0
Day1 no drug,F1,F,Mild touch,escape,10.0,1,20.97,1
Day1 no drug,F1,F,Mild touch,withdrawal,3.0,0,12.9,0
Day1 no drug,F1,F,Mild touch,flinch,3.0,0,12.9,0
Day1 no drug,F1,F,Mild touch,attending,10.0,1,12.9,0
Day1 no drug,F1,F,Mild touch,lickbite,10.0,1,12.9,0
Day1 no drug,F1,F,Mild touch,guarding,10.0,1,12.9,0
Day1 no drug,F1,F,Mild touch,escape,10.0,1,12.9,0
Day1 no drug,F1,F,Mild touch,withdrawal,3.0,0,0.9,0
Day1 no drug,F1,F,Mild touch,flinch,3.0,0,0.9,1
Day1 no drug,F1,F,Mild touch,withdrawal,3.0,0,17.8,0
Day1 no drug,F1,F,Mild touch,flinch,3.0,0,17.8,0
Day1 no drug,F1,F,Mild touch,attending,10.0,1,17.8,0
Day1 no drug,F1,F,Mild touch,lickbite,10.0,1,17.8,0
Day1 no drug,F1,F,Mild touch,guarding,10.0,1,17.8,0
Day1 no drug,F1,F,Mild touch,escape,10.0,1,17.8,1
Day1 no drug,F1,F,Mild touch,withdrawal,3.0,0,2.73,1
Day1 no drug,F1,F,Mild touch,flinch,3.0,0,2.73,1
Day1 no drug,F1,F,Mild touch,withdrawal,3.0,0,33.9,0
Day1 no drug,F1,F,Mild touch,flinch,3.0,0,33.9,0
Day1 no drug,F1,F,Mild touch,attending,10.0,1,33.9,0
Day1 no drug,F1,F,Mild touch,lickbite,10.0,1,33.9,0
Day1 no drug,F1,F,Mild touch,guarding,10.0,1,33.9,0
Day1 no drug,F1,F,Mild touch,escape,10.0,1,33.9,0
Day1 no drug,F1,F,Mild touch,withdrawal,3.0,0,2.07,1
Day1 no drug,F1,F,Mild touch,flinch,3.0,0,2.07,0
Day1 no drug,F1,F,Mild touch,withdrawal,3.0,0,2.53,0
Day1 no drug,F1,F,Mild touch,flinch,3.0,0,2.53,0
Day1 no drug,F1,F,Mild touch,withdrawal,3.0,0,1.87,1
Day1 no drug,F1,F,Mild touch,flinch,3.0,0,1.87,1
Day1 no drug,F1,F,Mild touch,withdrawal,3.0,0,3.23,1
Day1 no drug,F1,F,Mild touch,flinch,3.0,0,3.23,1
Day1 no drug,F1,F,Mild touch,withdrawal,3.0,0,2.43,1
Day1 no drug,F1,F,Mild touch,flinch,3.0,0,2.43,1
Day1 no drug,F1,F,Mild touch,withdrawal,3.0,0,5.83,1
Day1 no drug,F1,F,Mild touch,flinch,3.0,0,5.83,1
Day1 no drug,F1,F,Mild touch,withdrawal,3.0,0,3.07,1
Day1 no drug,F1,F,Mild touch,flinch,3.0,0,3.07,1
Day1 no drug,F1,F,Mild touch,withdrawal,3.0,0,7.57,1
Day1 no drug,F1,F,Mild touch,flinch,3.0,0,7.57,1
Day1 no drug,F1,F,Mild touch,withdrawal,3.0,0,4.67,0
Day1 no drug,F1,F,Mild touch,flinch,3.0,0,4.67,0
Day1 no drug,F1,F,Mild touch,withdrawal,3.0,0,5.33,0
Day1 no drug,F1,F,Mild touch,flinch,3.0,0,5.33,0
Day1 no drug,F1,F,Mild touch,withdrawal,3.0,0,2.4,1
Day1 no drug,F1,F,Mild touch,flinch,3.0,0,2.4,1
Day1 no drug,F1,F,Mild touch,withdrawal,3.0,0,4.43,0
Day1 no drug,F1,F,Mild touch,flinch,3.0,0,4.43,0
Day1 no drug,F1,F,Mild touch,withdrawal,3.0,0,82.1,0
Day1 no drug,F1,F,Mild touch,flinch,3.0,0,82.1,0
Day1 no drug,F1,F,Mild touch,attending,10.0,1,82.1,0
Day1 no drug,F1,F,Mild touch,lickbite,10.0,1,82.1,0
Day1 no drug,F1,F,Mild touch,guarding,10.0,1,82.1,0
Day1 no drug,F1,F,Mild touch,escape,10.0,1,82.1,0
Day1 no drug,F1,F,Mild touch,withdrawal,3.0,0,4.43,0
Day1 no drug,F1,F,Mild touch,flinch,3.0,0,4.43,0
Day1 no drug,F1,F,Mild touch,withdrawal,3.0,0,2.53,1
Day1 no drug,F1,F,Mild touch,flinch,3.0,0,2.53,1
Day1 no drug,F1,F,Mild touch,withdrawal,3.0,0,3.93,0
Day1 no drug,F1,F,Mild touch,flinch,3.0,0,3.93,0
Day1 no drug,F1,F,Mild touch,withdrawal,3.0,0,2.63,1
Day1 no drug,F1,F,Mild touch,flinch,3.0,0,2.63,1
Day1 no drug,F1,F,Mild touch,withdrawal,3.0,0,74.03,0
Day1 no drug,F1,F,Mild touch,flinch,3.0,0,74.03,0
Day1 no drug,F1,F,Mild touch,attending,10.0,1,74.03,0
Day1 no drug,F1,F,Mild touch,lickbite,10.0,1,74.03,0
Day1 no drug,F1,F,Mild touch,guarding,10.0,1,74.03,0
Day1 no drug,F1,F,Mild touch,escape,10.0,1,74.03,0
Day1 no drug,F1,F,Pin prick,withdrawal,3.0,0,24.23,0
Day1 no drug,F1,F,Pin prick,flinch,3.0,0,24.23,0
Day1 no drug,F1,F,Pin prick,attending,10.0,1,24.23,0
Day1 no drug,F1,F,Pin prick,lickbite,10.0,1,24.23,0
Day1 no drug,F1,F,Pin prick,guarding,10.0,1,24.23,0
Day1 no drug,F1,F,Pin prick,escape,10.0,1,24.23,0
Day1 no drug,F1,F,Pin prick,withdrawal,3.0,0,3.87,1
Day1 no drug,F1,F,Pin prick,flinch,3.0,0,3.87,1
Day1 no drug,F1,F,Pin prick,withdrawal,3.0,0,2.23,1
Day1 no drug,F1,F,Pin prick,flinch,3.0,0,2.23,1
Day1 no drug,F1,F,Pin prick,withdrawal,3.0,0,56.6,0
Day1 no drug,F1,F,Pin prick,flinch,3.0,0,56.6,0
Day1 no drug,F1,F,Pin prick,attending,10.0,1,56.6,0
Day1 no drug,F1,F,Pin prick,lickbite,10.0,1,56.6,0
Day1 no drug,F1,F,Pin prick,guarding,10.0,1,56.6,0
Day1 no drug,F1,F,Pin prick,escape,10.0,1,56.6,1
Day1 no drug,F1,F,Pin prick,withdrawal,3.0,0,2.87,0
Day1 no drug,F1,F,Pin prick,flinch,3.0,0,2.87,0
Day1 no drug,F1,F,Pin prick,withdrawal,3.0,0,4.97,1
Day1 no drug,F1,F,Pin prick,flinch,3.0,0,4.97,0
Day1 no drug,F1,F,Pin prick,withdrawal,3.0,0,50.23,0
Day1 no drug,F1,F,Pin prick,flinch,3.0,0,50.23,0
Day1 no drug,F1,F,Pin prick,attending,10.0,1,50.23,0
Day1 no drug,F1,F,Pin prick,lickbite,10.0,1,50.23,0
Day1 no drug,F1,F,Pin prick,guarding,10.0,1,50.23,0
Day1 no drug,F1,F,Pin prick,escape,10.0,1,50.23,1
Day1 no drug,F1,F,Pin prick,withdrawal,3.0,0,3.83,1
Day1 no drug,F1,F,Pin prick,flinch,3.0,0,3.83,0
Day1 no drug,F1,F,Pin prick,withdrawal,3.0,0,7.9,0
Day1 no drug,F1,F,Pin prick,flinch,3.0,0,7.9,0
Day1 no drug,F1,F,Pin prick,withdrawal,3.0,0,19.17,0
Day1 no drug,F1,F,Pin prick,flinch,3.0,0,19.17,0
Day1 no drug,F1,F,Pin prick,attending,10.0,1,19.17,0
Day1 no drug,F1,F,Pin prick,lickbite,10.0,1,19.17,0
Day1 no drug,F1,F,Pin prick,guarding,10.0,1,19.17,0
Day1 no drug,F1,F,Pin prick,escape,10.0,1,19.17,1
Day1 no drug,F1,F,Pin prick,withdrawal,3.0,0,4.73,0
Day1 no drug,F1,F,Pin prick,flinch,3.0,0,4.73,0
Day1 no drug,F1,F,Pin prick,withdrawal,3.0,0,15.57,1
Day1 no drug,F1,F,Pin prick,flinch,3.0,0,15.57,0
Day1 no drug,F1,F,Pin prick,attending,10.0,1,15.57,1
Day1 no drug,F1,F,Pin prick,lickbite,10.0,1,15.57,0
Day1 no drug,F1,F,Pin prick,guarding,10.0,1,15.57,0
Day1 no drug,F1,F,Pin prick,escape,10.0,1,15.57,1
Day1 no drug,F1,F,Pin prick,withdrawal,3.0,0,30.27,1
Day1 no drug,F1,F,Pin prick,flinch,3.0,0,30.27,0
Day1 no drug,F1,F,Pin prick,attending,10.0,1,30.27,1
Day1 no drug,F1,F,Pin prick,lickbite,10.0,1,30.27,1
Day1 no drug,F1,F,Pin prick,guarding,10.0,1,30.27,0
Day1 no drug,F1,F,Pin prick,escape,10.0,1,30.27,0
Day1 no drug,F1,F,Pin prick,withdrawal,3.0,0,5.03,1
Day1 no drug,F1,F,Pin prick,flinch,3.0,0,5.03,1
Day1 no drug,F1,F,Pin prick,withdrawal,3.0,0,67.03,0
Day1 no drug,F1,F,Pin prick,flinch,3.0,0,67.03,0
Day1 no drug,F1,F,Pin prick,attending,10.0,1,67.03,1
Day1 no drug,F1,F,Pin prick,lickbite,10.0,1,67.03,1
Day1 no drug,F1,F,Pin prick,guarding,10.0,1,67.03,0
Day1 no drug,F1,F,Pin prick,escape,10.0,1,67.03,0
Day1 no drug,F1,F,Pin prick,withdrawal,3.0,0,91.4,0
Day1 no drug,F1,F,Pin prick,flinch,3.0,0,91.4,0
Day1 no drug,F1,F,Pin prick,attending,10.0,1,91.4,0
Day1 no drug,F1,F,Pin prick,lickbite,10.0,1,91.4,0
Day1 no drug,F1,F,Pin prick,guarding,10.0,1,91.4,0
Day1 no drug,F1,F,Pin prick,escape,10.0,1,91.4,0
Day1 no drug,F1,F,Light touch,withdrawal,3.0,0,7.1,0
Day1 no drug,F1,F,Light touch,flinch,3.0,0,7.1,0
Day1 no drug,F1,F,Light touch,withdrawal,3.0,0,1.6,0
Day1 no drug,F1,F,Light touch,flinch,3.0,0,1.6,0
Day1 no drug,F1,F,Light touch,withdrawal,3.0,0,6.73,0
Day1 no drug,F1,F,Light touch,flinch,3.0,0,6.73,0
Day1 no drug,F1,F,Light touch,withdrawal,3.0,0,5.8,1
Day1 no drug,F1,F,Light touch,flinch,3.0,0,5.8,1
Day1 no drug,F1,F,Light touch,withdrawal,3.0,0,58.17,0
Day1 no drug,F1,F,Light touch,flinch,3.0,0,58.17,0
Day1 no drug,F1,F,Light touch,attending,10.0,1,58.17,0
Day1 no drug,F1,F,Light touch,lickbite,10.0,1,58.17,0
Day1 no drug,F1,F,Light touch,guarding,10.0,1,58.17,0
Day1 no drug,F1,F,Light touch,escape,10.0,1,58.17,1
Day1 no drug,F1,F,Light touch,withdrawal,3.0,0,8.83,0
Day1 no drug,F1,F,Light touch,flinch,3.0,0,8.83,0
Day1 no drug,F1,F,Light touch,withdrawal,3.0,0,1.67,0
Day1 no drug,F1,F,Light touch,flinch,3.0,0,1.67,0
Day1 no drug,F1,F,Light touch,withdrawal,3.0,0,10.37,1
Day1 no drug,F1,F,Light touch,flinch,3.0,0,10.37,1
Day1 no drug,F1,F,Light touch,attending,10.0,1,10.37,0
Day1 no drug,F1,F,Light touch,lickbite,10.0,1,10.37,0
Day1 no drug,F1,F,Light touch,guarding,10.0,1,10.37,0
Day1 no drug,F1,F,Light touch,escape,10.0,1,10.37,0
Day1 no drug,F1,F,Light touch,withdrawal,3.0,0,5.97,1
Day1 no drug,F1,F,Light touch,flinch,3.0,0,5.97,0
Day1 no drug,F1,F,Light touch,withdrawal,3.0,0,46.2,1
Day1 no drug,F1,F,Light touch,flinch,3.0,0,46.2,1
Day1 no drug,F1,F,Light touch,attending,10.0,1,46.2,0
Day1 no drug,F1,F,Light touch,lickbite,10.0,1,46.2,0
Day1 no drug,F1,F,Light touch,guarding,10.0,1,46.2,0
Day1 no drug,F1,F,Light touch,escape,10.0,1,46.2,0
Day1 no drug,F1,F,Light touch,withdrawal,3.0,0,5.97,1
Day1 no drug,F1,F,Light touch,flinch,3.0,0,5.97,0
Day1 no drug,F1,F,Light touch,withdrawal,3.0,0,4.77,0
Day1 no drug,F1,F,Light touch,flinch,3.0,0,4.77,0
Day1 no drug,F1,F,Light touch,withdrawal,3.0,0,15.47,0
Day1 no drug,F1,F,Light touch,flinch,3.0,0,15.47,0
Day1 no drug,F1,F,Light touch,attending,10.0,1,15.47,0
Day1 no drug,F1,F,Light touch,lickbite,10.0,1,15.47,0
Day1 no drug,F1,F,Light touch,guarding,10.0,1,15.47,0
Day1 no drug,F1,F,Light touch,escape,10.0,1,15.47,0
Day1 no drug,F1,F,Light touch,withdrawal,3.0,0,2.93,0
Day1 no drug,F1,F,Light touch,flinch,3.0,0,2.93,0
Day1 no drug,F1,F,Light touch,withdrawal,3.0,0,70.97,1
Day1 no drug,F1,F,Light touch,flinch,3.0,0,70.97,1
Day1 no drug,F1,F,Light touch,attending,10.0,1,70.97,0
Day1 no drug,F1,F,Light touch,lickbite,10.0,1,70.97,0
Day1 no drug,F1,F,Light touch,guarding,10.0,1,70.97,0
Day1 no drug,F1,F,Light touch,escape,10.0,1,70.97,0
Day1 no drug,F1,F,Light touch,withdrawal,3.0,0,4.77,0
Day1 no drug,F1,F,Light touch,flinch,3.0,0,4.77,0
Day1 no drug,F1,F,Light touch,withdrawal,3.0,0,2.63,0
Day1 no drug,F1,F,Light touch,flinch,3.0,0,2.63,0
Day1 no drug,F1,F,Light touch,withdrawal,3.0,0,2.53,0
Day1 no drug,F1,F,Light touch,flinch,3.0,0,2.53,0
Day1 no drug,F1,F,Light touch,withdrawal,3.0,0,4.63,1
Day1 no drug,F1,F,Light touch,flinch,3.0,0,4.63,1
Day1 no drug,F1,F,Light touch,withdrawal,3.0,0,5.8,0
Day1 no drug,F1,F,Light touch,flinch,3.0,0,5.8,0
Day1 no drug,F1,F,Light touch,withdrawal,3.0,0,3.57,0
Day1 no drug,F1,F,Light touch,flinch,3.0,0,3.57,0
Day1 no drug,F1,F,Light touch,withdrawal,3.0,0,82.53,0
Day1 no drug,F1,F,Light touch,flinch,3.0,0,82.53,0
Day1 no drug,F1,F,Light touch,attending,10.0,1,82.53,0
Day1 no drug,F1,F,Light touch,lickbite,10.0,1,82.53,0
Day1 no drug,F1,F,Light touch,guarding,10.0,1,82.53,0
Day1 no drug,F1,F,Light touch,escape,10.0,1,82.53,0
Day1 no drug,F1,F,Heat,withdrawal,3.0,0,3.87,1
Day1 no drug,F1,F,Heat,flinch,3.0,0,3.87,1
Day1 no drug,F1,F,Heat,withdrawal,3.0,0,1.93,1
Day1 no drug,F1,F,Heat,flinch,3.0,0,1.93,1
Day1 no drug,F1,F,Heat,withdrawal,3.0,0,3.63,1
Day1 no drug,F1,F,Heat,flinch,3.0,0,3.63,1
Day1 no drug,F1,F,Heat,withdrawal,3.0,0,76.77,1
Day1 no drug,F1,F,Heat,flinch,3.0,0,76.77,1
Day1 no drug,F1,F,Heat,attending,10.0,1,76.77,0
Day1 no drug,F1,F,Heat,lickbite,10.0,1,76.77,1
Day1 no drug,F1,F,Heat,guarding,10.0,1,76.77,1
Day1 no drug,F1,F,Heat,escape,10.0,1,76.77,0
Day1 no drug,F1,F,Heat,withdrawal,3.0,0,1.63,1
Day1 no drug,F1,F,Heat,flinch,3.0,0,1.63,1
Day1 no drug,F1,F,Heat,withdrawal,3.0,0,3.47,1
Day1 no drug,F1,F,Heat,flinch,3.0,0,3.47,0
Day1 no drug,F1,F,Heat,withdrawal,3.0,0,18.53,0
Day1 no drug,F1,F,Heat,flinch,3.0,0,18.53,0
Day1 no drug,F1,F,Heat,attending,10.0,1,18.53,0
Day1 no drug,F1,F,Heat,lickbite,10.0,1,18.53,1
Day1 no drug,F1,F,Heat,guarding,10.0,1,18.53,0
Day1 no drug,F1,F,Heat,escape,10.0,1,18.53,0
Day1 no drug,F1,F,Heat,withdrawal,3.0,0,1.97,0
Day1 no drug,F1,F,Heat,flinch,3.0,0,1.97,0
Day1 no drug,F1,F,Heat,withdrawal,3.0,0,1.97,1
Day1 no drug,F1,F,Heat,flinch,3.0,0,1.97,1
Day1 no drug,F1,F,Heat,withdrawal,3.0,0,32.7,1
Day1 no drug,F1,F,Heat,flinch,3.0,0,32.7,1
Day1 no drug,F1,F,Heat,attending,10.0,1,32.7,0
Day1 no drug,F1,F,Heat,lickbite,10.0,1,32.7,0
Day1 no drug,F1,F,Heat,guarding,10.0,1,32.7,0
Day1 no drug,F1,F,Heat,escape,10.0,1,32.7,1
Day1 no drug,F1,F,Heat,withdrawal,3.0,0,5.1,0
Day1 no drug,F1,F,Heat,flinch,3.0,0,5.1,0
Day1 no drug,F1,F,Heat,withdrawal,3.0,0,3.73,1
Day1 no drug,F1,F,Heat,flinch,3.0,0,3.73,1
Day1 no drug,F1,F,Heat,withdrawal,3.0,0,64.1,1
Day1 no drug,F1,F,Heat,flinch,3.0,0,64.1,1
Day1 no drug,F1,F,Heat,attending,10.0,1,64.1,0
Day1 no drug,F1,F,Heat,lickbite,10.0,1,64.1,1
Day1 no drug,F1,F,Heat,guarding,10.0,1,64.1,0
Day1 no drug,F1,F,Heat,escape,10.0,1,64.1,1
Day1 no drug,F1,F,Heat,withdrawal,3.0,0,3.3,0
Day1 no drug,F1,F,Heat,flinch,3.0,0,3.3,0
Day1 no drug,F1,F,Heat,withdrawal,3.0,0,1.63,1
Day1 no drug,F1,F,Heat,flinch,3.0,0,1.63,1
Day1 no drug,F1,F,Heat,withdrawal,3.0,0,2.0,1
Day1 no drug,F1,F,Heat,flinch,3.0,0,2.0,1
Day1 no drug,F1,F,Heat,withdrawal,3.0,0,3.13,1
Day1 no drug,F1,F,Heat,flinch,3.0,0,3.13,1
Day1 no drug,F1,F,Heat,withdrawal,3.0,0,17.33,0
Day1 no drug,F1,F,Heat,flinch,3.0,0,17.33,0
Day1 no drug,F1,F,Heat,attending,10.0,1,17.33,0
Day1 no drug,F1,F,Heat,lickbite,10.0,1,17.33,1
Day1 no drug,F1,F,Heat,guarding,10.0,1,17.33,0
Day1 no drug,F1,F,Heat,escape,10.0,1,17.33,1
Day1 no drug,F1,F,Heat,withdrawal,3.0,0,1.6,1
Day1 no drug,F1,F,Heat,flinch,3.0,0,1.6,1
Day1 no drug,F1,F,Heat,withdrawal,3.0,0,1.97,1
Day1 no drug,F1,F,Heat,flinch,3.0,0,1.97,1
Day1 no drug,F1,F,Heat,withdrawal,3.0,0,1.73,1
Day1 no drug,F1,F,Heat,flinch,3.0,0,1.73,1
Day1 no drug,F1,F,Heat,withdrawal,3.0,0,5.17,1
Day1 no drug,F1,F,Heat,flinch,3.0,0,5.17,1
Day1 no drug,F1,F,Heat,withdrawal,3.0,0,999.0,0
Day1 no drug,F1,F,Heat,flinch,3.0,0,999.0,0
Day1 no drug,F1,F,Heat,attending,10.0,1,999.0,0
Day1 no drug,F1,F,Heat,lickbite,10.0,1,999.0,1
Day1 no drug,F1,F,Heat,guarding,10.0,1,999.0,0
Day1 no drug,F1,F,Heat,escape,10.0,1,999.0,1
Day1 no drug,F2,F,Heat,withdrawal,3.0,0,3.4,0
Day1 no drug,F2,F,Heat,flinch,3.0,0,3.4,0
Day1 no drug,F2,F,Heat,withdrawal,3.0,0,0.03,1
Day1 no drug,F2,F,Heat,flinch,3.0,0,0.03,0
Day1 no drug,F2,F,Heat,withdrawal,3.0,0,5.2,1
Day1 no drug,F2,F,Heat,flinch,3.0,0,5.2,0
Day1 no drug,F2,F,Heat,withdrawal,3.0,0,72.17,0
Day1 no drug,F2,F,Heat,flinch,3.0,0,72.17,0
Day1 no drug,F2,F,Heat,attending,10.0,1,72.17,0
Day1 no drug,F2,F,Heat,lickbite,10.0,1,72.17,0
Day1 no drug,F2,F,Heat,guarding,10.0,1,72.17,0
Day1 no drug,F2,F,Heat,escape,10.0,1,72.17,1
Day1 no drug,F2,F,Heat,withdrawal,3.0,0,3.33,1
Day1 no drug,F2,F,Heat,flinch,3.0,0,3.33,1
Day1 no drug,F2,F,Heat,withdrawal,3.0,0,0.8,1
Day1 no drug,F2,F,Heat,flinch,3.0,0,0.8,0
Day1 no drug,F2,F,Heat,withdrawal,3.0,0,0.03,0
Day1 no drug,F2,F,Heat,flinch,3.0,0,0.03,0
Day1 no drug,F2,F,Heat,withdrawal,3.0,0,37.87,0
Day1 no drug,F2,F,Heat,flinch,3.0,0,37.87,0
Day1 no drug,F2,F,Heat,attending,10.0,1,37.87,1
Day1 no drug,F2,F,Heat,lickbite,10.0,1,37.87,1
Day1 no drug,F2,F,Heat,guarding,10.0,1,37.87,1
Day1 no drug,F2,F,Heat,escape,10.0,1,37.87,1
Day1 no drug,F2,F,Heat,withdrawal,3.0,0,0.13,1
Day1 no drug,F2,F,Heat,flinch,3.0,0,0.13,1
Day1 no drug,F2,F,Heat,withdrawal,3.0,0,3.03,1
Day1 no drug,F2,F,Heat,flinch,3.0,0,3.03,1
Day1 no drug,F2,F,Heat,withdrawal,3.0,0,69.7,0
Day1 no drug,F2,F,Heat,flinch,3.0,0,69.7,0
Day1 no drug,F2,F,Heat,attending,10.0,1,69.7,0
Day1 no drug,F2,F,Heat,lickbite,10.0,1,69.7,1
Day1 no drug,F2,F,Heat,guarding,10.0,1,69.7,1
Day1 no drug,F2,F,Heat,escape,10.0,1,69.7,1
Day1 no drug,F2,F,Heat,withdrawal,3.0,0,0.1,1
Day1 no drug,F2,F,Heat,flinch,3.0,0,0.1,1
Day1 no drug,F2,F,Heat,withdrawal,3.0,0,0.03,1
Day1 no drug,F2,F,Heat,flinch,3.0,0,0.03,1
Day1 no drug,F2,F,Heat,withdrawal,3.0,0,1.87,1
Day1 no drug,F2,F,Heat,flinch,3.0,0,1.87,1
Day1 no drug,F2,F,Heat,withdrawal,3.0,0,0.23,0
Day1 no drug,F2,F,Heat,flinch,3.0,0,0.23,1
Day1 no drug,F2,F,Heat,withdrawal,3.0,0,75.37,0
Day1 no drug,F2,F,Heat,flinch,3.0,0,75.37,1
Day1 no drug,F2,F,Heat,attending,10.0,1,75.37,1
Day1 no drug,F2,F,Heat,lickbite,10.0,1,75.37,1
Day1 no drug,F2,F,Heat,guarding,10.0,1,75.37,0
Day1 no drug,F2,F,Heat,escape,10.0,1,75.37,1
Day1 no drug,F2,F,Heat,withdrawal,3.0,0,0.17,1
Day1 no drug,F2,F,Heat,flinch,3.0,0,0.17,1
Day1 no drug,F2,F,Heat,withdrawal,3.0,0,2.37,1
Day1 no drug,F2,F,Heat,flinch,3.0,0,2.37,1
Day1 no drug,F2,F,Heat,withdrawal,3.0,0,1.37,0
Day1 no drug,F2,F,Heat,flinch,3.0,0,1.37,1
Day1 no drug,F2,F,Heat,withdrawal,3.0,0,90.23,0
Day1 no drug,F2,F,Heat,flinch,3.0,0,90.23,0
Day1 no drug,F2,F,Heat,attending,10.0,1,90.23,1
Day1 no drug,F2,F,Heat,lickbite,10.0,1,90.23,1
Day1 no drug,F2,F,Heat,guarding,10.0,1,90.23,1
Day1 no drug,F2,F,Heat,escape,10.0,1,90.23,1
Day1 no drug,F2,F,Mild touch,withdrawal,3.0,0,6.7,0
Day1 no drug,F2,F,Mild touch,flinch,3.0,0,6.7,0
Day1 no drug,F2,F,Mild touch,withdrawal,3.0,0,7.6,1
Day1 no drug,F2,F,Mild touch,flinch,3.0,0,7.6,0
Day1 no drug,F2,F,Mild touch,withdrawal,3.0,0,44.67,1
Day1 no drug,F2,F,Mild touch,flinch,3.0,0,44.67,0
Day1 no drug,F2,F,Mild touch,attending,10.0,1,44.67,1
Day1 no drug,F2,F,Mild touch,lickbite,10.0,1,44.67,0
Day1 no drug,F2,F,Mild touch,guarding,10.0,1,44.67,0
Day1 no drug,F2,F,Mild touch,escape,10.0,1,44.67,1
Day1 no drug,F2,F,Mild touch,withdrawal,3.0,0,7.3,1
Day1 no drug,F2,F,Mild touch,flinch,3.0,0,7.3,0
Day1 no drug,F2,F,Mild touch,withdrawal,3.0,0,3.13,1
Day1 no drug,F2,F,Mild touch,flinch,3.0,0,3.13,0
Day1 no drug,F2,F,Mild touch,withdrawal,3.0,0,0.17,0
Day1 no drug,F2,F,Mild touch,flinch,3.0,0,0.17,0
Day1 no drug,F2,F,Mild touch,withdrawal,3.0,0,70.03,0
Day1 no drug,F2,F,Mild touch,flinch,3.0,0,70.03,0
Day1 no drug,F2,F,Mild touch,attending,10.0,1,70.03,0
Day1 no drug,F2,F,Mild touch,lickbite,10.0,1,70.03,0
Day1 no drug,F2,F,Mild touch,guarding,10.0,1,70.03,0
Day1 no drug,F2,F,Mild touch,escape,10.0,1,70.03,1
Day1 no drug,F2,F,Mild touch,withdrawal,3.0,0,3.2,1
Day1 no drug,F2,F,Mild touch,flinch,3.0,0,3.2,0
Day1 no drug,F2,F,Mild touch,withdrawal,3.0,0,59.13,1
Day1 no drug,F2,F,Mild touch,flinch,3.0,0,59.13,0
Day1 no drug,F2,F,Mild touch,attending,10.0,1,59.13,1
Day1 no drug,F2,F,Mild touch,lickbite,10.0,1,59.13,1
Day1 no drug,F2,F,Mild touch,guarding,10.0,1,59.13,0
Day1 no drug,F2,F,Mild touch,escape,10.0,1,59.13,1
Day1 no drug,F2,F,Mild touch,withdrawal,3.0,0,3.77,0
Day1 no drug,F2,F,Mild touch,flinch,3.0,0,3.77,0
Day1 no drug,F2,F,Mild touch,withdrawal,3.0,0,1.73,1
Day1 no drug,F2,F,Mild touch,flinch,3.0,0,1.73,0
Day1 no drug,F2,F,Mild touch,withdrawal,3.0,0,2.67,1
Day1 no drug,F2,F,Mild touch,flinch,3.0,0,2.67,0
Day1 no drug,F2,F,Mild touch,withdrawal,3.0,0,7.5,1
Day1 no drug,F2,F,Mild touch,flinch,3.0,0,7.5,1
Day1 no drug,F2,F,Mild touch,withdrawal,3.0,0,3.97,1
Day1 no drug,F2,F,Mild touch,flinch,3.0,0,3.97,0
Day1 no drug,F2,F,Mild touch,withdrawal,3.0,0,31.73,1
Day1 no drug,F2,F,Mild touch,flinch,3.0,0,31.73,0
Day1 no drug,F2,F,Mild touch,attending,10.0,1,31.73,0
Day1 no drug,F2,F,Mild touch,lickbite,10.0,1,31.73,0
Day1 no drug,F2,F,Mild touch,guarding,10.0,1,31.73,0
Day1 no drug,F2,F,Mild touch,escape,10.0,1,31.73,1
Day1 no drug,F2,F,Mild touch,withdrawal,3.0,0,4.33,1
Day1 no drug,F2,F,Mild touch,flinch,3.0,0,4.33,0
Day1 no drug,F2,F,Mild touch,withdrawal,3.0,0,2.9,0
Day1 no drug,F2,F,Mild touch,flinch,3.0,0,2.9,0
Day1 no drug,F2,F,Mild touch,withdrawal,3.0,0,5.8,1
Day1 no drug,F2,F,Mild touch,flinch,3.0,0,5.8,0
Day1 no drug,F2,F,Mild touch,withdrawal,3.0,0,3.3,1
Day1 no drug,F2,F,Mild touch,flinch,3.0,0,3.3,0
Day1 no drug,F2,F,Mild touch,withdrawal,3.0,0,95.63,1
Day1 no drug,F2,F,Mild touch,flinch,3.0,0,95.63,0
Day1 no drug,F2,F,Mild touch,attending,10.0,1,95.63,0
Day1 no drug,F2,F,Mild touch,lickbite,10.0,1,95.63,1
Day1 no drug,F2,F,Mild touch,guarding,10.0,1,95.63,0
Day1 no drug,F2,F,Mild touch,escape,10.0,1,95.63,0
Day1 no drug,F2,F,Pin prick,withdrawal,3.0,0,2.2,1
Day1 no drug,F2,F,Pin prick,flinch,3.0,0,2.2,0
Day1 no drug,F2,F,Pin prick,withdrawal,3.0,0,85.0,1
Day1 no drug,F2,F,Pin prick,flinch,3.0,0,85.0,0
Day1 no drug,F2,F,Pin prick,attending,10.0,1,85.0,0
Day1 no drug,F2,F,Pin prick,lickbite,10.0,1,85.0,0
Day1 no drug,F2,F,Pin prick,guarding,10.0,1,85.0,0
Day1 no drug,F2,F,Pin prick,escape,10.0,1,85.0,0
Day1 no drug,F2,F,Pin prick,withdrawal,3.0,0,2.97,1
Day1 no drug,F2,F,Pin prick,flinch,3.0,0,2.97,0
Day1 no drug,F2,F,Pin prick,withdrawal,3.0,0,1.4,1
Day1 no drug,F2,F,Pin prick,flinch,3.0,0,1.4,0
Day1 no drug,F2,F,Pin prick,withdrawal,3.0,0,1.63,1
Day1 no drug,F2,F,Pin prick,flinch,3.0,0,1.63,0
Day1 no drug,F2,F,Pin prick,withdrawal,3.0,0,1.07,1
Day1 no drug,F2,F,Pin prick,flinch,3.0,0,1.07,0
Day1 no drug,F2,F,Pin prick,withdrawal,3.0,0,1.3,1
Day1 no drug,F2,F,Pin prick,flinch,3.0,0,1.3,0
Day1 no drug,F2,F,Pin prick,withdrawal,3.0,0,2.5,1
Day1 no drug,F2,F,Pin prick,flinch,3.0,0,2.5,0
Day1 no drug,F2,F,Pin prick,withdrawal,3.0,0,1.07,1
Day1 no drug,F2,F,Pin prick,flinch,3.0,0,1.07,0
Day1 no drug,F2,F,Pin prick,withdrawal,3.0,0,0.97,1
Day1 no drug,F2,F,Pin prick,flinch,3.0,0,0.97,0
Day1 no drug,F2,F,Pin prick,withdrawal,3.0,0,19.8,1
Day1 no drug,F2,F,Pin prick,flinch,3.0,0,19.8,0
Day1 no drug,F2,F,Pin prick,attending,10.0,1,19.8,0
Day1 no drug,F2,F,Pin prick,lickbite,10.0,1,19.8,0
Day1 no drug,F2,F,Pin prick,guarding,10.0,1,19.8,0
Day1 no drug,F2,F,Pin prick,escape,10.0,1,19.8,1
Day1 no drug,F2,F,Pin prick,withdrawal,3.0,0,1.5,1
Day1 no drug,F2,F,Pin prick,flinch,3.0,0,1.5,0
Day1 no drug,F2,F,Pin prick,withdrawal,3.0,0,0.17,1
Day1 no drug,F2,F,Pin prick,flinch,3.0,0,0.17,0
Day1 no drug,F2,F,Pin prick,withdrawal,3.0,0,0.37,1
Day1 no drug,F2,F,Pin prick,flinch,3.0,0,0.37,0
Day1 no drug,F2,F,Pin prick,withdrawal,3.0,0,0.1,1
Day1 no drug,F2,F,Pin prick,flinch,3.0,0,0.1,0
Day1 no drug,F2,F,Pin prick,withdrawal,3.0,0,3.53,1
Day1 no drug,F2,F,Pin prick,flinch,3.0,0,3.53,0
Day1 no drug,F2,F,Pin prick,withdrawal,3.0,0,2.17,1
Day1 no drug,F2,F,Pin prick,flinch,3.0,0,2.17,0
Day1 no drug,F2,F,Pin prick,withdrawal,3.0,0,0.23,1
Day1 no drug,F2,F,Pin prick,flinch,3.0,0,0.23,0
Day1 no drug,F2,F,Pin prick,withdrawal,3.0,0,6.73,1
Day1 no drug,F2,F,Pin prick,flinch,3.0,0,6.73,0
Day1 no drug,F2,F,Pin prick,withdrawal,3.0,0,1.17,1
Day1 no drug,F2,F,Pin prick,flinch,3.0,0,1.17,1
Day1 no drug,F2,F,Pin prick,withdrawal,3.0,0,0.23,1
Day1 no drug,F2,F,Pin prick,flinch,3.0,0,0.23,1
Day1 no drug,F2,F,Pin prick,withdrawal,3.0,0,36.43,0
Day1 no drug,F2,F,Pin prick,flinch,3.0,0,36.43,1
Day1 no drug,F2,F,Pin prick,attending,10.0,1,36.43,0
Day1 no drug,F2,F,Pin prick,lickbite,10.0,1,36.43,1
Day1 no drug,F2,F,Pin prick,guarding,10.0,1,36.43,0
Day1 no drug,F2,F,Pin prick,escape,10.0,1,36.43,1
Day1 no drug,F2,F,Pin prick,withdrawal,3.0,0,0.2,1
Day1 no drug,F2,F,Pin prick,flinch,3.0,0,0.2,0
Day1 no drug,F2,F,Pin prick,withdrawal,3.0,0,0.4,1
Day1 no drug,F2,F,Pin prick,flinch,3.0,0,0.4,0
Day1 no drug,F2,F,Pin prick,withdrawal,3.0,0,1.2,1
Day1 no drug,F2,F,Pin prick,flinch,3.0,0,1.2,0
Day1 no drug,F2,F,Pin prick,withdrawal,3.0,0,0.33,1
Day1 no drug,F2,F,Pin prick,flinch,3.0,0,0.33,0
Day1 no drug,F2,F,Pin prick,withdrawal,3.0,0,1.4,1
Day1 no drug,F2,F,Pin prick,flinch,3.0,0,1.4,0
Day1 no drug,F2,F,Pin prick,withdrawal,3.0,0,55.27,1
Day1 no drug,F2,F,Pin prick,flinch,3.0,0,55.27,0
Day1 no drug,F2,F,Pin prick,attending,10.0,1,55.27,1
Day1 no drug,F2,F,Pin prick,lickbite,10.0,1,55.27,1
Day1 no drug,F2,F,Pin prick,guarding,10.0,1,55.27,1
Day1 no drug,F2,F,Pin prick,escape,10.0,1,55.27,0
Day1 no drug,F2,F,Pin prick,withdrawal,3.0,0,2.03,1
Day1 no drug,F2,F,Pin prick,flinch,3.0,0,2.03,0
Day1 no drug,F2,F,Pin prick,withdrawal,3.0,0,1.5,1
Day1 no drug,F2,F,Pin prick,flinch,3.0,0,1.5,0
Day1 no drug,F2,F,Pin prick,withdrawal,3.0,0,133.17,1
Day1 no drug,F2,F,Pin prick,flinch,3.0,0,133.17,0
Day1 no drug,F2,F,Pin prick,attending,10.0,1,133.17,0
Day1 no drug,F2,F,Pin prick,lickbite,10.0,1,133.17,1
Day1 no drug,F2,F,Pin prick,guarding,10.0,1,133.17,1
Day1 no drug,F2,F,Pin prick,escape,10.0,1,133.17,1
Day1 no drug,F2,F,Light touch,withdrawal,3.0,0,6.73,0
Day1 no drug,F2,F,Light touch,flinch,3.0,0,6.73,0
Day1 no drug,F2,F,Light touch,withdrawal,3.0,0,89.0,1
Day1 no drug,F2,F,Light touch,flinch,3.0,0,89.0,0
Day1 no drug,F2,F,Light touch,attending,10.0,1,89.0,0
Day1 no drug,F2,F,Light touch,lickbite,10.0,1,89.0,0
Day1 no drug,F2,F,Light touch,guarding,10.0,1,89.0,0
Day1 no drug,F2,F,Light touch,escape,10.0,1,89.0,0
Day1 no drug,F2,F,Light touch,withdrawal,3.0,0,6.43,0
Day1 no drug,F2,F,Light touch,flinch,3.0,0,6.43,0
Day1 no drug,F2,F,Light touch,withdrawal,3.0,0,1.2,0
Day1 no drug,F2,F,Light touch,flinch,3.0,0,1.2,0
Day1 no drug,F2,F,Light touch,withdrawal,3.0,0,2.6,1
Day1 no drug,F2,F,Light touch,flinch,3.0,0,2.6,0
Day1 no drug,F2,F,Light touch,withdrawal,3.0,0,2.53,1
Day1 no drug,F2,F,Light touch,flinch,3.0,0,2.53,0
Day1 no drug,F2,F,Light touch,withdrawal,3.0,0,129.57,0
Day1 no drug,F2,F,Light touch,flinch,3.0,0,129.57,0
Day1 no drug,F2,F,Light touch,attending,10.0,1,129.57,0
Day1 no drug,F2,F,Light touch,lickbite,10.0,1,129.57,0
Day1 no drug,F2,F,Light touch,guarding,10.0,1,129.57,0
Day1 no drug,F2,F,Light touch,escape,10.0,1,129.57,1
Day1 no drug,F2,F,Light touch,withdrawal,3.0,0,5.67,1
Day1 no drug,F2,F,Light touch,flinch,3.0,0,5.67,0
Day1 no drug,F2,F,Light touch,withdrawal,3.0,0,3.2,0
Day1 no drug,F2,F,Light touch,flinch,3.0,0,3.2,0
Day1 no drug,F2,F,Light touch,withdrawal,3.0,0,3.77,1
Day1 no drug,F2,F,Light touch,flinch,3.0,0,3.77,0
Day1 no drug,F2,F,Light touch,withdrawal,3.0,0,2.73,1
Day1 no drug,F2,F,Light touch,flinch,3.0,0,2.73,1
Day1 no drug,F2,F,Light touch,withdrawal,3.0,0,1.03,1
Day1 no drug,F2,F,Light touch,flinch,3.0,0,1.03,1
Day1 no drug,F2,F,Light touch,withdrawal,3.0,0,3.13,1
Day1 no drug,F2,F,Light touch,flinch,3.0,0,3.13,1
Day1 no drug,F2,F,Light touch,withdrawal,3.0,0,5.47,1
Day1 no drug,F2,F,Light touch,flinch,3.0,0,5.47,0
Day1 no drug,F2,F,Light touch,withdrawal,3.0,0,10.17,1
Day1 no drug,F2,F,Light touch,flinch,3.0,0,10.17,1
Day1 no drug,F2,F,Light touch,attending,10.0,1,10.17,1
Day1 no drug,F2,F,Light touch,lickbite,10.0,1,10.17,1
Day1 no drug,F2,F,Light touch,guarding,10.0,1,10.17,0
Day1 no drug,F2,F,Light touch,escape,10.0,1,10.17,0
Day1 no drug,F2,F,Light touch,withdrawal,3.0,0,0.83,1
Day1 no drug,F2,F,Light touch,flinch,3.0,0,0.83,0
Day1 no drug,F2,F,Light touch,withdrawal,3.0,0,999.0,1
Day1 no drug,F2,F,Light touch,flinch,3.0,0,999.0,0
Day1 no drug,F2,F,Light touch,attending,10.0,1,999.0,0
Day1 no drug,F2,F,Light touch,lickbite,10.0,1,999.0,0
Day1 no drug,F2,F,Light touch,guarding,10.0,1,999.0,0
Day1 no drug,F2,F,Light touch,escape,10.0,1,999.0,1
Day1 no drug,F3,F,Heat,withdrawal,3.0,0,1.73,1
Day1 no drug,F3,F,Heat,flinch,3.0,0,1.73,0
Day1 no drug,F3,F,Heat,withdrawal,3.0,0,1.7,1
Day1 no drug,F3,F,Heat,flinch,3.0,0,1.7,0
Day1 no drug,F3,F,Heat,withdrawal,3.0,0,1.47,1
Day1 no drug,F3,F,Heat,flinch,3.0,0,1.47,0
Day1 no drug,F3,F,Heat,withdrawal,3.0,0,59.37,1
Day1 no drug,F3,F,Heat,flinch,3.0,0,59.37,0
Day1 no drug,F3,F,Heat,attending,10.0,1,59.37,1
Day1 no drug,F3,F,Heat,lickbite,10.0,1,59.37,0
Day1 no drug,F3,F,Heat,guarding,10.0,1,59.37,0
Day1 no drug,F3,F,Heat,escape,10.0,1,59.37,1
Day1 no drug,F3,F,Heat,withdrawal,3.0,0,2.03,1
Day1 no drug,F3,F,Heat,flinch,3.0,0,2.03,0
Day1 no drug,F3,F,Heat,withdrawal,3.0,0,0.1,1
Day1 no drug,F3,F,Heat,flinch,3.0,0,0.1,0
Day1 no drug,F3,F,Heat,withdrawal,3.0,0,59.0,1
Day1 no drug,F3,F,Heat,flinch,3.0,0,59.0,0
Day1 no drug,F3,F,Heat,attending,10.0,1,59.0,0
Day1 no drug,F3,F,Heat,lickbite,10.0,1,59.0,1
Day1 no drug,F3,F,Heat,guarding,10.0,1,59.0,1
Day1 no drug,F3,F,Heat,escape,10.0,1,59.0,1
Day1 no drug,F3,F,Heat,withdrawal,3.0,0,1.6,1
Day1 no drug,F3,F,Heat,flinch,3.0,0,1.6,0
Day1 no drug,F3,F,Heat,withdrawal,3.0,0,1.23,1
Day1 no drug,F3,F,Heat,flinch,3.0,0,1.23,0
Day1 no drug,F3,F,Heat,withdrawal,3.0,0,13.07,1
Day1 no drug,F3,F,Heat,flinch,3.0,0,13.07,0
Day1 no drug,F3,F,Heat,attending,10.0,1,13.07,1
Day1 no drug,F3,F,Heat,lickbite,10.0,1,13.07,0
Day1 no drug,F3,F,Heat,guarding,10.0,1,13.07,0
Day1 no drug,F3,F,Heat,escape,10.0,1,13.07,1
Day1 no drug,F3,F,Heat,withdrawal,3.0,0,1.7,1
Day1 no drug,F3,F,Heat,flinch,3.0,0,1.7,0
Day1 no drug,F3,F,Heat,withdrawal,3.0,0,2.43,1
Day1 no drug,F3,F,Heat,flinch,3.0,0,2.43,0
Day1 no drug,F3,F,Heat,withdrawal,3.0,0,125.9,1
Day1 no drug,F3,F,Heat,flinch,3.0,0,125.9,0
Day1 no drug,F3,F,Heat,attending,10.0,1,125.9,0
Day1 no drug,F3,F,Heat,lickbite,10.0,1,125.9,1
Day1 no drug,F3,F,Heat,guarding,10.0,1,125.9,1
Day1 no drug,F3,F,Heat,escape,10.0,1,125.9,0
Day1 no drug,F3,F,Heat,withdrawal,3.0,0,1.87,1
Day1 no drug,F3,F,Heat,flinch,3.0,0,1.87,0
Day1 no drug,F3,F,Heat,withdrawal,3.0,0,108.4,1
Day1 no drug,F3,F,Heat,flinch,3.0,0,108.4,0
Day1 no drug,F3,F,Heat,attending,10.0,1,108.4,1
Day1 no drug,F3,F,Heat,lickbite,10.0,1,108.4,1
Day1 no drug,F3,F,Heat,guarding,10.0,1,108.4,0
Day1 no drug,F3,F,Heat,escape,10.0,1,108.4,1
Day1 no drug,F3,F,Light touch,withdrawal,3.0,0,4.13,0
Day1 no drug,F3,F,Light touch,flinch,3.0,0,4.13,0
Day1 no drug,F3,F,Light touch,withdrawal,3.0,0,1.63,0
Day1 no drug,F3,F,Light touch,flinch,3.0,0,1.63,0
Day1 no drug,F3,F,Light touch,withdrawal,3.0,0,2.23,1
Day1 no drug,F3,F,Light touch,flinch,3.0,0,2.23,0
Day1 no drug,F3,F,Light touch,withdrawal,3.0,0,4.4,1
Day1 no drug,F3,F,Light touch,flinch,3.0,0,4.4,0
Day1 no drug,F3,F,Light touch,withdrawal,3.0,0,8.63,0
Day1 no drug,F3,F,Light touch,flinch,3.0,0,8.63,0
Day1 no drug,F3,F,Light touch,withdrawal,3.0,0,19.9,0
Day1 no drug,F3,F,Light touch,flinch,3.0,0,19.9,0
Day1 no drug,F3,F,Light touch,attending,10.0,1,19.9,1
Day1 no drug,F3,F,Light touch,lickbite,10.0,1,19.9,0
Day1 no drug,F3,F,Light touch,guarding,10.0,1,19.9,0
Day1 no drug,F3,F,Light touch,escape,10.0,1,19.9,0
Day1 no drug,F3,F,Light touch,withdrawal,3.0,0,3.23,0
Day1 no drug,F3,F,Light touch,flinch,3.0,0,3.23,0
Day1 no drug,F3,F,Light touch,withdrawal,3.0,0,7.0,0
Day1 no drug,F3,F,Light touch,flinch,3.0,0,7.0,0
Day1 no drug,F3,F,Light touch,withdrawal,3.0,0,1.43,0
Day1 no drug,F3,F,Light touch,flinch,3.0,0,1.43,0
Day1 no drug,F3,F,Light touch,withdrawal,3.0,0,1.73,0
Day1 no drug,F3,F,Light touch,flinch,3.0,0,1.73,0
Day1 no drug,F3,F,Light touch,withdrawal,3.0,0,2.17,0
Day1 no drug,F3,F,Light touch,flinch,3.0,0,2.17,0
Day1 no drug,F3,F,Light touch,withdrawal,3.0,0,0.77,1
Day1 no drug,F3,F,Light touch,flinch,3.0,0,0.77,0
Day1 no drug,F3,F,Light touch,withdrawal,3.0,0,1.3,1
Day1 no drug,F3,F,Light touch,flinch,3.0,0,1.3,0
Day1 no drug,F3,F,Light touch,withdrawal,3.0,0,43.83,1
Day1 no drug,F3,F,Light touch,flinch,3.0,0,43.83,0
Day1 no drug,F3,F,Light touch,attending,10.0,1,43.83,0
Day1 no drug,F3,F,Light touch,lickbite,10.0,1,43.83,0
Day1 no drug,F3,F,Light touch,guarding,10.0,1,43.83,0
Day1 no drug,F3,F,Light touch,escape,10.0,1,43.83,0
Day1 no drug,F3,F,Light touch,withdrawal,3.0,0,2.3,0
Day1 no drug,F3,F,Light touch,flinch,3.0,0,2.3,0
Day1 no drug,F3,F,Light touch,withdrawal,3.0,0,1.4,0
Day1 no drug,F3,F,Light touch,flinch,3.0,0,1.4,0
Day1 no drug,F3,F,Light touch,withdrawal,3.0,0,1.8,1
Day1 no drug,F3,F,Light touch,flinch,3.0,0,1.8,1
Day1 no drug,F3,F,Light touch,withdrawal,3.0,0,0.47,1
Day1 no drug,F3,F,Light touch,flinch,3.0,0,0.47,1
Day1 no drug,F3,F,Light touch,withdrawal,3.0,0,2.7,1
Day1 no drug,F3,F,Light touch,flinch,3.0,0,2.7,1
Day1 no drug,F3,F,Light touch,withdrawal,3.0,0,10.1,1
Day1 no drug,F3,F,Light touch,flinch,3.0,0,10.1,1
Day1 no drug,F3,F,Light touch,attending,10.0,1,10.1,0
Day1 no drug,F3,F,Light touch,lickbite,10.0,1,10.1,0
Day1 no drug,F3,F,Light touch,guarding,10.0,1,10.1,0
Day1 no drug,F3,F,Light touch,escape,10.0,1,10.1,0
Day1 no drug,F3,F,Light touch,withdrawal,3.0,0,9.4,1
Day1 no drug,F3,F,Light touch,flinch,3.0,0,9.4,0
Day1 no drug,F3,F,Light touch,withdrawal,3.0,0,1.43,0
Day1 no drug,F3,F,Light touch,flinch,3.0,0,1.43,0
Day1 no drug,F3,F,Light touch,withdrawal,3.0,0,28.93,0
Day1 no drug,F3,F,Light touch,flinch,3.0,0,28.93,0
Day1 no drug,F3,F,Light touch,attending,10.0,1,28.93,0
Day1 no drug,F3,F,Light touch,lickbite,10.0,1,28.93,0
Day1 no drug,F3,F,Light touch,guarding,10.0,1,28.93,0
Day1 no drug,F3,F,Light touch,escape,10.0,1,28.93,1
Day1 no drug,F3,F,Light touch,withdrawal,3.0,0,4.3,0
Day1 no drug,F3,F,Light touch,flinch,3.0,0,4.3,0
Day1 no drug,F3,F,Light touch,withdrawal,3.0,0,5.47,1
Day1 no drug,F3,F,Light touch,flinch,3.0,0,5.47,0
Day1 no drug,F3,F,Light touch,withdrawal,3.0,0,77.9,1
Day1 no drug,F3,F,Light touch,flinch,3.0,0,77.9,0
Day1 no drug,F3,F,Light touch,attending,10.0,1,77.9,0
Day1 no drug,F3,F,Light touch,lickbite,10.0,1,77.9,0
Day1 no drug,F3,F,Light touch,guarding,10.0,1,77.9,1
Day1 no drug,F3,F,Light touch,escape,10.0,1,77.9,1
Day1 no drug,F3,F,Light touch,withdrawal,3.0,0,3.8,0
Day1 no drug,F3,F,Light touch,flinch,3.0,0,3.8,0
Day1 no drug,F3,F,Light touch,withdrawal,3.0,0,0.73,1
Day1 no drug,F3,F,Light touch,flinch,3.0,0,0.73,1
Day1 no drug,F3,F,Light touch,withdrawal,3.0,0,1.27,1
Day1 no drug,F3,F,Light touch,flinch,3.0,0,1.27,1
Day1 no drug,F3,F,Light touch,withdrawal,3.0,0,98.93,1
Day1 no drug,F3,F,Light touch,flinch,3.0,0,98.93,1
Day1 no drug,F3,F,Light touch,attending,10.0,1,98.93,0
Day1 no drug,F3,F,Light touch,lickbite,10.0,1,98.93,0
Day1 no drug,F3,F,Light touch,guarding,10.0,1,98.93,0
Day1 no drug,F3,F,Light touch,escape,10.0,1,98.93,0
Day1 no drug,F3,F,Pin prick,withdrawal,3.0,0,2.63,1
Day1 no drug,F3,F,Pin prick,flinch,3.0,0,2.63,1
Day1 no drug,F3,F,Pin prick,withdrawal,3.0,0,1.6,1
Day1 no drug,F3,F,Pin prick,flinch,3.0,0,1.6,1
Day1 no drug,F3,F,Pin prick,withdrawal,3.0,0,4.47,1
Day1 no drug,F3,F,Pin prick,flinch,3.0,0,4.47,1
Day1 no drug,F3,F,Pin prick,withdrawal,3.0,0,54.4,1
Day1 no drug,F3,F,Pin prick,flinch,3.0,0,54.4,1
Day1 no drug,F3,F,Pin prick,attending,10.0,1,54.4,0
Day1 no drug,F3,F,Pin prick,lickbite,10.0,1,54.4,1
Day1 no drug,F3,F,Pin prick,guarding,10.0,1,54.4,1
Day1 no drug,F3,F,Pin prick,escape,10.0,1,54.4,1
Day1 no drug,F3,F,Pin prick,withdrawal,3.0,0,1.8,1
Day1 no drug,F3,F,Pin prick,flinch,3.0,0,1.8,1
Day1 no drug,F3,F,Pin prick,withdrawal,3.0,0,0.83,1
Day1 no drug,F3,F,Pin prick,flinch,3.0,0,0.83,1
Day1 no drug,F3,F,Pin prick,withdrawal,3.0,0,1.7,1
Day1 no drug,F3,F,Pin prick,flinch,3.0,0,1.7,1
Day1 no drug,F3,F,Pin prick,withdrawal,3.0,0,66.5,1
Day1 no drug,F3,F,Pin prick,flinch,3.0,0,66.5,0
Day1 no drug,F3,F,Pin prick,attending,10.0,1,66.5,1
Day1 no drug,F3,F,Pin prick,lickbite,10.0,1,66.5,0
Day1 no drug,F3,F,Pin prick,guarding,10.0,1,66.5,0
Day1 no drug,F3,F,Pin prick,escape,10.0,1,66.5,0
Day1 no drug,F3,F,Pin prick,withdrawal,3.0,0,3.3,1
Day1 no drug,F3,F,Pin prick,flinch,3.0,0,3.3,1
Day1 no drug,F3,F,Pin prick,withdrawal,3.0,0,3.33,1
Day1 no drug,F3,F,Pin prick,flinch,3.0,0,3.33,1
Day1 no drug,F3,F,Pin prick,withdrawal,3.0,0,51.93,0
Day1 no drug,F3,F,Pin prick,flinch,3.0,0,51.93,0
Day1 no drug,F3,F,Pin prick,attending,10.0,1,51.93,0
Day1 no drug,F3,F,Pin prick,lickbite,10.0,1,51.93,0
Day1 no drug,F3,F,Pin prick,guarding,10.0,1,51.93,1
Day1 no drug,F3,F,Pin prick,escape,10.0,1,51.93,1
Day1 no drug,F3,F,Pin prick,withdrawal,3.0,0,2.57,1
Day1 no drug,F3,F,Pin prick,flinch,3.0,0,2.57,1
Day1 no drug,F3,F,Pin prick,withdrawal,3.0,0,2.13,1
Day1 no drug,F3,F,Pin prick,flinch,3.0,0,2.13,1
Day1 no drug,F3,F,Pin prick,withdrawal,3.0,0,0.3,1
Day1 no drug,F3,F,Pin prick,flinch,3.0,0,0.3,1
Day1 no drug,F3,F,Pin prick,withdrawal,3.0,0,1.3,1
Day1 no drug,F3,F,Pin prick,flinch,3.0,0,1.3,1
Day1 no drug,F3,F,Pin prick,withdrawal,3.0,0,7.07,0
Day1 no drug,F3,F,Pin prick,flinch,3.0,0,7.07,0
Day1 no drug,F3,F,Pin prick,withdrawal,3.0,0,0.5,1
Day1 no drug,F3,F,Pin prick,flinch,3.0,0,0.5,0
Day1 no drug,F3,F,Pin prick,withdrawal,3.0,0,0.37,1
Day1 no drug,F3,F,Pin prick,flinch,3.0,0,0.37,0
Day1 no drug,F3,F,Pin prick,withdrawal,3.0,0,25.57,1
Day1 no drug,F3,F,Pin prick,flinch,3.0,0,25.57,0
Day1 no drug,F3,F,Pin prick,attending,10.0,1,25.57,0
Day1 no drug,F3,F,Pin prick,lickbite,10.0,1,25.57,0
Day1 no drug,F3,F,Pin prick,guarding,10.0,1,25.57,1
Day1 no drug,F3,F,Pin prick,escape,10.0,1,25.57,1
Day1 no drug,F3,F,Pin prick,withdrawal,3.0,0,1.73,1
Day1 no drug,F3,F,Pin prick,flinch,3.0,0,1.73,0
Day1 no drug,F3,F,Pin prick,withdrawal,3.0,0,122.23,1
Day1 no drug,F3,F,Pin prick,flinch,3.0,0,122.23,0
Day1 no drug,F3,F,Pin prick,attending,10.0,1,122.23,0
Day1 no drug,F3,F,Pin prick,lickbite,10.0,1,122.23,0
Day1 no drug,F3,F,Pin prick,guarding,10.0,1,122.23,0
Day1 no drug,F3,F,Pin prick,escape,10.0,1,122.23,1
Day1 no drug,F3,F,Mild touch,withdrawal,3.0,0,6.17,1
Day1 no drug,F3,F,Mild touch,flinch,3.0,0,6.17,0
Day1 no drug,F3,F,Mild touch,withdrawal,3.0,0,0.9,1
Day1 no drug,F3,F,Mild touch,flinch,3.0,0,0.9,0
Day1 no drug,F3,F,Mild touch,withdrawal,3.0,0,9.57,1
Day1 no drug,F3,F,Mild touch,flinch,3.0,0,9.57,0
Day1 no drug,F3,F,Mild touch,withdrawal,3.0,0,1.63,1
Day1 no drug,F3,F,Mild touch,flinch,3.0,0,1.63,0
Day1 no drug,F3,F,Mild touch,withdrawal,3.0,0,2.0,1
Day1 no drug,F3,F,Mild touch,flinch,3.0,0,2.0,0
Day1 no drug,F3,F,Mild touch,withdrawal,3.0,0,90.33,1
Day1 no drug,F3,F,Mild touch,flinch,3.0,0,90.33,0
Day1 no drug,F3,F,Mild touch,attending,10.0,1,90.33,1
Day1 no drug,F3,F,Mild touch,lickbite,10.0,1,90.33,0
Day1 no drug,F3,F,Mild touch,guarding,10.0,1,90.33,0
Day1 no drug,F3,F,Mild touch,escape,10.0,1,90.33,1
Day1 no drug,F3,F,Mild touch,withdrawal,3.0,0,2.4,1
Day1 no drug,F3,F,Mild touch,flinch,3.0,0,2.4,0
Day1 no drug,F3,F,Mild touch,withdrawal,3.0,0,1.43,1
Day1 no drug,F3,F,Mild touch,flinch,3.0,0,1.43,1
Day1 no drug,F3,F,Mild touch,withdrawal,3.0,0,8.2,1
Day1 no drug,F3,F,Mild touch,flinch,3.0,0,8.2,1
Day1 no drug,F3,F,Mild touch,withdrawal,3.0,0,11.33,1
Day1 no drug,F3,F,Mild touch,flinch,3.0,0,11.33,0
Day1 no drug,F3,F,Mild touch,attending,10.0,1,11.33,0
Day1 no drug,F3,F,Mild touch,lickbite,10.0,1,11.33,0
Day1 no drug,F3,F,Mild touch,guarding,10.0,1,11.33,0
Day1 no drug,F3,F,Mild touch,escape,10.0,1,11.33,1
Day1 no drug,F3,F,Mild touch,withdrawal,3.0,0,3.23,1
Day1 no drug,F3,F,Mild touch,flinch,3.0,0,3.23,0
Day1 no drug,F3,F,Mild touch,withdrawal,3.0,0,3.27,1
Day1 no drug,F3,F,Mild touch,flinch,3.0,0,3.27,1
Day1 no drug,F3,F,Mild touch,withdrawal,3.0,0,3.93,1
Day1 no drug,F3,F,Mild touch,flinch,3.0,0,3.93,1
Day1 no drug,F3,F,Mild touch,withdrawal,3.0,0,4.4,1
Day1 no drug,F3,F,Mild touch,flinch,3.0,0,4.4,1
Day1 no drug,F3,F,Mild touch,withdrawal,3.0,0,78.1,1
Day1 no drug,F3,F,Mild touch,flinch,3.0,0,78.1,1
Day1 no drug,F3,F,Mild touch,attending,10.0,1,78.1,1
Day1 no drug,F3,F,Mild touch,lickbite,10.0,1,78.1,0
Day1 no drug,F3,F,Mild touch,guarding,10.0,1,78.1,0
Day1 no drug,F3,F,Mild touch,escape,10.0,1,78.1,1
Day1 no drug,F3,F,Mild touch,withdrawal,3.0,0,2.77,1
Day1 no drug,F3,F,Mild touch,flinch,3.0,0,2.77,1
Day1 no drug,F3,F,Mild touch,withdrawal,3.0,0,1.33,1
Day1 no drug,F3,F,Mild touch,flinch,3.0,0,1.33,1
Day1 no drug,F3,F,Mild touch,withdrawal,3.0,0,7.57,1
Day1 no drug,F3,F,Mild touch,flinch,3.0,0,7.57,1
Day1 no drug,F3,F,Mild touch,withdrawal,3.0,0,999.0,1
Day1 no drug,F3,F,Mild touch,flinch,3.0,0,999.0,1
Day1 no drug,F3,F,Mild touch,attending,10.0,1,999.0,1
Day1 no drug,F3,F,Mild touch,lickbite,10.0,1,999.0,1
Day1 no drug,F3,F,Mild touch,guarding,10.0,1,999.0,1
Day1 no drug,F3,F,Mild touch,escape,10.0,1,999.0,0
Day1 no drug,M1,M,Mild touch,withdrawal,3.0,0,6.9,1
Day1 no drug,M1,M,Mild touch,flinch,3.0,0,6.9,0
Day1 no drug,M1,M,Mild touch,withdrawal,3.0,0,2.47,1
Day1 no drug,M1,M,Mild touch,flinch,3.0,0,2.47,1
Day1 no drug,M1,M,Mild touch,withdrawal,3.0,0,2.5,1
Day1 no drug,M1,M,Mild touch,flinch,3.0,0,2.5,1
Day1 no drug,M1,M,Mild touch,withdrawal,3.0,0,3.03,1
Day1 no drug,M1,M,Mild touch,flinch,3.0,0,3.03,1
Day1 no drug,M1,M,Mild touch,withdrawal,3.0,0,1.47,1
Day1 no drug,M1,M,Mild touch,flinch,3.0,0,1.47,1
Day1 no drug,M1,M,Mild touch,withdrawal,3.0,0,1.63,1
Day1 no drug,M1,M,Mild touch,flinch,3.0,0,1.63,1
Day1 no drug,M1,M,Mild touch,withdrawal,3.0,0,1.2,1
Day1 no drug,M1,M,Mild touch,flinch,3.0,0,1.2,1
Day1 no drug,M1,M,Mild touch,withdrawal,3.0,0,77.57,1
Day1 no drug,M1,M,Mild touch,flinch,3.0,0,77.57,1
Day1 no drug,M1,M,Mild touch,attending,10.0,1,77.57,1
Day1 no drug,M1,M,Mild touch,lickbite,10.0,1,77.57,0
Day1 no drug,M1,M,Mild touch,guarding,10.0,1,77.57,0
Day1 no drug,M1,M,Mild touch,escape,10.0,1,77.57,0
Day1 no drug,M1,M,Mild touch,withdrawal,3.0,0,3.97,1
Day1 no drug,M1,M,Mild touch,flinch,3.0,0,3.97,0
Day1 no drug,M1,M,Mild touch,withdrawal,3.0,0,8.0,1
Day1 no drug,M1,M,Mild touch,flinch,3.0,0,8.0,0
Day1 no drug,M1,M,Mild touch,withdrawal,3.0,0,8.6,1
Day1 no drug,M1,M,Mild touch,flinch,3.0,0,8.6,0
Day1 no drug,M1,M,Mild touch,withdrawal,3.0,0,5.13,1
Day1 no drug,M1,M,Mild touch,flinch,3.0,0,5.13,1
Day1 no drug,M1,M,Mild touch,withdrawal,3.0,0,1.17,1
Day1 no drug,M1,M,Mild touch,flinch,3.0,0,1.17,1
Day1 no drug,M1,M,Mild touch,withdrawal,3.0,0,11.63,1
Day1 no drug,M1,M,Mild touch,flinch,3.0,0,11.63,1
Day1 no drug,M1,M,Mild touch,attending,10.0,1,11.63,0
Day1 no drug,M1,M,Mild touch,lickbite,10.0,1,11.63,0
Day1 no drug,M1,M,Mild touch,guarding,10.0,1,11.63,1
Day1 no drug,M1,M,Mild touch,escape,10.0,1,11.63,1
Day1 no drug,M1,M,Mild touch,withdrawal,3.0,0,2.0,1
Day1 no drug,M1,M,Mild touch,flinch,3.0,0,2.0,0
Day1 no drug,M1,M,Mild touch,withdrawal,3.0,0,0.93,1
Day1 no drug,M1,M,Mild touch,flinch,3.0,0,0.93,0
Day1 no drug,M1,M,Mild touch,withdrawal,3.0,0,40.13,1
Day1 no drug,M1,M,Mild touch,flinch,3.0,0,40.13,0
Day1 no drug,M1,M,Mild touch,attending,10.0,1,40.13,0
Day1 no drug,M1,M,Mild touch,lickbite,10.0,1,40.13,0
Day1 no drug,M1,M,Mild touch,guarding,10.0,1,40.13,1
Day1 no drug,M1,M,Mild touch,escape,10.0,1,40.13,0
Day1 no drug,M1,M,Mild touch,withdrawal,3.0,0,1.77,1
Day1 no drug,M1,M,Mild touch,flinch,3.0,0,1.77,1
Day1 no drug,M1,M,Mild touch,withdrawal,3.0,0,1.23,1
Day1 no drug,M1,M,Mild touch,flinch,3.0,0,1.23,1
Day1 no drug,M1,M,Mild touch,withdrawal,3.0,0,78.17,1
Day1 no drug,M1,M,Mild touch,flinch,3.0,0,78.17,1
Day1 no drug,M1,M,Mild touch,attending,10.0,1,78.17,1
Day1 no drug,M1,M,Mild touch,lickbite,10.0,1,78.17,0
Day1 no drug,M1,M,Mild touch,guarding,10.0,1,78.17,1
Day1 no drug,M1,M,Mild touch,escape,10.0,1,78.17,1
Day1 no drug,M1,M,Mild touch,withdrawal,3.0,0,2.27,1
Day1 no drug,M1,M,Mild touch,flinch,3.0,0,2.27,1
Day1 no drug,M1,M,Mild touch,withdrawal,3.0,0,1.6,1
Day1 no drug,M1,M,Mild touch,flinch,3.0,0,1.6,1
Day1 no drug,M1,M,Mild touch,withdrawal,3.0,0,10.87,1
Day1 no drug,M1,M,Mild touch,flinch,3.0,0,10.87,1
Day1 no drug,M1,M,Mild touch,attending,10.0,1,10.87,1
Day1 no drug,M1,M,Mild touch,lickbite,10.0,1,10.87,0
Day1 no drug,M1,M,Mild touch,guarding,10.0,1,10.87,0
Day1 no drug,M1,M,Mild touch,escape,10.0,1,10.87,0
Day1 no drug,M1,M,Mild touch,withdrawal,3.0,0,1.17,1
Day1 no drug,M1,M,Mild touch,flinch,3.0,0,1.17,1
Day1 no drug,M1,M,Mild touch,withdrawal,3.0,0,1.0,1
Day1 no drug,M1,M,Mild touch,flinch,3.0,0,1.0,1
Day1 no drug,M1,M,Mild touch,withdrawal,3.0,0,104.17,1
Day1 no drug,M1,M,Mild touch,flinch,3.0,0,104.17,1
Day1 no drug,M1,M,Mild touch,attending,10.0,1,104.17,1
Day1 no drug,M1,M,Mild touch,lickbite,10.0,1,104.17,1
Day1 no drug,M1,M,Mild touch,guarding,10.0,1,104.17,0
Day1 no drug,M1,M,Mild touch,escape,10.0,1,104.17,1
Day1 no drug,M1,M,Light touch,withdrawal,3.0,0,45.77,1
Day1 no drug,M1,M,Light touch,flinch,3.0,0,45.77,1
Day1 no drug,M1,M,Light touch,attending,10.0,1,45.77,0
Day1 no drug,M1,M,Light touch,lickbite,10.0,1,45.77,0
Day1 no drug,M1,M,Light touch,guarding,10.0,1,45.77,0
Day1 no drug,M1,M,Light touch,escape,10.0,1,45.77,0
Day1 no drug,M1,M,Light touch,withdrawal,3.0,0,5.8,1
Day1 no drug,M1,M,Light touch,flinch,3.0,0,5.8,1
Day1 no drug,M1,M,Light touch,withdrawal,3.0,0,2.37,1
Day1 no drug,M1,M,Light touch,flinch,3.0,0,2.37,0
Day1 no drug,M1,M,Light touch,withdrawal,3.0,0,2.4,1
Day1 no drug,M1,M,Light touch,flinch,3.0,0,2.4,0
Day1 no drug,M1,M,Light touch,withdrawal,3.0,0,1.93,1
Day1 no drug,M1,M,Light touch,flinch,3.0,0,1.93,0
Day1 no drug,M1,M,Light touch,withdrawal,3.0,0,1.8,1
Day1 no drug,M1,M,Light touch,flinch,3.0,0,1.8,1
Day1 no drug,M1,M,Light touch,withdrawal,3.0,0,11.5,0
Day1 no drug,M1,M,Light touch,flinch,3.0,0,11.5,1
Day1 no drug,M1,M,Light touch,attending,10.0,1,11.5,0
Day1 no drug,M1,M,Light touch,lickbite,10.0,1,11.5,0
Day1 no drug,M1,M,Light touch,guarding,10.0,1,11.5,0
Day1 no drug,M1,M,Light touch,escape,10.0,1,11.5,1
Day1 no drug,M1,M,Light touch,withdrawal,3.0,0,0.97,0
Day1 no drug,M1,M,Light touch,flinch,3.0,0,0.97,1
Day1 no drug,M1,M,Light touch,withdrawal,3.0,0,46.1,0
Day1 no drug,M1,M,Light touch,flinch,3.0,0,46.1,0
Day1 no drug,M1,M,Light touch,attending,10.0,1,46.1,0
Day1 no drug,M1,M,Light touch,lickbite,10.0,1,46.1,0
Day1 no drug,M1,M,Light touch,guarding,10.0,1,46.1,0
Day1 no drug,M1,M,Light touch,escape,10.0,1,46.1,1
Day1 no drug,M1,M,Light touch,withdrawal,3.0,0,1.2,1
Day1 no drug,M1,M,Light touch,flinch,3.0,0,1.2,1
Day1 no drug,M1,M,Light touch,withdrawal,3.0,0,3.23,1
Day1 no drug,M1,M,Light touch,flinch,3.0,0,3.23,0
Day1 no drug,M1,M,Light touch,withdrawal,3.0,0,6.67,1
Day1 no drug,M1,M,Light touch,flinch,3.0,0,6.67,1
Day1 no drug,M1,M,Light touch,withdrawal,3.0,0,0.83,1
Day1 no drug,M1,M,Light touch,flinch,3.0,0,0.83,1
Day1 no drug,M1,M,Light touch,withdrawal,3.0,0,1.67,1
Day1 no drug,M1,M,Light touch,flinch,3.0,0,1.67,1
Day1 no drug,M1,M,Light touch,withdrawal,3.0,0,3.7,1
Day1 no drug,M1,M,Light touch,flinch,3.0,0,3.7,1
Day1 no drug,M1,M,Light touch,withdrawal,3.0,0,29.73,1
Day1 no drug,M1,M,Light touch,flinch,3.0,0,29.73,1
Day1 no drug,M1,M,Light touch,attending,10.0,1,29.73,0
Day1 no drug,M1,M,Light touch,lickbite,10.0,1,29.73,0
Day1 no drug,M1,M,Light touch,guarding,10.0,1,29.73,0
Day1 no drug,M1,M,Light touch,escape,10.0,1,29.73,1
Day1 no drug,M1,M,Light touch,withdrawal,3.0,0,3.73,0
Day1 no drug,M1,M,Light touch,flinch,3.0,0,3.73,1
Day1 no drug,M1,M,Light touch,withdrawal,3.0,0,1.13,1
Day1 no drug,M1,M,Light touch,flinch,3.0,0,1.13,1
Day1 no drug,M1,M,Light touch,withdrawal,3.0,0,1.23,1
Day1 no drug,M1,M,Light touch,flinch,3.0,0,1.23,1
Day1 no drug,M1,M,Light touch,withdrawal,3.0,0,2.3,1
Day1 no drug,M1,M,Light touch,flinch,3.0,0,2.3,1
Day1 no drug,M1,M,Light touch,withdrawal,3.0,0,1.7,1
Day1 no drug,M1,M,Light touch,flinch,3.0,0,1.7,1
Day1 no drug,M1,M,Light touch,withdrawal,3.0,0,1.47,1
Day1 no drug,M1,M,Light touch,flinch,3.0,0,1.47,1
Day1 no drug,M1,M,Light touch,withdrawal,3.0,0,50.93,0
Day1 no drug,M1,M,Light touch,flinch,3.0,0,50.93,1
Day1 no drug,M1,M,Light touch,attending,10.0,1,50.93,1
Day1 no drug,M1,M,Light touch,lickbite,10.0,1,50.93,1
Day1 no drug,M1,M,Light touch,guarding,10.0,1,50.93,0
Day1 no drug,M1,M,Light touch,escape,10.0,1,50.93,0
Day1 no drug,M1,M,Light touch,withdrawal,3.0,0,2.23,1
Day1 no drug,M1,M,Light touch,flinch,3.0,0,2.23,1
Day1 no drug,M1,M,Light touch,withdrawal,3.0,0,1.7,1
Day1 no drug,M1,M,Light touch,flinch,3.0,0,1.7,1
Day1 no drug,M1,M,Light touch,withdrawal,3.0,0,5.27,1
Day1 no drug,M1,M,Light touch,flinch,3.0,0,5.27,0
Day1 no drug,M1,M,Light touch,withdrawal,3.0,0,4.03,0
Day1 no drug,M1,M,Light touch,flinch,3.0,0,4.03,0
Day1 no drug,M1,M,Light touch,withdrawal,3.0,0,111.27,1
Day1 no drug,M1,M,Light touch,flinch,3.0,0,111.27,1
Day1 no drug,M1,M,Light touch,attending,10.0,1,111.27,1
Day1 no drug,M1,M,Light touch,lickbite,10.0,1,111.27,0
Day1 no drug,M1,M,Light touch,guarding,10.0,1,111.27,0
Day1 no drug,M1,M,Light touch,escape,10.0,1,111.27,0
Day1 no drug,M1,M,Heat,withdrawal,3.0,0,59.7,1
Day1 no drug,M1,M,Heat,flinch,3.0,0,59.7,1
Day1 no drug,M1,M,Heat,attending,10.0,1,59.7,0
Day1 no drug,M1,M,Heat,lickbite,10.0,1,59.7,0
Day1 no drug,M1,M,Heat,guarding,10.0,1,59.7,0
Day1 no drug,M1,M,Heat,escape,10.0,1,59.7,0
Day1 no drug,M1,M,Heat,withdrawal,3.0,0,1.63,1
Day1 no drug,M1,M,Heat,flinch,3.0,0,1.63,1
Day1 no drug,M1,M,Heat,withdrawal,3.0,0,1.37,1
Day1 no drug,M1,M,Heat,flinch,3.0,0,1.37,1
Day1 no drug,M1,M,Heat,withdrawal,3.0,0,76.33,1
Day1 no drug,M1,M,Heat,flinch,3.0,0,76.33,1
Day1 no drug,M1,M,Heat,attending,10.0,1,76.33,1
Day1 no drug,M1,M,Heat,lickbite,10.0,1,76.33,1
Day1 no drug,M1,M,Heat,guarding,10.0,1,76.33,1
Day1 no drug,M1,M,Heat,escape,10.0,1,76.33,1
Day1 no drug,M1,M,Heat,withdrawal,3.0,0,2.63,1
Day1 no drug,M1,M,Heat,flinch,3.0,0,2.63,1
Day1 no drug,M1,M,Heat,withdrawal,3.0,0,0.53,1
Day1 no drug,M1,M,Heat,flinch,3.0,0,0.53,1
Day1 no drug,M1,M,Heat,withdrawal,3.0,0,0.93,1
Day1 no drug,M1,M,Heat,flinch,3.0,0,0.93,1
Day1 no drug,M1,M,Heat,withdrawal,3.0,0,0.63,1
Day1 no drug,M1,M,Heat,flinch,3.0,0,0.63,1
Day1 no drug,M1,M,Heat,withdrawal,3.0,0,0.13,1
Day1 no drug,M1,M,Heat,flinch,3.0,0,0.13,1
Day1 no drug,M1,M,Heat,withdrawal,3.0,0,0.3,1
Day1 no drug,M1,M,Heat,flinch,3.0,0,0.3,1
Day1 no drug,M1,M,Heat,withdrawal,3.0,0,0.77,1
Day1 no drug,M1,M,Heat,flinch,3.0,0,0.77,1
Day1 no drug,M1,M,Heat,withdrawal,3.0,0,98.4,1
Day1 no drug,M1,M,Heat,flinch,3.0,0,98.4,1
Day1 no drug,M1,M,Heat,attending,10.0,1,98.4,1
Day1 no drug,M1,M,Heat,lickbite,10.0,1,98.4,1
Day1 no drug,M1,M,Heat,guarding,10.0,1,98.4,1
Day1 no drug,M1,M,Heat,escape,10.0,1,98.4,0
Day1 no drug,M1,M,Heat,withdrawal,3.0,0,5.23,1
Day1 no drug,M1,M,Heat,flinch,3.0,0,5.23,1
Day1 no drug,M1,M,Heat,withdrawal,3.0,0,2.47,1
Day1 no drug,M1,M,Heat,flinch,3.0,0,2.47,1
Day1 no drug,M1,M,Heat,withdrawal,3.0,0,0.47,1
Day1 no drug,M1,M,Heat,flinch,3.0,0,0.47,1
Day1 no drug,M1,M,Heat,withdrawal,3.0,0,0.5,1
Day1 no drug,M1,M,Heat,flinch,3.0,0,0.5,1
Day1 no drug,M1,M,Heat,withdrawal,3.0,0,27.1,1
Day1 no drug,M1,M,Heat,flinch,3.0,0,27.1,1
Day1 no drug,M1,M,Heat,attending,10.0,1,27.1,0
Day1 no drug,M1,M,Heat,lickbite,10.0,1,27.1,0
Day1 no drug,M1,M,Heat,guarding,10.0,1,27.1,0
Day1 no drug,M1,M,Heat,escape,10.0,1,27.1,1
Day1 no drug,M1,M,Heat,withdrawal,3.0,0,1.0,1
Day1 no drug,M1,M,Heat,flinch,3.0,0,1.0,1
Day1 no drug,M1,M,Heat,withdrawal,3.0,0,0.9,1
Day1 no drug,M1,M,Heat,flinch,3.0,0,0.9,1
Day1 no drug,M1,M,Heat,withdrawal,3.0,0,1.43,1
Day1 no drug,M1,M,Heat,flinch,3.0,0,1.43,1
Day1 no drug,M1,M,Heat,withdrawal,3.0,0,0.4,1
Day1 no drug,M1,M,Heat,flinch,3.0,0,0.4,1
Day1 no drug,M1,M,Heat,withdrawal,3.0,0,74.07,1
Day1 no drug,M1,M,Heat,flinch,3.0,0,74.07,1
Day1 no drug,M1,M,Heat,attending,10.0,1,74.07,1
Day1 no drug,M1,M,Heat,lickbite,10.0,1,74.07,1
Day1 no drug,M1,M,Heat,guarding,10.0,1,74.07,1
Day1 no drug,M1,M,Heat,escape,10.0,1,74.07,1
Day1 no drug,M1,M,Pin prick,withdrawal,3.0,0,1.7,1
Day1 no drug,M1,M,Pin prick,flinch,3.0,0,1.7,1
Day1 no drug,M1,M,Pin prick,withdrawal,3.0,0,3.73,1
Day1 no drug,M1,M,Pin prick,flinch,3.0,0,3.73,1
Day1 no drug,M1,M,Pin prick,withdrawal,3.0,0,115.07,1
Day1 no drug,M1,M,Pin prick,flinch,3.0,0,115.07,1
Day1 no drug,M1,M,Pin prick,attending,10.0,1,115.07,1
Day1 no drug,M1,M,Pin prick,lickbite,10.0,1,115.07,0
Day1 no drug,M1,M,Pin prick,guarding,10.0,1,115.07,1
Day1 no drug,M1,M,Pin prick,escape,10.0,1,115.07,0
Day1 no drug,M1,M,Pin prick,withdrawal,3.0,0,1.3,1
Day1 no drug,M1,M,Pin prick,flinch,3.0,0,1.3,1
Day1 no drug,M1,M,Pin prick,withdrawal,3.0,0,1.9,1
Day1 no drug,M1,M,Pin prick,flinch,3.0,0,1.9,1
Day1 no drug,M1,M,Pin prick,withdrawal,3.0,0,1.37,1
Day1 no drug,M1,M,Pin prick,flinch,3.0,0,1.37,1
Day1 no drug,M1,M,Pin prick,withdrawal,3.0,0,1.8,1
Day1 no drug,M1,M,Pin prick,flinch,3.0,0,1.8,1
Day1 no drug,M1,M,Pin prick,withdrawal,3.0,0,2.6,1
Day1 no drug,M1,M,Pin prick,flinch,3.0,0,2.6,1
Day1 no drug,M1,M,Pin prick,withdrawal,3.0,0,1.07,1
Day1 no drug,M1,M,Pin prick,flinch,3.0,0,1.07,1
Day1 no drug,M1,M,Pin prick,withdrawal,3.0,0,0.6,1
Day1 no drug,M1,M,Pin prick,flinch,3.0,0,0.6,1
Day1 no drug,M1,M,Pin prick,withdrawal,3.0,0,2.53,1
Day1 no drug,M1,M,Pin prick,flinch,3.0,0,2.53,1
Day1 no drug,M1,M,Pin prick,withdrawal,3.0,0,2.3,1
Day1 no drug,M1,M,Pin prick,flinch,3.0,0,2.3,1
Day1 no drug,M1,M,Pin prick,withdrawal,3.0,0,0.6,1
Day1 no drug,M1,M,Pin prick,flinch,3.0,0,0.6,1
Day1 no drug,M1,M,Pin prick,withdrawal,3.0,0,0.53,1
Day1 no drug,M1,M,Pin prick,flinch,3.0,0,0.53,1
Day1 no drug,M1,M,Pin prick,withdrawal,3.0,0,6.3,1
Day1 no drug,M1,M,Pin prick,flinch,3.0,0,6.3,1
Day1 no drug,M1,M,Pin prick,withdrawal,3.0,0,1.93,1
Day1 no drug,M1,M,Pin prick,flinch,3.0,0,1.93,1
Day1 no drug,M1,M,Pin prick,withdrawal,3.0,0,102.7,0
Day1 no drug,M1,M,Pin prick,flinch,3.0,0,102.7,0
Day1 no drug,M1,M,Pin prick,attending,10.0,1,102.7,0
Day1 no drug,M1,M,Pin prick,lickbite,10.0,1,102.7,0
Day1 no drug,M1,M,Pin prick,guarding,10.0,1,102.7,1
Day1 no drug,M1,M,Pin prick,escape,10.0,1,102.7,0
Day1 no drug,M1,M,Pin prick,withdrawal,3.0,0,2.53,1
Day1 no drug,M1,M,Pin prick,flinch,3.0,0,2.53,1
Day1 no drug,M1,M,Pin prick,withdrawal,3.0,0,1.13,1
Day1 no drug,M1,M,Pin prick,flinch,3.0,0,1.13,1
Day1 no drug,M1,M,Pin prick,withdrawal,3.0,0,4.07,1
Day1 no drug,M1,M,Pin prick,flinch,3.0,0,4.07,1
Day1 no drug,M1,M,Pin prick,withdrawal,3.0,0,1.33,1
Day1 no drug,M1,M,Pin prick,flinch,3.0,0,1.33,1
Day1 no drug,M1,M,Pin prick,withdrawal,3.0,0,0.7,1
Day1 no drug,M1,M,Pin prick,flinch,3.0,0,0.7,1
Day1 no drug,M1,M,Pin prick,withdrawal,3.0,0,4.47,1
Day1 no drug,M1,M,Pin prick,flinch,3.0,0,4.47,1
Day1 no drug,M1,M,Pin prick,withdrawal,3.0,0,999.0,1
Day1 no drug,M1,M,Pin prick,flinch,3.0,0,999.0,1
Day1 no drug,M1,M,Pin prick,attending,10.0,1,999.0,1
Day1 no drug,M1,M,Pin prick,lickbite,10.0,1,999.0,0
Day1 no drug,M1,M,Pin prick,guarding,10.0,1,999.0,1
Day1 no drug,M1,M,Pin prick,escape,10.0,1,999.0,0
Day1 no drug,M2,M,Pin prick,withdrawal,3.0,0,11.5,1
Day1 no drug,M2,M,Pin prick,flinch,3.0,0,11.5,1
Day1 no drug,M2,M,Pin prick,attending,10.0,1,11.5,0
Day1 no drug,M2,M,Pin prick,lickbite,10.0,1,11.5,0
Day1 no drug,M2,M,Pin prick,guarding,10.0,1,11.5,0
Day1 no drug,M2,M,Pin prick,escape,10.0,1,11.5,0
Day1 no drug,M2,M,Pin prick,withdrawal,3.0,0,3.1,1
Day1 no drug,M2,M,Pin prick,flinch,3.0,0,3.1,1
Day1 no drug,M2,M,Pin prick,withdrawal,3.0,0,3.77,1
Day1 no drug,M2,M,Pin prick,flinch,3.0,0,3.77,0
Day1 no drug,M2,M,Pin prick,withdrawal,3.0,0,0.53,1
Day1 no drug,M2,M,Pin prick,flinch,3.0,0,0.53,1
Day1 no drug,M2,M,Pin prick,withdrawal,3.0,0,2.07,1
Day1 no drug,M2,M,Pin prick,flinch,3.0,0,2.07,1
Day1 no drug,M2,M,Pin prick,withdrawal,3.0,0,3.23,1
Day1 no drug,M2,M,Pin prick,flinch,3.0,0,3.23,1
Day1 no drug,M2,M,Pin prick,withdrawal,3.0,0,33.63,1
Day1 no drug,M2,M,Pin prick,flinch,3.0,0,33.63,1
Day1 no drug,M2,M,Pin prick,attending,10.0,1,33.63,1
Day1 no drug,M2,M,Pin prick,lickbite,10.0,1,33.63,1
Day1 no drug,M2,M,Pin prick,guarding,10.0,1,33.63,1
Day1 no drug,M2,M,Pin prick,escape,10.0,1,33.63,1
Day1 no drug,M2,M,Pin prick,withdrawal,3.0,0,5.17,1
Day1 no drug,M2,M,Pin prick,flinch,3.0,0,5.17,1
Day1 no drug,M2,M,Pin prick,withdrawal,3.0,0,2.2,1
Day1 no drug,M2,M,Pin prick,flinch,3.0,0,2.2,1
Day1 no drug,M2,M,Pin prick,withdrawal,3.0,0,98.07,1
Day1 no drug,M2,M,Pin prick,flinch,3.0,0,98.07,1
Day1 no drug,M2,M,Pin prick,attending,10.0,1,98.07,0
Day1 no drug,M2,M,Pin prick,lickbite,10.0,1,98.07,0
Day1 no drug,M2,M,Pin prick,guarding,10.0,1,98.07,0
Day1 no drug,M2,M,Pin prick,escape,10.0,1,98.07,0
Day1 no drug,M2,M,Pin prick,withdrawal,3.0,0,0.53,1
Day1 no drug,M2,M,Pin prick,flinch,3.0,0,0.53,1
Day1 no drug,M2,M,Pin prick,withdrawal,3.0,0,3.2,1
Day1 no drug,M2,M,Pin prick,flinch,3.0,0,3.2,1
Day1 no drug,M2,M,Pin prick,withdrawal,3.0,0,1.27,1
Day1 no drug,M2,M,Pin prick,flinch,3.0,0,1.27,1
Day1 no drug,M2,M,Pin prick,withdrawal,3.0,0,2.9,1
Day1 no drug,M2,M,Pin prick,flinch,3.0,0,2.9,1
Day1 no drug,M2,M,Pin prick,withdrawal,3.0,0,14.03,1
Day1 no drug,M2,M,Pin prick,flinch,3.0,0,14.03,1
Day1 no drug,M2,M,Pin prick,attending,10.0,1,14.03,0
Day1 no drug,M2,M,Pin prick,lickbite,10.0,1,14.03,1
Day1 no drug,M2,M,Pin prick,guarding,10.0,1,14.03,1
Day1 no drug,M2,M,Pin prick,escape,10.0,1,14.03,1
Day1 no drug,M2,M,Pin prick,withdrawal,3.0,0,2.73,1
Day1 no drug,M2,M,Pin prick,flinch,3.0,0,2.73,1
Day1 no drug,M2,M,Pin prick,withdrawal,3.0,0,2.5,1
Day1 no drug,M2,M,Pin prick,flinch,3.0,0,2.5,1
Day1 no drug,M2,M,Pin prick,withdrawal,3.0,0,0.9,1
Day1 no drug,M2,M,Pin prick,flinch,3.0,0,0.9,1
Day1 no drug,M2,M,Pin prick,withdrawal,3.0,0,47.57,1
Day1 no drug,M2,M,Pin prick,flinch,3.0,0,47.57,1
Day1 no drug,M2,M,Pin prick,attending,10.0,1,47.57,1
Day1 no drug,M2,M,Pin prick,lickbite,10.0,1,47.57,0
Day1 no drug,M2,M,Pin prick,guarding,10.0,1,47.57,0
Day1 no drug,M2,M,Pin prick,escape,10.0,1,47.57,0
Day1 no drug,M2,M,Pin prick,withdrawal,3.0,0,2.87,1
Day1 no drug,M2,M,Pin prick,flinch,3.0,0,2.87,1
Day1 no drug,M2,M,Pin prick,withdrawal,3.0,0,3.47,1
Day1 no drug,M2,M,Pin prick,flinch,3.0,0,3.47,1
Day1 no drug,M2,M,Pin prick,withdrawal,3.0,0,1.37,1
Day1 no drug,M2,M,Pin prick,flinch,3.0,0,1.37,1
Day1 no drug,M2,M,Pin prick,withdrawal,3.0,0,171.07,0
Day1 no drug,M2,M,Pin prick,flinch,3.0,0,171.07,0
Day1 no drug,M2,M,Pin prick,attending,10.0,1,171.07,1
Day1 no drug,M2,M,Pin prick,lickbite,10.0,1,171.07,1
Day1 no drug,M2,M,Pin prick,guarding,10.0,1,171.07,0
Day1 no drug,M2,M,Pin prick,escape,10.0,1,171.07,1
Day1 no drug,M2,M,Mild touch,withdrawal,3.0,0,0.93,1
Day1 no drug,M2,M,Mild touch,flinch,3.0,0,0.93,1
Day1 no drug,M2,M,Mild touch,withdrawal,3.0,0,1.03,1
Day1 no drug,M2,M,Mild touch,flinch,3.0,0,1.03,1
Day1 no drug,M2,M,Mild touch,withdrawal,3.0,0,3.27,0
Day1 no drug,M2,M,Mild touch,flinch,3.0,0,3.27,1
Day1 no drug,M2,M,Mild touch,withdrawal,3.0,0,1.27,1
Day1 no drug,M2,M,Mild touch,flinch,3.0,0,1.27,1
Day1 no drug,M2,M,Mild touch,withdrawal,3.0,0,2.3,1
Day1 no drug,M2,M,Mild touch,flinch,3.0,0,2.3,1
Day1 no drug,M2,M,Mild touch,withdrawal,3.0,0,7.43,1
Day1 no drug,M2,M,Mild touch,flinch,3.0,0,7.43,1
Day1 no drug,M2,M,Mild touch,withdrawal,3.0,0,10.83,1
Day1 no drug,M2,M,Mild touch,flinch,3.0,0,10.83,1
Day1 no drug,M2,M,Mild touch,attending,10.0,1,10.83,0
Day1 no drug,M2,M,Mild touch,lickbite,10.0,1,10.83,0
Day1 no drug,M2,M,Mild touch,guarding,10.0,1,10.83,1
Day1 no drug,M2,M,Mild touch,escape,10.0,1,10.83,1
Day1 no drug,M2,M,Mild touch,withdrawal,3.0,0,28.57,1
Day1 no drug,M2,M,Mild touch,flinch,3.0,0,28.57,1
Day1 no drug,M2,M,Mild touch,attending,10.0,1,28.57,1
Day1 no drug,M2,M,Mild touch,lickbite,10.0,1,28.57,0
Day1 no drug,M2,M,Mild touch,guarding,10.0,1,28.57,0
Day1 no drug,M2,M,Mild touch,escape,10.0,1,28.57,1
Day1 no drug,M2,M,Mild touch,withdrawal,3.0,0,5.5,1
Day1 no drug,M2,M,Mild touch,flinch,3.0,0,5.5,1
Day1 no drug,M2,M,Mild touch,withdrawal,3.0,0,1.67,0
Day1 no drug,M2,M,Mild touch,flinch,3.0,0,1.67,1
Day1 no drug,M2,M,Mild touch,withdrawal,3.0,0,62.0,0
Day1 no drug,M2,M,Mild touch,flinch,3.0,0,62.0,0
Day1 no drug,M2,M,Mild touch,attending,10.0,1,62.0,0
Day1 no drug,M2,M,Mild touch,lickbite,10.0,1,62.0,1
Day1 no drug,M2,M,Mild touch,guarding,10.0,1,62.0,1
Day1 no drug,M2,M,Mild touch,escape,10.0,1,62.0,1
Day1 no drug,M2,M,Mild touch,withdrawal,3.0,0,1.37,1
Day1 no drug,M2,M,Mild touch,flinch,3.0,0,1.37,1
Day1 no drug,M2,M,Mild touch,withdrawal,3.0,0,2.1,1
Day1 no drug,M2,M,Mild touch,flinch,3.0,0,2.1,1
Day1 no drug,M2,M,Mild touch,withdrawal,3.0,0,2.73,1
Day1 no drug,M2,M,Mild touch,flinch,3.0,0,2.73,1
Day1 no drug,M2,M,Mild touch,withdrawal,3.0,0,2.83,1
Day1 no drug,M2,M,Mild touch,flinch,3.0,0,2.83,1
Day1 no drug,M2,M,Mild touch,withdrawal,3.0,0,3.93,1
Day1 no drug,M2,M,Mild touch,flinch,3.0,0,3.93,1
Day1 no drug,M2,M,Mild touch,withdrawal,3.0,0,3.27,1
Day1 no drug,M2,M,Mild touch,flinch,3.0,0,3.27,0
Day1 no drug,M2,M,Mild touch,withdrawal,3.0,0,81.07,1
Day1 no drug,M2,M,Mild touch,flinch,3.0,0,81.07,1
Day1 no drug,M2,M,Mild touch,attending,10.0,1,81.07,0
Day1 no drug,M2,M,Mild touch,lickbite,10.0,1,81.07,1
Day1 no drug,M2,M,Mild touch,guarding,10.0,1,81.07,1
Day1 no drug,M2,M,Mild touch,escape,10.0,1,81.07,1
Day1 no drug,M2,M,Mild touch,withdrawal,3.0,0,2.17,1
Day1 no drug,M2,M,Mild touch,flinch,3.0,0,2.17,1
Day1 no drug,M2,M,Mild touch,withdrawal,3.0,0,6.5,1
Day1 no drug,M2,M,Mild touch,flinch,3.0,0,6.5,0
Day1 no drug,M2,M,Mild touch,withdrawal,3.0,0,104.23,0
Day1 no drug,M2,M,Mild touch,flinch,3.0,0,104.23,0
Day1 no drug,M2,M,Mild touch,attending,10.0,1,104.23,0
Day1 no drug,M2,M,Mild touch,lickbite,10.0,1,104.23,0
Day1 no drug,M2,M,Mild touch,guarding,10.0,1,104.23,0
Day1 no drug,M2,M,Mild touch,escape,10.0,1,104.23,0
Day1 no drug,M2,M,Heat,withdrawal,3.0,0,1.93,1
Day1 no drug,M2,M,Heat,flinch,3.0,0,1.93,1
Day1 no drug,M2,M,Heat,withdrawal,3.0,0,22.67,1
Day1 no drug,M2,M,Heat,flinch,3.0,0,22.67,1
Day1 no drug,M2,M,Heat,attending,10.0,1,22.67,0
Day1 no drug,M2,M,Heat,lickbite,10.0,1,22.67,0
Day1 no drug,M2,M,Heat,guarding,10.0,1,22.67,0
Day1 no drug,M2,M,Heat,escape,10.0,1,22.67,0
Day1 no drug,M2,M,Heat,withdrawal,3.0,0,2.2,1
Day1 no drug,M2,M,Heat,flinch,3.0,0,2.2,1
Day1 no drug,M2,M,Heat,withdrawal,3.0,0,2.27,1
Day1 no drug,M2,M,Heat,flinch,3.0,0,2.27,1
Day1 no drug,M2,M,Heat,withdrawal,3.0,0,16.3,1
Day1 no drug,M2,M,Heat,flinch,3.0,0,16.3,1
Day1 no drug,M2,M,Heat,attending,10.0,1,16.3,1
Day1 no drug,M2,M,Heat,lickbite,10.0,1,16.3,1
Day1 no drug,M2,M,Heat,guarding,10.0,1,16.3,1
Day1 no drug,M2,M,Heat,escape,10.0,1,16.3,0
Day1 no drug,M2,M,Heat,withdrawal,3.0,0,0.97,1
Day1 no drug,M2,M,Heat,flinch,3.0,0,0.97,1
Day1 no drug,M2,M,Heat,withdrawal,3.0,0,124.9,1
Day1 no drug,M2,M,Heat,flinch,3.0,0,124.9,1
Day1 no drug,M2,M,Heat,attending,10.0,1,124.9,1
Day1 no drug,M2,M,Heat,lickbite,10.0,1,124.9,1
Day1 no drug,M2,M,Heat,guarding,10.0,1,124.9,1
Day1 no drug,M2,M,Heat,escape,10.0,1,124.9,1
Day1 no drug,M2,M,Heat,withdrawal,3.0,0,0.97,1
Day1 no drug,M2,M,Heat,flinch,3.0,0,0.97,1
Day1 no drug,M2,M,Heat,withdrawal,3.0,0,1.0,1
Day1 no drug,M2,M,Heat,flinch,3.0,0,1.0,1
Day1 no drug,M2,M,Heat,withdrawal,3.0,0,47.57,1
Day1 no drug,M2,M,Heat,flinch,3.0,0,47.57,1
Day1 no drug,M2,M,Heat,attending,10.0,1,47.57,1
Day1 no drug,M2,M,Heat,lickbite,10.0,1,47.57,1
Day1 no drug,M2,M,Heat,guarding,10.0,1,47.57,1
Day1 no drug,M2,M,Heat,escape,10.0,1,47.57,1
Day1 no drug,M2,M,Heat,withdrawal,3.0,0,0.13,1
Day1 no drug,M2,M,Heat,flinch,3.0,0,0.13,1
Day1 no drug,M2,M,Heat,withdrawal,3.0,0,1.1,1
Day1 no drug,M2,M,Heat,flinch,3.0,0,1.1,1
Day1 no drug,M2,M,Heat,withdrawal,3.0,0,0.33,1
Day1 no drug,M2,M,Heat,flinch,3.0,0,0.33,1
Day1 no drug,M2,M,Heat,withdrawal,3.0,0,1.1,1
Day1 no drug,M2,M,Heat,flinch,3.0,0,1.1,1
Day1 no drug,M2,M,Heat,withdrawal,3.0,0,0.3,1
Day1 no drug,M2,M,Heat,flinch,3.0,0,0.3,1
Day1 no drug,M2,M,Heat,withdrawal,3.0,0,120.33,1
Day1 no drug,M2,M,Heat,flinch,3.0,0,120.33,1
Day1 no drug,M2,M,Heat,attending,10.0,1,120.33,0
Day1 no drug,M2,M,Heat,lickbite,10.0,1,120.33,0
Day1 no drug,M2,M,Heat,guarding,10.0,1,120.33,0
Day1 no drug,M2,M,Heat,escape,10.0,1,120.33,0
Day1 no drug,M2,M,Light touch,withdrawal,3.0,0,3.2,1
Day1 no drug,M2,M,Light touch,flinch,3.0,0,3.2,1
Day1 no drug,M2,M,Light touch,withdrawal,3.0,0,4.37,0
Day1 no drug,M2,M,Light touch,flinch,3.0,0,4.37,0
Day1 no drug,M2,M,Light touch,withdrawal,3.0,0,5.17,0
Day1 no drug,M2,M,Light touch,flinch,3.0,0,5.17,0
Day1 no drug,M2,M,Light touch,withdrawal,3.0,0,2.67,0
Day1 no drug,M2,M,Light touch,flinch,3.0,0,2.67,0
Day1 no drug,M2,M,Light touch,withdrawal,3.0,0,0.8,1
Day1 no drug,M2,M,Light touch,flinch,3.0,0,0.8,0
Day1 no drug,M2,M,Light touch,withdrawal,3.0,0,1.4,1
Day1 no drug,M2,M,Light touch,flinch,3.0,0,1.4,0
Day1 no drug,M2,M,Light touch,withdrawal,3.0,0,6.87,1
Day1 no drug,M2,M,Light touch,flinch,3.0,0,6.87,0
Day1 no drug,M2,M,Light touch,withdrawal,3.0,0,0.73,1
Day1 no drug,M2,M,Light touch,flinch,3.0,0,0.73,0
Day1 no drug,M2,M,Light touch,withdrawal,3.0,0,2.53,1
Day1 no drug,M2,M,Light touch,flinch,3.0,0,2.53,0
Day1 no drug,M2,M,Light touch,withdrawal,3.0,0,5.2,1
Day1 no drug,M2,M,Light touch,flinch,3.0,0,5.2,1
Day1 no drug,M2,M,Light touch,withdrawal,3.0,0,5.83,1
Day1 no drug,M2,M,Light touch,flinch,3.0,0,5.83,1
Day1 no drug,M2,M,Light touch,withdrawal,3.0,0,68.27,1
Day1 no drug,M2,M,Light touch,flinch,3.0,0,68.27,0
Day1 no drug,M2,M,Light touch,attending,10.0,1,68.27,0
Day1 no drug,M2,M,Light touch,lickbite,10.0,1,68.27,0
Day1 no drug,M2,M,Light touch,guarding,10.0,1,68.27,0
Day1 no drug,M2,M,Light touch,escape,10.0,1,68.27,1
Day1 no drug,M2,M,Light touch,withdrawal,3.0,0,4.17,1
Day1 no drug,M2,M,Light touch,flinch,3.0,0,4.17,0
Day1 no drug,M2,M,Light touch,withdrawal,3.0,0,2.93,0
Day1 no drug,M2,M,Light touch,flinch,3.0,0,2.93,0
Day1 no drug,M2,M,Light touch,withdrawal,3.0,0,1.33,1
Day1 no drug,M2,M,Light touch,flinch,3.0,0,1.33,0
Day1 no drug,M2,M,Light touch,withdrawal,3.0,0,2.8,1
Day1 no drug,M2,M,Light touch,flinch,3.0,0,2.8,0
Day1 no drug,M2,M,Light touch,withdrawal,3.0,0,2.03,1
Day1 no drug,M2,M,Light touch,flinch,3.0,0,2.03,0
Day1 no drug,M2,M,Light touch,withdrawal,3.0,0,4.27,1
Day1 no drug,M2,M,Light touch,flinch,3.0,0,4.27,0
Day1 no drug,M2,M,Light touch,withdrawal,3.0,0,2.3,1
Day1 no drug,M2,M,Light touch,flinch,3.0,0,2.3,1
Day1 no drug,M2,M,Light touch,withdrawal,3.0,0,114.13,1
Day1 no drug,M2,M,Light touch,flinch,3.0,0,114.13,1
Day1 no drug,M2,M,Light touch,attending,10.0,1,114.13,0
Day1 no drug,M2,M,Light touch,lickbite,10.0,1,114.13,0
Day1 no drug,M2,M,Light touch,guarding,10.0,1,114.13,0
Day1 no drug,M2,M,Light touch,escape,10.0,1,114.13,0
Day1 no drug,M2,M,Light touch,withdrawal,3.0,0,0.9,1
Day1 no drug,M2,M,Light touch,flinch,3.0,0,0.9,0
Day1 no drug,M2,M,Light touch,withdrawal,3.0,0,9.3,1
Day1 no drug,M2,M,Light touch,flinch,3.0,0,9.3,0
Day1 no drug,M2,M,Light touch,withdrawal,3.0,0,999.0,0
Day1 no drug,M2,M,Light touch,flinch,3.0,0,999.0,0
Day1 no drug,M2,M,Light touch,attending,10.0,1,999.0,1
Day1 no drug,M2,M,Light touch,lickbite,10.0,1,999.0,0
Day1 no drug,M2,M,Light touch,guarding,10.0,1,999.0,0
Day1 no drug,M2,M,Light touch,escape,10.0,1,999.0,0
Day1 no drug,M3,M,Pin prick,withdrawal,3.0,0,7.37,1
Day1 no drug,M3,M,Pin prick,flinch,3.0,0,7.37,0
Day1 no drug,M3,M,Pin prick,withdrawal,3.0,0,48.83,1
Day1 no drug,M3,M,Pin prick,flinch,3.0,0,48.83,0
Day1 no drug,M3,M,Pin prick,attending,10.0,1,48.83,1
Day1 no drug,M3,M,Pin prick,lickbite,10.0,1,48.83,0
Day1 no drug,M3,M,Pin prick,guarding,10.0,1,48.83,0
Day1 no drug,M3,M,Pin prick,escape,10.0,1,48.83,0
Day1 no drug,M3,M,Pin prick,withdrawal,3.0,0,3.8,1
Day1 no drug,M3,M,Pin prick,flinch,3.0,0,3.8,0
Day1 no drug,M3,M,Pin prick,withdrawal,3.0,0,1.5,1
Day1 no drug,M3,M,Pin prick,flinch,3.0,0,1.5,1
Day1 no drug,M3,M,Pin prick,withdrawal,3.0,0,1.4,1
Day1 no drug,M3,M,Pin prick,flinch,3.0,0,1.4,1
Day1 no drug,M3,M,Pin prick,withdrawal,3.0,0,1.9,1
Day1 no drug,M3,M,Pin prick,flinch,3.0,0,1.9,1
Day1 no drug,M3,M,Pin prick,withdrawal,3.0,0,0.07,0
Day1 no drug,M3,M,Pin prick,flinch,3.0,0,0.07,0
Day1 no drug,M3,M,Pin prick,withdrawal,3.0,0,66.87,0
Day1 no drug,M3,M,Pin prick,flinch,3.0,0,66.87,0
Day1 no drug,M3,M,Pin prick,attending,10.0,1,66.87,1
Day1 no drug,M3,M,Pin prick,lickbite,10.0,1,66.87,1
Day1 no drug,M3,M,Pin prick,guarding,10.0,1,66.87,0
Day1 no drug,M3,M,Pin prick,escape,10.0,1,66.87,0
Day1 no drug,M3,M,Pin prick,withdrawal,3.0,0,1.93,1
Day1 no drug,M3,M,Pin prick,flinch,3.0,0,1.93,1
Day1 no drug,M3,M,Pin prick,withdrawal,3.0,0,1.73,1
Day1 no drug,M3,M,Pin prick,flinch,3.0,0,1.73,1
Day1 no drug,M3,M,Pin prick,withdrawal,3.0,0,3.23,1
Day1 no drug,M3,M,Pin prick,flinch,3.0,0,3.23,1
Day1 no drug,M3,M,Pin prick,withdrawal,3.0,0,0.87,0
Day1 no drug,M3,M,Pin prick,flinch,3.0,0,0.87,0
Day1 no drug,M3,M,Pin prick,withdrawal,3.0,0,118.4,0
Day1 no drug,M3,M,Pin prick,flinch,3.0,0,118.4,0
Day1 no drug,M3,M,Pin prick,attending,10.0,1,118.4,0
Day1 no drug,M3,M,Pin prick,lickbite,10.0,1,118.4,1
Day1 no drug,M3,M,Pin prick,guarding,10.0,1,118.4,0
Day1 no drug,M3,M,Pin prick,escape,10.0,1,118.4,0
Day1 no drug,M3,M,Pin prick,withdrawal,3.0,0,1.73,1
Day1 no drug,M3,M,Pin prick,flinch,3.0,0,1.73,1
Day1 no drug,M3,M,Pin prick,withdrawal,3.0,0,2.9,1
Day1 no drug,M3,M,Pin prick,flinch,3.0,0,2.9,1
Day1 no drug,M3,M,Pin prick,withdrawal,3.0,0,0.73,1
Day1 no drug,M3,M,Pin prick,flinch,3.0,0,0.73,0
Day1 no drug,M3,M,Pin prick,withdrawal,3.0,0,2.2,1
Day1 no drug,M3,M,Pin prick,flinch,3.0,0,2.2,0
Day1 no drug,M3,M,Pin prick,withdrawal,3.0,0,1.87,1
Day1 no drug,M3,M,Pin prick,flinch,3.0,0,1.87,1
Day1 no drug,M3,M,Pin prick,withdrawal,3.0,0,1.27,1
Day1 no drug,M3,M,Pin prick,flinch,3.0,0,1.27,1
Day1 no drug,M3,M,Pin prick,withdrawal,3.0,0,2.7,1
Day1 no drug,M3,M,Pin prick,flinch,3.0,0,2.7,0
Day1 no drug,M3,M,Pin prick,withdrawal,3.0,0,1.77,1
Day1 no drug,M3,M,Pin prick,flinch,3.0,0,1.77,0
Day1 no drug,M3,M,Pin prick,withdrawal,3.0,0,204.63,1
Day1 no drug,M3,M,Pin prick,flinch,3.0,0,204.63,0
Day1 no drug,M3,M,Pin prick,attending,10.0,1,204.63,1
Day1 no drug,M3,M,Pin prick,lickbite,10.0,1,204.63,0
Day1 no drug,M3,M,Pin prick,guarding,10.0,1,204.63,0
Day1 no drug,M3,M,Pin prick,escape,10.0,1,204.63,1
Day1 no drug,M3,M,Mild touch,withdrawal,3.0,0,2.7,1
Day1 no drug,M3,M,Mild touch,flinch,3.0,0,2.7,0
Day1 no drug,M3,M,Mild touch,withdrawal,3.0,0,2.2,1
Day1 no drug,M3,M,Mild touch,flinch,3.0,0,2.2,0
Day1 no drug,M3,M,Mild touch,withdrawal,3.0,0,0.6,1
Day1 no drug,M3,M,Mild touch,flinch,3.0,0,0.6,0
Day1 no drug,M3,M,Mild touch,withdrawal,3.0,0,2.2,1
Day1 no drug,M3,M,Mild touch,flinch,3.0,0,2.2,0
Day1 no drug,M3,M,Mild touch,withdrawal,3.0,0,0.97,1
Day1 no drug,M3,M,Mild touch,flinch,3.0,0,0.97,0
Day1 no drug,M3,M,Mild touch,withdrawal,3.0,0,19.73,1
Day1 no drug,M3,M,Mild touch,flinch,3.0,0,19.73,0
Day1 no drug,M3,M,Mild touch,attending,10.0,1,19.73,1
Day1 no drug,M3,M,Mild touch,lickbite,10.0,1,19.73,0
Day1 no drug,M3,M,Mild touch,guarding,10.0,1,19.73,0
Day1 no drug,M3,M,Mild touch,escape,10.0,1,19.73,0
Day1 no drug,M3,M,Mild touch,withdrawal,3.0,0,1.67,1
Day1 no drug,M3,M,Mild touch,flinch,3.0,0,1.67,0
Day1 no drug,M3,M,Mild touch,withdrawal,3.0,0,2.3,1
Day1 no drug,M3,M,Mild touch,flinch,3.0,0,2.3,0
Day1 no drug,M3,M,Mild touch,withdrawal,3.0,0,1.03,1
Day1 no drug,M3,M,Mild touch,flinch,3.0,0,1.03,0
Day1 no drug,M3,M,Mild touch,withdrawal,3.0,0,3.9,1
Day1 no drug,M3,M,Mild touch,flinch,3.0,0,3.9,0
Day1 no drug,M3,M,Mild touch,withdrawal,3.0,0,2.1,1
Day1 no drug,M3,M,Mild touch,flinch,3.0,0,2.1,0
Day1 no drug,M3,M,Mild touch,withdrawal,3.0,0,81.03,1
Day1 no drug,M3,M,Mild touch,flinch,3.0,0,81.03,0
Day1 no drug,M3,M,Mild touch,attending,10.0,1,81.03,1
Day1 no drug,M3,M,Mild touch,lickbite,10.0,1,81.03,0
Day1 no drug,M3,M,Mild touch,guarding,10.0,1,81.03,0
Day1 no drug,M3,M,Mild touch,escape,10.0,1,81.03,0
Day1 no drug,M3,M,Mild touch,withdrawal,3.0,0,1.13,1
Day1 no drug,M3,M,Mild touch,flinch,3.0,0,1.13,1
Day1 no drug,M3,M,Mild touch,withdrawal,3.0,0,1.33,1
Day1 no drug,M3,M,Mild touch,flinch,3.0,0,1.33,1
Day1 no drug,M3,M,Mild touch,withdrawal,3.0,0,2.33,1
Day1 no drug,M3,M,Mild touch,flinch,3.0,0,2.33,1
Day1 no drug,M3,M,Mild touch,withdrawal,3.0,0,0.33,1
Day1 no drug,M3,M,Mild touch,flinch,3.0,0,0.33,0
Day1 no drug,M3,M,Mild touch,withdrawal,3.0,0,0.33,1
Day1 no drug,M3,M,Mild touch,flinch,3.0,0,0.33,0
Day1 no drug,M3,M,Mild touch,withdrawal,3.0,0,0.37,1
Day1 no drug,M3,M,Mild touch,flinch,3.0,0,0.37,0
Day1 no drug,M3,M,Mild touch,withdrawal,3.0,0,5.77,1
Day1 no drug,M3,M,Mild touch,flinch,3.0,0,5.77,0
Day1 no drug,M3,M,Mild touch,withdrawal,3.0,0,1.33,1
Day1 no drug,M3,M,Mild touch,flinch,3.0,0,1.33,0
Day1 no drug,M3,M,Mild touch,withdrawal,3.0,0,4.67,1
Day1 no drug,M3,M,Mild touch,flinch,3.0,0,4.67,1
Day1 no drug,M3,M,Mild touch,withdrawal,3.0,0,0.57,1
Day1 no drug,M3,M,Mild touch,flinch,3.0,0,0.57,0
Day1 no drug,M3,M,Mild touch,withdrawal,3.0,0,0.83,1
Day1 no drug,M3,M,Mild touch,flinch,3.0,0,0.83,0
Day1 no drug,M3,M,Mild touch,withdrawal,3.0,0,99.03,1
Day1 no drug,M3,M,Mild touch,flinch,3.0,0,99.03,0
Day1 no drug,M3,M,Mild touch,attending,10.0,1,99.03,1
Day1 no drug,M3,M,Mild touch,lickbite,10.0,1,99.03,0
Day1 no drug,M3,M,Mild touch,guarding,10.0,1,99.03,0
Day1 no drug,M3,M,Mild touch,escape,10.0,1,99.03,0
Day1 no drug,M3,M,Light touch,withdrawal,3.0,0,3.5,1
Day1 no drug,M3,M,Light touch,flinch,3.0,0,3.5,0
Day1 no drug,M3,M,Light touch,withdrawal,3.0,0,0.7,1
Day1 no drug,M3,M,Light touch,flinch,3.0,0,0.7,0
Day1 no drug,M3,M,Light touch,withdrawal,3.0,0,0.7,1
Day1 no drug,M3,M,Light touch,flinch,3.0,0,0.7,0
Day1 no drug,M3,M,Light touch,withdrawal,3.0,0,2.3,1
Day1 no drug,M3,M,Light touch,flinch,3.0,0,2.3,0
Day1 no drug,M3,M,Light touch,withdrawal,3.0,0,0.3,1
Day1 no drug,M3,M,Light touch,flinch,3.0,0,0.3,1
Day1 no drug,M3,M,Light touch,withdrawal,3.0,0,1.27,1
Day1 no drug,M3,M,Light touch,flinch,3.0,0,1.27,1
Day1 no drug,M3,M,Light touch,withdrawal,3.0,0,1.1,1
Day1 no drug,M3,M,Light touch,flinch,3.0,0,1.1,0
Day1 no drug,M3,M,Light touch,withdrawal,3.0,0,1.03,1
Day1 no drug,M3,M,Light touch,flinch,3.0,0,1.03,0
Day1 no drug,M3,M,Light touch,withdrawal,3.0,0,112.13,1
Day1 no drug,M3,M,Light touch,flinch,3.0,0,112.13,0
Day1 no drug,M3,M,Light touch,attending,10.0,1,112.13,0
Day1 no drug,M3,M,Light touch,lickbite,10.0,1,112.13,0
Day1 no drug,M3,M,Light touch,guarding,10.0,1,112.13,1
Day1 no drug,M3,M,Light touch,escape,10.0,1,112.13,1
Day1 no drug,M3,M,Light touch,withdrawal,3.0,0,3.2,0
Day1 no drug,M3,M,Light touch,flinch,3.0,0,3.2,0
Day1 no drug,M3,M,Light touch,withdrawal,3.0,0,4.6,1
Day1 no drug,M3,M,Light touch,flinch,3.0,0,4.6,0
Day1 no drug,M3,M,Light touch,withdrawal,3.0,0,0.7,1
Day1 no drug,M3,M,Light touch,flinch,3.0,0,0.7,0
Day1 no drug,M3,M,Light touch,withdrawal,3.0,0,2.87,1
Day1 no drug,M3,M,Light touch,flinch,3.0,0,2.87,0
Day1 no drug,M3,M,Light touch,withdrawal,3.0,0,7.33,0
Day1 no drug,M3,M,Light touch,flinch,3.0,0,7.33,0
Day1 no drug,M3,M,Light touch,withdrawal,3.0,0,31.3,0
Day1 no drug,M3,M,Light touch,flinch,3.0,0,31.3,0
Day1 no drug,M3,M,Light touch,attending,10.0,1,31.3,1
Day1 no drug,M3,M,Light touch,lickbite,10.0,1,31.3,0
Day1 no drug,M3,M,Light touch,guarding,10.0,1,31.3,0
Day1 no drug,M3,M,Light touch,escape,10.0,1,31.3,0
Day1 no drug,M3,M,Light touch,withdrawal,3.0,0,6.13,1
Day1 no drug,M3,M,Light touch,flinch,3.0,0,6.13,0
Day1 no drug,M3,M,Light touch,withdrawal,3.0,0,18.4,0
Day1 no drug,M3,M,Light touch,flinch,3.0,0,18.4,0
Day1 no drug,M3,M,Light touch,attending,10.0,1,18.4,0
Day1 no drug,M3,M,Light touch,lickbite,10.0,1,18.4,0
Day1 no drug,M3,M,Light touch,guarding,10.0,1,18.4,0
Day1 no drug,M3,M,Light touch,escape,10.0,1,18.4,1
Day1 no drug,M3,M,Light touch,withdrawal,3.0,0,2.1,1
Day1 no drug,M3,M,Light touch,flinch,3.0,0,2.1,0
Day1 no drug,M3,M,Light touch,withdrawal,3.0,0,43.0,1
Day1 no drug,M3,M,Light touch,flinch,3.0,0,43.0,0
Day1 no drug,M3,M,Light touch,attending,10.0,1,43.0,0
Day1 no drug,M3,M,Light touch,lickbite,10.0,1,43.0,0
Day1 no drug,M3,M,Light touch,guarding,10.0,1,43.0,0
Day1 no drug,M3,M,Light touch,escape,10.0,1,43.0,0
Day1 no drug,M3,M,Light touch,withdrawal,3.0,0,2.2,1
Day1 no drug,M3,M,Light touch,flinch,3.0,0,2.2,0
Day1 no drug,M3,M,Light touch,withdrawal,3.0,0,2.9,1
Day1 no drug,M3,M,Light touch,flinch,3.0,0,2.9,0
Day1 no drug,M3,M,Light touch,withdrawal,3.0,0,0.6,1
Day1 no drug,M3,M,Light touch,flinch,3.0,0,0.6,1
Day1 no drug,M3,M,Light touch,withdrawal,3.0,0,1.87,1
Day1 no drug,M3,M,Light touch,flinch,3.0,0,1.87,1
Day1 no drug,M3,M,Light touch,withdrawal,3.0,0,3.47,1
Day1 no drug,M3,M,Light touch,flinch,3.0,0,3.47,1
Day1 no drug,M3,M,Light touch,withdrawal,3.0,0,120.53,1
Day1 no drug,M3,M,Light touch,flinch,3.0,0,120.53,0
Day1 no drug,M3,M,Light touch,attending,10.0,1,120.53,0
Day1 no drug,M3,M,Light touch,lickbite,10.0,1,120.53,0
Day1 no drug,M3,M,Light touch,guarding,10.0,1,120.53,0
Day1 no drug,M3,M,Light touch,escape,10.0,1,120.53,0
Day1 no drug,M3,M,Heat,withdrawal,3.0,0,0.9,1
Day1 no drug,M3,M,Heat,flinch,3.0,0,0.9,1
Day1 no drug,M3,M,Heat,withdrawal,3.0,0,1.6,1
Day1 no drug,M3,M,Heat,flinch,3.0,0,1.6,1
Day1 no drug,M3,M,Heat,withdrawal,3.0,0,1.97,1
Day1 no drug,M3,M,Heat,flinch,3.0,0,1.97,1
Day1 no drug,M3,M,Heat,withdrawal,3.0,0,83.23,1
Day1 no drug,M3,M,Heat,flinch,3.0,0,83.23,1
Day1 no drug,M3,M,Heat,attending,10.0,1,83.23,0
Day1 no drug,M3,M,Heat,lickbite,10.0,1,83.23,0
Day1 no drug,M3,M,Heat,guarding,10.0,1,83.23,1
Day1 no drug,M3,M,Heat,escape,10.0,1,83.23,1
Day1 no drug,M3,M,Heat,withdrawal,3.0,0,16.3,1
Day1 no drug,M3,M,Heat,flinch,3.0,0,16.3,1
Day1 no drug,M3,M,Heat,attending,10.0,1,16.3,0
Day1 no drug,M3,M,Heat,lickbite,10.0,1,16.3,0
Day1 no drug,M3,M,Heat,guarding,10.0,1,16.3,1
Day1 no drug,M3,M,Heat,escape,10.0,1,16.3,0
Day1 no drug,M3,M,Heat,withdrawal,3.0,0,1.13,1
Day1 no drug,M3,M,Heat,flinch,3.0,0,1.13,1
Day1 no drug,M3,M,Heat,withdrawal,3.0,0,2.53,1
Day1 no drug,M3,M,Heat,flinch,3.0,0,2.53,1
Day1 no drug,M3,M,Heat,withdrawal,3.0,0,1.03,1
Day1 no drug,M3,M,Heat,flinch,3.0,0,1.03,1
Day1 no drug,M3,M,Heat,withdrawal,3.0,0,54.0,1
Day1 no drug,M3,M,Heat,flinch,3.0,0,54.0,1
Day1 no drug,M3,M,Heat,attending,10.0,1,54.0,1
Day1 no drug,M3,M,Heat,lickbite,10.0,1,54.0,1
Day1 no drug,M3,M,Heat,guarding,10.0,1,54.0,1
Day1 no drug,M3,M,Heat,escape,10.0,1,54.0,1
Day1 no drug,M3,M,Heat,withdrawal,3.0,0,1.4,1
Day1 no drug,M3,M,Heat,flinch,3.0,0,1.4,1
Day1 no drug,M3,M,Heat,withdrawal,3.0,0,119.63,1
Day1 no drug,M3,M,Heat,flinch,3.0,0,119.63,1
Day1 no drug,M3,M,Heat,attending,10.0,1,119.63,1
Day1 no drug,M3,M,Heat,lickbite,10.0,1,119.63,0
Day1 no drug,M3,M,Heat,guarding,10.0,1,119.63,0
Day1 no drug,M3,M,Heat,escape,10.0,1,119.63,1
Day1 no drug,M3,M,Heat,withdrawal,3.0,0,1.2,1
Day1 no drug,M3,M,Heat,flinch,3.0,0,1.2,1
Day1 no drug,M3,M,Heat,withdrawal,3.0,0,1.53,1
Day1 no drug,M3,M,Heat,flinch,3.0,0,1.53,1
Day1 no drug,M3,M,Heat,withdrawal,3.0,0,0.4,1
Day1 no drug,M3,M,Heat,flinch,3.0,0,0.4,1
Day1 no drug,M3,M,Heat,withdrawal,3.0,0,0.9,1
Day1 no drug,M3,M,Heat,flinch,3.0,0,0.9,0
Day1 no drug,M3,M,Heat,withdrawal,3.0,0,2.03,1
Day1 no drug,M3,M,Heat,flinch,3.0,0,2.03,1
Day1 no drug,M3,M,Heat,withdrawal,3.0,0,2.0,1
Day1 no drug,M3,M,Heat,flinch,3.0,0,2.0,1
Day1 no drug,M3,M,Heat,withdrawal,3.0,0,1.6,1
Day1 no drug,M3,M,Heat,flinch,3.0,0,1.6,1
Day1 no drug,M3,M,Heat,withdrawal,3.0,0,1.23,1
Day1 no drug,M3,M,Heat,flinch,3.0,0,1.23,0
Day1 no drug,M3,M,Heat,withdrawal,3.0,0,999.0,1
Day1 no drug,M3,M,Heat,flinch,3.0,0,999.0,0
Day1 no drug,M3,M,Heat,attending,10.0,1,999.0,1
Day1 no drug,M3,M,Heat,lickbite,10.0,1,999.0,1
Day1 no drug,M3,M,Heat,guarding,10.0,1,999.0,0
Day1 no drug,M3,M,Heat,escape,10.0,1,999.0,1
