session,mouse,sex,day,phase,fps,nUsed,guardMin,session_s,period,kind,pos,stim_code,stimulus,n_del,dur_s,dur_min,truncated,uncertain_pct,behaviour,class,n_bouts,total_dur_s,rate_per_min,dur_pct_time,n_per_delivery,dur_s_per_delivery
7,F1,F,2,Post-treatment,30.00003000003,50479,0.0,1682.6316507,baseline,baseline,0,0,none,0,299.99969999999996,4.999994999999999,0,0.0,attending,affective,0,0.0,0.0,0.0,,
7,F1,F,2,Post-treatment,30.00003000003,50479,0.0,1682.6316507,baseline,baseline,0,0,none,0,299.99969999999996,4.999994999999999,0,0.0,lickbite,affective,0,0.0,0.0,0.0,,
7,F1,F,2,Post-treatment,30.00003000003,50479,0.0,1682.6316507,baseline,baseline,0,0,none,0,299.99969999999996,4.999994999999999,0,0.0,guarding,affective,0,0.0,0.0,0.0,,
7,F1,F,2,Post-treatment,30.00003000003,50479,0.0,1682.6316507,baseline,baseline,0,0,none,0,299.99969999999996,4.999994999999999,0,0.0,escape,affective,5,7.233326099999999,1.0000010000010002,2.411111111111111,,
7,F1,F,2,Post-treatment,30.00003000003,50479,0.0,1682.6316507,baseline,baseline,0,0,none,0,299.99969999999996,4.999994999999999,0,0.0,withdrawal,reflexive,0,,0.0,,,
7,F1,F,2,Post-treatment,30.00003000003,50479,0.0,1682.6316507,baseline,baseline,0,0,none,0,299.99969999999996,4.999994999999999,0,0.0,flinch,reflexive,0,,0.0,,,
7,F1,F,2,Post-treatment,30.00003000003,50479,0.0,1682.6316507,block1_Pin prick,stimulus,1,1,Pin prick,17,359.99964,5.999994,0,0.0,attending,affective,0,0.0,0.0,0.0,0.0,0.0
7,F1,F,2,Post-treatment,30.00003000003,50479,0.0,1682.6316507,block1_Pin prick,stimulus,1,1,Pin prick,17,359.99964,5.999994,0,0.0,lickbite,affective,1,0.2333331,0.1666668333335,0.06481481481481481,0.058823529411764705,0.013725476470588235
7,F1,F,2,Post-treatment,30.00003000003,50479,0.0,1682.6316507,block1_Pin prick,stimulus,1,1,Pin prick,17,359.99964,5.999994,0,0.0,guarding,affective,1,0.999999,0.1666668333335,0.2777777777777778,0.058823529411764705,0.05882347058823529
7,F1,F,2,Post-treatment,30.00003000003,50479,0.0,1682.6316507,block1_Pin prick,stimulus,1,1,Pin prick,17,359.99964,5.999994,0,0.0,escape,affective,3,5.3666613,0.5000005000005,1.4907407407407407,0.17647058823529413,0.3156859588235294
7,F1,F,2,Post-treatment,30.00003000003,50479,0.0,1682.6316507,block1_Pin prick,stimulus,1,1,Pin prick,17,359.99964,5.999994,0,0.0,withdrawal,reflexive,16,,2.666669333336,,0.9411764705882353,
7,F1,F,2,Post-treatment,30.00003000003,50479,0.0,1682.6316507,block1_Pin prick,stimulus,1,1,Pin prick,17,359.99964,5.999994,0,0.0,flinch,reflexive,4,,0.666667333334,,0.23529411764705882,
7,F1,F,2,Post-treatment,30.00003000003,50479,0.0,1682.6316507,block2_Heat,stimulus,2,2,Heat,15,352.8663138,5.88110523,0,0.0,attending,affective,0,0.0,0.0,0.0,0.0,0.0
7,F1,F,2,Post-treatment,30.00003000003,50479,0.0,1682.6316507,block2_Heat,stimulus,2,2,Heat,15,352.8663138,5.88110523,0,0.0,lickbite,affective,2,2.3999976,0.3400721330061969,0.6801435858681276,0.13333333333333333,0.15999983999999998
7,F1,F,2,Post-treatment,30.00003000003,50479,0.0,1682.6316507,block2_Heat,stimulus,2,2,Heat,15,352.8663138,5.88110523,0,0.0,guarding,affective,6,10.0666566,1.0202163990185906,2.852824485169091,0.4,0.67111044
7,F1,F,2,Post-treatment,30.00003000003,50479,0.0,1682.6316507,block2_Heat,stimulus,2,2,Heat,15,352.8663138,5.88110523,0,0.0,escape,affective,4,6.4666602,0.6801442660123938,1.8326091063668997,0.26666666666666666,0.43111067999999997
7,F1,F,2,Post-treatment,30.00003000003,50479,0.0,1682.6316507,block2_Heat,stimulus,2,2,Heat,15,352.8663138,5.88110523,0,0.0,withdrawal,reflexive,11,,1.8703967315340826,,0.7333333333333333,
7,F1,F,2,Post-treatment,30.00003000003,50479,0.0,1682.6316507,block2_Heat,stimulus,2,2,Heat,15,352.8663138,5.88110523,0,0.0,flinch,reflexive,1,,0.17003606650309844,,0.06666666666666667,
7,F1,F,2,Post-treatment,30.00003000003,50479,0.0,1682.6316507,block3_Mild touch,stimulus,3,3,Mild touch,13,352.0996479,5.868327464999999,0,0.0,attending,affective,0,0.0,0.0,0.0,0.0,0.0
7,F1,F,2,Post-treatment,30.00003000003,50479,0.0,1682.6316507,block3_Mild touch,stimulus,3,3,Mild touch,13,352.0996479,5.868327464999999,0,0.0,lickbite,affective,7,3.2666633999999997,1.1928441351900598,0.9277667329357191,0.5384615384615384,0.2512818
7,F1,F,2,Post-treatment,30.00003000003,50479,0.0,1682.6316507,block3_Mild touch,stimulus,3,3,Mild touch,13,352.0996479,5.868327464999999,0,0.0,guarding,affective,1,0.999999,0.1704063050271514,0.28401022436807727,0.07692307692307693,0.07692299999999999
7,F1,F,2,Post-treatment,30.00003000003,50479,0.0,1682.6316507,block3_Mild touch,stimulus,3,3,Mild touch,13,352.0996479,5.868327464999999,0,0.0,escape,affective,0,0.0,0.0,0.0,0.0,0.0
7,F1,F,2,Post-treatment,30.00003000003,50479,0.0,1682.6316507,block3_Mild touch,stimulus,3,3,Mild touch,13,352.0996479,5.868327464999999,0,0.0,withdrawal,reflexive,7,,1.1928441351900598,,0.5384615384615384,
7,F1,F,2,Post-treatment,30.00003000003,50479,0.0,1682.6316507,block3_Mild touch,stimulus,3,3,Mild touch,13,352.0996479,5.868327464999999,0,0.0,flinch,reflexive,7,,1.1928441351900598,,0.5384615384615384,
7,F1,F,2,Post-treatment,30.00003000003,50479,0.0,1682.6316507,block4_Light touch,stimulus,4,4,Light touch,13,294.36637229999997,4.9061062049999995,0,0.0,attending,affective,3,0.7333326,0.611482889820564,0.2491224096931265,0.23076923076923078,0.0564102
7,F1,F,2,Post-treatment,30.00003000003,50479,0.0,1682.6316507,block4_Light touch,stimulus,4,4,Light touch,13,294.36637229999997,4.9061062049999995,0,0.0,lickbite,affective,3,3.1666635,0.611482889820564,1.0757558600385007,0.23076923076923078,0.2435895
7,F1,F,2,Post-treatment,30.00003000003,50479,0.0,1682.6316507,block4_Light touch,stimulus,4,4,Light touch,13,294.36637229999997,4.9061062049999995,0,0.0,guarding,affective,5,7.8666588,1.01913814970094,2.672404031253539,0.38461538461538464,0.6051276
7,F1,F,2,Post-treatment,30.00003000003,50479,0.0,1682.6316507,block4_Light touch,stimulus,4,4,Light touch,13,294.36637229999997,4.9061062049999995,0,0.0,escape,affective,0,0.0,0.0,0.0,0.0,0.0
7,F1,F,2,Post-treatment,30.00003000003,50479,0.0,1682.6316507,block4_Light touch,stimulus,4,4,Light touch,13,294.36637229999997,4.9061062049999995,0,0.0,withdrawal,reflexive,5,,1.01913814970094,,0.38461538461538464,
7,F1,F,2,Post-treatment,30.00003000003,50479,0.0,1682.6316507,block4_Light touch,stimulus,4,4,Light touch,13,294.36637229999997,4.9061062049999995,0,0.0,flinch,reflexive,1,,0.203827629940188,,0.07692307692307693,
8,F2,F,2,Post-treatment,30.00003000003,50621,0.0,1687.3649793,baseline,baseline,0,0,none,0,299.99969999999996,4.999994999999999,0,0.0,attending,affective,0,0.0,0.0,0.0,,
8,F2,F,2,Post-treatment,30.00003000003,50621,0.0,1687.3649793,baseline,baseline,0,0,none,0,299.99969999999996,4.999994999999999,0,0.0,lickbite,affective,0,0.0,0.0,0.0,,
8,F2,F,2,Post-treatment,30.00003000003,50621,0.0,1687.3649793,baseline,baseline,0,0,none,0,299.99969999999996,4.999994999999999,0,0.0,guarding,affective,0,0.0,0.0,0.0,,
8,F2,F,2,Post-treatment,30.00003000003,50621,0.0,1687.3649793,baseline,baseline,0,0,none,0,299.99969999999996,4.999994999999999,0,0.0,escape,affective,1,2.2999977,0.20000020000020002,0.7666666666666668,,
8,F2,F,2,Post-treatment,30.00003000003,50621,0.0,1687.3649793,baseline,baseline,0,0,none,0,299.99969999999996,4.999994999999999,0,0.0,withdrawal,reflexive,0,,0.0,,,
8,F2,F,2,Post-treatment,30.00003000003,50621,0.0,1687.3649793,baseline,baseline,0,0,none,0,299.99969999999996,4.999994999999999,0,0.0,flinch,reflexive,0,,0.0,,,
8,F2,F,2,Post-treatment,30.00003000003,50621,0.0,1687.3649793,block1_Pin prick,stimulus,1,1,Pin prick,12,359.99964,5.999994,0,0.0,attending,affective,2,0.8999990999999999,0.333333666667,0.25,0.16666666666666666,0.074999925
8,F2,F,2,Post-treatment,30.00003000003,50621,0.0,1687.3649793,block1_Pin prick,stimulus,1,1,Pin prick,12,359.99964,5.999994,0,0.0,lickbite,affective,1,1.1999988,0.1666668333335,0.3333333333333333,0.08333333333333333,0.09999989999999999
8,F2,F,2,Post-treatment,30.00003000003,50621,0.0,1687.3649793,block1_Pin prick,stimulus,1,1,Pin prick,12,359.99964,5.999994,0,0.0,guarding,affective,2,1.999998,0.333333666667,0.5555555555555556,0.16666666666666666,0.1666665
8,F2,F,2,Post-treatment,30.00003000003,50621,0.0,1687.3649793,block1_Pin prick,stimulus,1,1,Pin prick,12,359.99964,5.999994,0,0.0,escape,affective,0,0.0,0.0,0.0,0.0,0.0
8,F2,F,2,Post-treatment,30.00003000003,50621,0.0,1687.3649793,block1_Pin prick,stimulus,1,1,Pin prick,12,359.99964,5.999994,0,0.0,withdrawal,reflexive,12,,2.000002000002,,1.0,
8,F2,F,2,Post-treatment,30.00003000003,50621,0.0,1687.3649793,block1_Pin prick,stimulus,1,1,Pin prick,12,359.99964,5.999994,0,0.0,flinch,reflexive,10,,1.666668333335,,0.8333333333333334,
8,F2,F,2,Post-treatment,30.00003000003,50621,0.0,1687.3649793,block2_Heat,stimulus,2,2,Heat,13,356.7996432,5.94666072,0,0.0,attending,affective,4,2.7666638999999997,0.6726464125567265,0.7754110612855007,0.3076923076923077,0.2128203
8,F2,F,2,Post-treatment,30.00003000003,50621,0.0,1687.3649793,block2_Heat,stimulus,2,2,Heat,13,356.7996432,5.94666072,0,0.0,lickbite,affective,4,1.2999987,0.6726464125567265,0.36434977578475336,0.3076923076923077,0.0999999
8,F2,F,2,Post-treatment,30.00003000003,50621,0.0,1687.3649793,block2_Heat,stimulus,2,2,Heat,13,356.7996432,5.94666072,0,0.0,guarding,affective,4,5.0999948999999996,0.6726464125567265,1.4293721973094171,0.3076923076923077,0.39230729999999997
8,F2,F,2,Post-treatment,30.00003000003,50621,0.0,1687.3649793,block2_Heat,stimulus,2,2,Heat,13,356.7996432,5.94666072,0,0.0,escape,affective,1,0.8999990999999999,0.16816160313918163,0.2522421524663677,0.07692307692307693,0.06923069999999999
8,F2,F,2,Post-treatment,30.00003000003,50621,0.0,1687.3649793,block2_Heat,stimulus,2,2,Heat,13,356.7996432,5.94666072,0,0.0,withdrawal,reflexive,14,,2.3542624439485427,,1.0769230769230769,
8,F2,F,2,Post-treatment,30.00003000003,50621,0.0,1687.3649793,block2_Heat,stimulus,2,2,Heat,13,356.7996432,5.94666072,0,0.0,flinch,reflexive,12,,2.0179392376701797,,0.9230769230769231,
8,F2,F,2,Post-treatment,30.00003000003,50621,0.0,1687.3649793,block3_Light touch,stimulus,3,3,Light touch,18,359.99964,5.999994,0,0.0,attending,affective,0,0.0,0.0,0.0,0.0,0.0
8,F2,F,2,Post-treatment,30.00003000003,50621,0.0,1687.3649793,block3_Light touch,stimulus,3,3,Light touch,18,359.99964,5.999994,0,0.0,lickbite,affective,1,1.2333321,0.1666668333335,0.34259259259259256,0.05555555555555555,0.06851845
8,F2,F,2,Post-treatment,30.00003000003,50621,0.0,1687.3649793,block3_Light touch,stimulus,3,3,Light touch,18,359.99964,5.999994,0,0.0,guarding,affective,0,0.0,0.0,0.0,0.0,0.0
8,F2,F,2,Post-treatment,30.00003000003,50621,0.0,1687.3649793,block3_Light touch,stimulus,3,3,Light touch,18,359.99964,5.999994,0,0.0,escape,affective,0,0.0,0.0,0.0,0.0,0.0
8,F2,F,2,Post-treatment,30.00003000003,50621,0.0,1687.3649793,block3_Light touch,stimulus,3,3,Light touch,18,359.99964,5.999994,0,0.0,withdrawal,reflexive,8,,1.333334666668,,0.4444444444444444,
8,F2,F,2,Post-treatment,30.00003000003,50621,0.0,1687.3649793,block3_Light touch,stimulus,3,3,Light touch,18,359.99964,5.999994,0,0.0,flinch,reflexive,0,,0.0,,0.0,
8,F2,F,2,Post-treatment,30.00003000003,50621,0.0,1687.3649793,block4_Mild touch,stimulus,4,4,Mild touch,14,294.1997058,4.90332843,0,0.0,attending,affective,2,4.0333293,0.40788619986444596,1.3709494674824383,0.14285714285714285,0.28809495
8,F2,F,2,Post-treatment,30.00003000003,50621,0.0,1687.3649793,block4_Mild touch,stimulus,4,4,Mild touch,14,294.1997058,4.90332843,0,0.0,lickbite,affective,1,0.19999979999999998,0.20394309993222298,0.06798096532970767,0.07142857142857142,0.014285699999999998
8,F2,F,2,Post-treatment,30.00003000003,50621,0.0,1687.3649793,block4_Mild touch,stimulus,4,4,Mild touch,14,294.1997058,4.90332843,0,0.0,guarding,affective,3,3.1666635,0.6118292997966689,1.0763652843870382,0.21428571428571427,0.22619024999999998
8,F2,F,2,Post-treatment,30.00003000003,50621,0.0,1687.3649793,block4_Mild touch,stimulus,4,4,Mild touch,14,294.1997058,4.90332843,0,0.0,escape,affective,0,0.0,0.0,0.0,0.0,0.0
8,F2,F,2,Post-treatment,30.00003000003,50621,0.0,1687.3649793,block4_Mild touch,stimulus,4,4,Mild touch,14,294.1997058,4.90332843,0,0.0,withdrawal,reflexive,9,,1.8354878993900068,,0.6428571428571429,
8,F2,F,2,Post-treatment,30.00003000003,50621,0.0,1687.3649793,block4_Mild touch,stimulus,4,4,Mild touch,14,294.1997058,4.90332843,0,0.0,flinch,reflexive,3,,0.6118292997966689,,0.21428571428571427,
9,F3,F,2,Post-treatment,30.00003000003,50426,0.0,1680.8649857999999,baseline,baseline,0,0,none,0,299.99969999999996,4.999994999999999,0,0.0,attending,affective,0,0.0,0.0,0.0,,
9,F3,F,2,Post-treatment,30.00003000003,50426,0.0,1680.8649857999999,baseline,baseline,0,0,none,0,299.99969999999996,4.999994999999999,0,0.0,lickbite,affective,0,0.0,0.0,0.0,,
9,F3,F,2,Post-treatment,30.00003000003,50426,0.0,1680.8649857999999,baseline,baseline,0,0,none,0,299.99969999999996,4.999994999999999,0,0.0,guarding,affective,0,0.0,0.0,0.0,,
9,F3,F,2,Post-treatment,30.00003000003,50426,0.0,1680.8649857999999,baseline,baseline,0,0,none,0,299.99969999999996,4.999994999999999,0,0.0,escape,affective,1,1.6666649999999998,0.20000020000020002,0.5555555555555556,,
9,F3,F,2,Post-treatment,30.00003000003,50426,0.0,1680.8649857999999,baseline,baseline,0,0,none,0,299.99969999999996,4.999994999999999,0,0.0,withdrawal,reflexive,0,,0.0,,,
9,F3,F,2,Post-treatment,30.00003000003,50426,0.0,1680.8649857999999,baseline,baseline,0,0,none,0,299.99969999999996,4.999994999999999,0,0.0,flinch,reflexive,0,,0.0,,,
9,F3,F,2,Post-treatment,30.00003000003,50426,0.0,1680.8649857999999,block1_Light touch,stimulus,1,1,Light touch,17,359.99964,5.999994,0,0.0,attending,affective,0,0.0,0.0,0.0,0.0,0.0
9,F3,F,2,Post-treatment,30.00003000003,50426,0.0,1680.8649857999999,block1_Light touch,stimulus,1,1,Light touch,17,359.99964,5.999994,0,0.0,lickbite,affective,0,0.0,0.0,0.0,0.0,0.0
9,F3,F,2,Post-treatment,30.00003000003,50426,0.0,1680.8649857999999,block1_Light touch,stimulus,1,1,Light touch,17,359.99964,5.999994,0,0.0,guarding,affective,1,0.999999,0.1666668333335,0.2777777777777778,0.058823529411764705,0.05882347058823529
9,F3,F,2,Post-treatment,30.00003000003,50426,0.0,1680.8649857999999,block1_Light touch,stimulus,1,1,Light touch,17,359.99964,5.999994,0,0.0,escape,affective,1,1.5999983999999998,0.1666668333335,0.44444444444444436,0.058823529411764705,0.09411755294117646
9,F3,F,2,Post-treatment,30.00003000003,50426,0.0,1680.8649857999999,block1_Light touch,stimulus,1,1,Light touch,17,359.99964,5.999994,0,0.0,withdrawal,reflexive,6,,1.000001000001,,0.35294117647058826,
9,F3,F,2,Post-treatment,30.00003000003,50426,0.0,1680.8649857999999,block1_Light touch,stimulus,1,1,Light touch,17,359.99964,5.999994,0,0.0,flinch,reflexive,0,,0.0,,0.0,
9,F3,F,2,Post-treatment,30.00003000003,50426,0.0,1680.8649857999999,block2_Mild touch,stimulus,2,2,Mild touch,18,359.99964,5.999994,0,0.0,attending,affective,0,0.0,0.0,0.0,0.0,0.0
9,F3,F,2,Post-treatment,30.00003000003,50426,0.0,1680.8649857999999,block2_Mild touch,stimulus,2,2,Mild touch,18,359.99964,5.999994,0,0.0,lickbite,affective,0,0.0,0.0,0.0,0.0,0.0
9,F3,F,2,Post-treatment,30.00003000003,50426,0.0,1680.8649857999999,block2_Mild touch,stimulus,2,2,Mild touch,18,359.99964,5.999994,0,0.0,guarding,affective,0,0.0,0.0,0.0,0.0,0.0
9,F3,F,2,Post-treatment,30.00003000003,50426,0.0,1680.8649857999999,block2_Mild touch,stimulus,2,2,Mild touch,18,359.99964,5.999994,0,0.0,escape,affective,2,5.5999944,0.333333666667,1.5555555555555558,0.1111111111111111,0.3111108
9,F3,F,2,Post-treatment,30.00003000003,50426,0.0,1680.8649857999999,block2_Mild touch,stimulus,2,2,Mild touch,18,359.99964,5.999994,0,0.0,withdrawal,reflexive,8,,1.333334666668,,0.4444444444444444,
9,F3,F,2,Post-treatment,30.00003000003,50426,0.0,1680.8649857999999,block2_Mild touch,stimulus,2,2,Mild touch,18,359.99964,5.999994,0,0.0,flinch,reflexive,4,,0.666667333334,,0.2222222222222222,
9,F3,F,2,Post-treatment,30.00003000003,50426,0.0,1680.8649857999999,block3_Pin prick,stimulus,3,3,Pin prick,19,357.6329757,5.960549595,0,0.0,attending,affective,0,0.0,0.0,0.0,0.0,0.0
9,F3,F,2,Post-treatment,30.00003000003,50426,0.0,1680.8649857999999,block3_Pin prick,stimulus,3,3,Pin prick,19,357.6329757,5.960549595,0,0.0,lickbite,affective,0,0.0,0.0,0.0,0.0,0.0
9,F3,F,2,Post-treatment,30.00003000003,50426,0.0,1680.8649857999999,block3_Pin prick,stimulus,3,3,Pin prick,19,357.6329757,5.960549595,0,0.0,guarding,affective,3,3.0999969,0.5033092925720384,0.8668095815080623,0.15789473684210525,0.16315773157894736
9,F3,F,2,Post-treatment,30.00003000003,50426,0.0,1680.8649857999999,block3_Pin prick,stimulus,3,3,Pin prick,19,357.6329757,5.960549595,0,0.0,escape,affective,2,4.0999959,0.3355395283813589,1.146425575542921,0.10526315789473684,0.21578925789473682
9,F3,F,2,Post-treatment,30.00003000003,50426,0.0,1680.8649857999999,block3_Pin prick,stimulus,3,3,Pin prick,19,357.6329757,5.960549595,0,0.0,withdrawal,reflexive,17,,2.852085991241551,,0.8947368421052632,
9,F3,F,2,Post-treatment,30.00003000003,50426,0.0,1680.8649857999999,block3_Pin prick,stimulus,3,3,Pin prick,19,357.6329757,5.960549595,0,0.0,flinch,reflexive,16,,2.6843162270508714,,0.8421052631578947,
9,F3,F,2,Post-treatment,30.00003000003,50426,0.0,1680.8649857999999,block4_Heat,stimulus,4,4,Heat,14,260.666406,4.3444401,0,0.0,attending,affective,7,4.4666622,1.6112548081857545,1.7135549872122764,0.5,0.3190473
9,F3,F,2,Post-treatment,30.00003000003,50426,0.0,1680.8649857999999,block4_Heat,stimulus,4,4,Heat,14,260.666406,4.3444401,0,0.0,lickbite,affective,1,1.6999982999999999,0.23017925831225064,0.6521739130434782,0.07142857142857142,0.12142845
9,F3,F,2,Post-treatment,30.00003000003,50426,0.0,1680.8649857999999,block4_Heat,stimulus,4,4,Heat,14,260.666406,4.3444401,0,0.0,guarding,affective,2,1.2333321,0.4603585166245013,0.4731457800511509,0.14285714285714285,0.08809515
9,F3,F,2,Post-treatment,30.00003000003,50426,0.0,1680.8649857999999,block4_Heat,stimulus,4,4,Heat,14,260.666406,4.3444401,0,0.0,escape,affective,3,5.699994299999999,0.690537774936752,2.186700767263427,0.21428571428571427,0.40714244999999993
9,F3,F,2,Post-treatment,30.00003000003,50426,0.0,1680.8649857999999,block4_Heat,stimulus,4,4,Heat,14,260.666406,4.3444401,0,0.0,withdrawal,reflexive,14,,3.222509616371509,,1.0,
9,F3,F,2,Post-treatment,30.00003000003,50426,0.0,1680.8649857999999,block4_Heat,stimulus,4,4,Heat,14,260.666406,4.3444401,0,0.0,flinch,reflexive,16,,3.6828681329960102,,1.1428571428571428,
10,M1,M,2,Post-treatment,30.00003000003,50899,0.0,1696.6316367,baseline,baseline,0,0,none,0,299.99969999999996,4.999994999999999,0,0.0,attending,affective,0,0.0,0.0,0.0,,
10,M1,M,2,Post-treatment,30.00003000003,50899,0.0,1696.6316367,baseline,baseline,0,0,none,0,299.99969999999996,4.999994999999999,0,0.0,lickbite,affective,0,0.0,0.0,0.0,,
10,M1,M,2,Post-treatment,30.00003000003,50899,0.0,1696.6316367,baseline,baseline,0,0,none,0,299.99969999999996,4.999994999999999,0,0.0,guarding,affective,0,0.0,0.0,0.0,,
10,M1,M,2,Post-treatment,30.00003000003,50899,0.0,1696.6316367,baseline,baseline,0,0,none,0,299.99969999999996,4.999994999999999,0,0.0,escape,affective,6,10.0333233,1.2000012000012001,3.3444444444444446,,
10,M1,M,2,Post-treatment,30.00003000003,50899,0.0,1696.6316367,baseline,baseline,0,0,none,0,299.99969999999996,4.999994999999999,0,0.0,withdrawal,reflexive,0,,0.0,,,
10,M1,M,2,Post-treatment,30.00003000003,50899,0.0,1696.6316367,baseline,baseline,0,0,none,0,299.99969999999996,4.999994999999999,0,0.0,flinch,reflexive,0,,0.0,,,
10,M1,M,2,Post-treatment,30.00003000003,50899,0.0,1696.6316367,block1_Light touch,stimulus,1,1,Light touch,12,359.99964,5.999994,0,0.0,attending,affective,1,0.8999990999999999,0.1666668333335,0.25,0.08333333333333333,0.074999925
10,M1,M,2,Post-treatment,30.00003000003,50899,0.0,1696.6316367,block1_Light touch,stimulus,1,1,Light touch,12,359.99964,5.999994,0,0.0,lickbite,affective,0,0.0,0.0,0.0,0.0,0.0
10,M1,M,2,Post-treatment,30.00003000003,50899,0.0,1696.6316367,block1_Light touch,stimulus,1,1,Light touch,12,359.99964,5.999994,0,0.0,guarding,affective,0,0.0,0.0,0.0,0.0,0.0
10,M1,M,2,Post-treatment,30.00003000003,50899,0.0,1696.6316367,block1_Light touch,stimulus,1,1,Light touch,12,359.99964,5.999994,0,0.0,escape,affective,1,0.7333326,0.1666668333335,0.2037037037037037,0.08333333333333333,0.06111105
10,M1,M,2,Post-treatment,30.00003000003,50899,0.0,1696.6316367,block1_Light touch,stimulus,1,1,Light touch,12,359.99964,5.999994,0,0.0,withdrawal,reflexive,2,,0.333333666667,,0.16666666666666666,
10,M1,M,2,Post-treatment,30.00003000003,50899,0.0,1696.6316367,block1_Light touch,stimulus,1,1,Light touch,12,359.99964,5.999994,0,0.0,flinch,reflexive,0,,0.0,,0.0,
10,M1,M,2,Post-treatment,30.00003000003,50899,0.0,1696.6316367,block2_Pin prick,stimulus,2,2,Pin prick,16,351.4663152,5.85777192,0,0.0,attending,affective,4,8.1333252,0.6828534901372534,2.314112291350531,0.25,0.508332825
10,M1,M,2,Post-treatment,30.00003000003,50899,0.0,1696.6316367,block2_Pin prick,stimulus,2,2,Pin prick,16,351.4663152,5.85777192,0,0.0,lickbite,affective,0,0.0,0.0,0.0,0.0,0.0
10,M1,M,2,Post-treatment,30.00003000003,50899,0.0,1696.6316367,block2_Pin prick,stimulus,2,2,Pin prick,16,351.4663152,5.85777192,0,0.0,guarding,affective,0,0.0,0.0,0.0,0.0,0.0
10,M1,M,2,Post-treatment,30.00003000003,50899,0.0,1696.6316367,block2_Pin prick,stimulus,2,2,Pin prick,16,351.4663152,5.85777192,0,0.0,escape,affective,2,1.8666648,0.3414267450686267,0.5311077389984825,0.125,0.11666655
10,M1,M,2,Post-treatment,30.00003000003,50899,0.0,1696.6316367,block2_Pin prick,stimulus,2,2,Pin prick,16,351.4663152,5.85777192,0,0.0,withdrawal,reflexive,14,,2.389987215480387,,0.875,
10,M1,M,2,Post-treatment,30.00003000003,50899,0.0,1696.6316367,block2_Pin prick,stimulus,2,2,Pin prick,16,351.4663152,5.85777192,0,0.0,flinch,reflexive,9,,1.53642035280882,,0.5625,
10,M1,M,2,Post-treatment,30.00003000003,50899,0.0,1696.6316367,block3_Heat,stimulus,3,3,Heat,19,316.66634999999997,5.277772499999999,0,0.0,attending,affective,0,0.0,0.0,0.0,0.0,0.0
10,M1,M,2,Post-treatment,30.00003000003,50899,0.0,1696.6316367,block3_Heat,stimulus,3,3,Heat,19,316.66634999999997,5.277772499999999,0,0.0,lickbite,affective,1,0.6999993,0.18947387368440002,0.22105263157894742,0.05263157894736842,0.03684206842105263
10,M1,M,2,Post-treatment,30.00003000003,50899,0.0,1696.6316367,block3_Heat,stimulus,3,3,Heat,19,316.66634999999997,5.277772499999999,0,0.0,guarding,affective,1,0.2999997,0.18947387368440002,0.09473684210526316,0.05263157894736842,0.01578945789473684
10,M1,M,2,Post-treatment,30.00003000003,50899,0.0,1696.6316367,block3_Heat,stimulus,3,3,Heat,19,316.66634999999997,5.277772499999999,0,0.0,escape,affective,1,0.7333326,0.18947387368440002,0.23157894736842105,0.05263157894736842,0.038596452631578945
10,M1,M,2,Post-treatment,30.00003000003,50899,0.0,1696.6316367,block3_Heat,stimulus,3,3,Heat,19,316.66634999999997,5.277772499999999,0,0.0,withdrawal,reflexive,13,,2.4631603578972,,0.6842105263157895,
10,M1,M,2,Post-treatment,30.00003000003,50899,0.0,1696.6316367,block3_Heat,stimulus,3,3,Heat,19,316.66634999999997,5.277772499999999,0,0.0,flinch,reflexive,8,,1.5157909894752002,,0.42105263157894735,
10,M1,M,2,Post-treatment,30.00003000003,50899,0.0,1696.6316367,block4_Mild touch,stimulus,4,4,Mild touch,17,304.1996958,5.069994929999999,0,0.0,attending,affective,0,0.0,0.0,0.0,0.0,0.0
10,M1,M,2,Post-treatment,30.00003000003,50899,0.0,1696.6316367,block4_Mild touch,stimulus,4,4,Mild touch,17,304.1996958,5.069994929999999,0,0.0,lickbite,affective,0,0.0,0.0,0.0,0.0,0.0
10,M1,M,2,Post-treatment,30.00003000003,50899,0.0,1696.6316367,block4_Mild touch,stimulus,4,4,Mild touch,17,304.1996958,5.069994929999999,0,0.0,guarding,affective,0,0.0,0.0,0.0,0.0,0.0
10,M1,M,2,Post-treatment,30.00003000003,50899,0.0,1696.6316367,block4_Mild touch,stimulus,4,4,Mild touch,17,304.1996958,5.069994929999999,0,0.0,escape,affective,1,1.7333315999999999,0.19723885601597638,0.5698005698005698,0.058823529411764705,0.10196068235294117
10,M1,M,2,Post-treatment,30.00003000003,50899,0.0,1696.6316367,block4_Mild touch,stimulus,4,4,Mild touch,17,304.1996958,5.069994929999999,0,0.0,withdrawal,reflexive,9,,1.7751497041437874,,0.5294117647058824,
10,M1,M,2,Post-treatment,30.00003000003,50899,0.0,1696.6316367,block4_Mild touch,stimulus,4,4,Mild touch,17,304.1996958,5.069994929999999,0,0.0,flinch,reflexive,1,,0.19723885601597638,,0.058823529411764705,
11,M2,M,2,Post-treatment,30.00003000003,50833,0.0,1694.4316388999998,baseline,baseline,0,0,none,0,299.99969999999996,4.999994999999999,0,0.0,attending,affective,0,0.0,0.0,0.0,,
11,M2,M,2,Post-treatment,30.00003000003,50833,0.0,1694.4316388999998,baseline,baseline,0,0,none,0,299.99969999999996,4.999994999999999,0,0.0,lickbite,affective,0,0.0,0.0,0.0,,
11,M2,M,2,Post-treatment,30.00003000003,50833,0.0,1694.4316388999998,baseline,baseline,0,0,none,0,299.99969999999996,4.999994999999999,0,0.0,guarding,affective,0,0.0,0.0,0.0,,
11,M2,M,2,Post-treatment,30.00003000003,50833,0.0,1694.4316388999998,baseline,baseline,0,0,none,0,299.99969999999996,4.999994999999999,0,0.0,escape,affective,7,11.666654999999999,1.4000014000014003,3.888888888888889,,
11,M2,M,2,Post-treatment,30.00003000003,50833,0.0,1694.4316388999998,baseline,baseline,0,0,none,0,299.99969999999996,4.999994999999999,0,0.0,withdrawal,reflexive,0,,0.0,,,
11,M2,M,2,Post-treatment,30.00003000003,50833,0.0,1694.4316388999998,baseline,baseline,0,0,none,0,299.99969999999996,4.999994999999999,0,0.0,flinch,reflexive,0,,0.0,,,
11,M2,M,2,Post-treatment,30.00003000003,50833,0.0,1694.4316388999998,block1_Heat,stimulus,1,1,Heat,19,330.999669,5.51666115,0,0.0,attending,affective,2,1.8999981,0.36253812688858006,0.5740181268882175,0.10526315789473684,0.09999989999999999
11,M2,M,2,Post-treatment,30.00003000003,50833,0.0,1694.4316388999998,block1_Heat,stimulus,1,1,Heat,19,330.999669,5.51666115,0,0.0,lickbite,affective,0,0.0,0.0,0.0,0.0,0.0
11,M2,M,2,Post-treatment,30.00003000003,50833,0.0,1694.4316388999998,block1_Heat,stimulus,1,1,Heat,19,330.999669,5.51666115,0,0.0,guarding,affective,0,0.0,0.0,0.0,0.0,0.0
11,M2,M,2,Post-treatment,30.00003000003,50833,0.0,1694.4316388999998,block1_Heat,stimulus,1,1,Heat,19,330.999669,5.51666115,0,0.0,escape,affective,3,5.333328,0.5438071903328701,1.6112789526686808,0.15789473684210525,0.2807014736842105
11,M2,M,2,Post-treatment,30.00003000003,50833,0.0,1694.4316388999998,block1_Heat,stimulus,1,1,Heat,19,330.999669,5.51666115,0,0.0,withdrawal,reflexive,10,,1.8126906344429004,,0.5263157894736842,
11,M2,M,2,Post-treatment,30.00003000003,50833,0.0,1694.4316388999998,block1_Heat,stimulus,1,1,Heat,19,330.999669,5.51666115,0,0.0,flinch,reflexive,6,,1.0876143806657401,,0.3157894736842105,
11,M2,M,2,Post-treatment,30.00003000003,50833,0.0,1694.4316388999998,block2_Pin prick,stimulus,2,2,Pin prick,17,347.5329858,5.79221643,0,0.0,attending,affective,7,7.1333262,1.2085183771352963,2.0525609054287357,0.4117647058823529,0.41960742352941177
11,M2,M,2,Post-treatment,30.00003000003,50833,0.0,1694.4316388999998,block2_Pin prick,stimulus,2,2,Pin prick,17,347.5329858,5.79221643,0,0.0,lickbite,affective,3,4.0999959,0.5179364473436985,1.1797429503165162,0.17647058823529413,0.2411762294117647
11,M2,M,2,Post-treatment,30.00003000003,50833,0.0,1694.4316388999998,block2_Pin prick,stimulus,2,2,Pin prick,17,347.5329858,5.79221643,0,0.0,guarding,affective,1,0.999999,0.17264548244789948,0.2877421830040284,0.058823529411764705,0.05882347058823529
11,M2,M,2,Post-treatment,30.00003000003,50833,0.0,1694.4316388999998,block2_Pin prick,stimulus,2,2,Pin prick,17,347.5329858,5.79221643,0,0.0,escape,affective,3,3.1333301999999996,0.5179364473436985,0.9015921734126222,0.17647058823529413,0.18431354117647056
11,M2,M,2,Post-treatment,30.00003000003,50833,0.0,1694.4316388999998,block2_Pin prick,stimulus,2,2,Pin prick,17,347.5329858,5.79221643,0,0.0,withdrawal,reflexive,12,,2.071745789374794,,0.7058823529411765,
11,M2,M,2,Post-treatment,30.00003000003,50833,0.0,1694.4316388999998,block2_Pin prick,stimulus,2,2,Pin prick,17,347.5329858,5.79221643,0,0.0,flinch,reflexive,3,,0.5179364473436985,,0.17647058823529413,
11,M2,M,2,Post-treatment,30.00003000003,50833,0.0,1694.4316388999998,block3_Mild touch,stimulus,3,3,Mild touch,15,359.3996406,5.98999401,0,0.0,attending,affective,2,3.6999963,0.33389015025075125,1.0294936004451865,0.13333333333333333,0.24666642
11,M2,M,2,Post-treatment,30.00003000003,50833,0.0,1694.4316388999998,block3_Mild touch,stimulus,3,3,Mild touch,15,359.3996406,5.98999401,0,0.0,lickbite,affective,0,0.0,0.0,0.0,0.0,0.0
11,M2,M,2,Post-treatment,30.00003000003,50833,0.0,1694.4316388999998,block3_Mild touch,stimulus,3,3,Mild touch,15,359.3996406,5.98999401,0,0.0,guarding,affective,1,1.8333315,0.16694507512537562,0.5101094416620293,0.06666666666666667,0.12222209999999999
11,M2,M,2,Post-treatment,30.00003000003,50833,0.0,1694.4316388999998,block3_Mild touch,stimulus,3,3,Mild touch,15,359.3996406,5.98999401,0,0.0,escape,affective,2,2.9333304,0.33389015025075125,0.8161751066592469,0.13333333333333333,0.19555536
11,M2,M,2,Post-treatment,30.00003000003,50833,0.0,1694.4316388999998,block3_Mild touch,stimulus,3,3,Mild touch,15,359.3996406,5.98999401,0,0.0,withdrawal,reflexive,9,,1.5025056761283806,,0.6,
11,M2,M,2,Post-treatment,30.00003000003,50833,0.0,1694.4316388999998,block3_Mild touch,stimulus,3,3,Mild touch,15,359.3996406,5.98999401,0,0.0,flinch,reflexive,2,,0.33389015025075125,,0.13333333333333333,
11,M2,M,2,Post-treatment,30.00003000003,50833,0.0,1694.4316388999998,block4_Light touch,stimulus,4,4,Light touch,19,306.03302729999996,5.100550455,0,0.0,attending,affective,2,2.0999979,0.3921145409000763,0.6861997603746869,0.10526315789473684,0.11052620526315789
11,M2,M,2,Post-treatment,30.00003000003,50833,0.0,1694.4316388999998,block4_Light touch,stimulus,4,4,Light touch,19,306.03302729999996,5.100550455,0,0.0,lickbite,affective,0,0.0,0.0,0.0,0.0,0.0
11,M2,M,2,Post-treatment,30.00003000003,50833,0.0,1694.4316388999998,block4_Light touch,stimulus,4,4,Light touch,19,306.03302729999996,5.100550455,0,0.0,guarding,affective,0,0.0,0.0,0.0,0.0,0.0
11,M2,M,2,Post-treatment,30.00003000003,50833,0.0,1694.4316388999998,block4_Light touch,stimulus,4,4,Light touch,19,306.03302729999996,5.100550455,0,0.0,escape,affective,6,10.666656,1.1763436227002289,3.4854591003158704,0.3157894736842105,0.561402947368421
11,M2,M,2,Post-treatment,30.00003000003,50833,0.0,1694.4316388999998,block4_Light touch,stimulus,4,4,Light touch,19,306.03302729999996,5.100550455,0,0.0,withdrawal,reflexive,8,,1.5684581636003052,,0.42105263157894735,
11,M2,M,2,Post-treatment,30.00003000003,50833,0.0,1694.4316388999998,block4_Light touch,stimulus,4,4,Light touch,19,306.03302729999996,5.100550455,0,0.0,flinch,reflexive,4,,0.7842290818001526,,0.21052631578947367,
12,M3,M,2,Post-treatment,30.00003000003,50677,0.0,1689.2316440999998,baseline,baseline,0,0,none,0,299.99969999999996,4.999994999999999,0,0.0,attending,affective,0,0.0,0.0,0.0,,
12,M3,M,2,Post-treatment,30.00003000003,50677,0.0,1689.2316440999998,baseline,baseline,0,0,none,0,299.99969999999996,4.999994999999999,0,0.0,lickbite,affective,0,0.0,0.0,0.0,,
12,M3,M,2,Post-treatment,30.00003000003,50677,0.0,1689.2316440999998,baseline,baseline,0,0,none,0,299.99969999999996,4.999994999999999,0,0.0,guarding,affective,0,0.0,0.0,0.0,,
12,M3,M,2,Post-treatment,30.00003000003,50677,0.0,1689.2316440999998,baseline,baseline,0,0,none,0,299.99969999999996,4.999994999999999,0,0.0,escape,affective,7,12.633320699999999,1.4000014000014003,4.211111111111111,,
12,M3,M,2,Post-treatment,30.00003000003,50677,0.0,1689.2316440999998,baseline,baseline,0,0,none,0,299.99969999999996,4.999994999999999,0,0.0,withdrawal,reflexive,0,,0.0,,,
12,M3,M,2,Post-treatment,30.00003000003,50677,0.0,1689.2316440999998,baseline,baseline,0,0,none,0,299.99969999999996,4.999994999999999,0,0.0,flinch,reflexive,0,,0.0,,,
12,M3,M,2,Post-treatment,30.00003000003,50677,0.0,1689.2316440999998,block1_Light touch,stimulus,1,1,Light touch,17,359.99964,5.999994,0,0.0,attending,affective,3,3.7666628999999996,0.5000005000005,1.046296296296296,0.17647058823529413,0.2215684058823529
12,M3,M,2,Post-treatment,30.00003000003,50677,0.0,1689.2316440999998,block1_Light touch,stimulus,1,1,Light touch,17,359.99964,5.999994,0,0.0,lickbite,affective,0,0.0,0.0,0.0,0.0,0.0
12,M3,M,2,Post-treatment,30.00003000003,50677,0.0,1689.2316440999998,block1_Light touch,stimulus,1,1,Light touch,17,359.99964,5.999994,0,0.0,guarding,affective,0,0.0,0.0,0.0,0.0,0.0
12,M3,M,2,Post-treatment,30.00003000003,50677,0.0,1689.2316440999998,block1_Light touch,stimulus,1,1,Light touch,17,359.99964,5.999994,0,0.0,escape,affective,4,6.5666601,0.666667333334,1.8240740740740742,0.23529411764705882,0.38627412352941176
12,M3,M,2,Post-treatment,30.00003000003,50677,0.0,1689.2316440999998,block1_Light touch,stimulus,1,1,Light touch,17,359.99964,5.999994,0,0.0,withdrawal,reflexive,11,,1.8333351666685,,0.6470588235294118,
12,M3,M,2,Post-treatment,30.00003000003,50677,0.0,1689.2316440999998,block1_Light touch,stimulus,1,1,Light touch,17,359.99964,5.999994,0,0.0,flinch,reflexive,5,,0.8333341666675,,0.29411764705882354,
12,M3,M,2,Post-treatment,30.00003000003,50677,0.0,1689.2316440999998,block2_Mild touch,stimulus,2,2,Mild touch,17,359.99964,5.999994,0,0.0,attending,affective,3,1.5666650999999998,0.5000005000005,0.4351851851851852,0.17647058823529413,0.09215677058823528
12,M3,M,2,Post-treatment,30.00003000003,50677,0.0,1689.2316440999998,block2_Mild touch,stimulus,2,2,Mild touch,17,359.99964,5.999994,0,0.0,lickbite,affective,0,0.0,0.0,0.0,0.0,0.0
12,M3,M,2,Post-treatment,30.00003000003,50677,0.0,1689.2316440999998,block2_Mild touch,stimulus,2,2,Mild touch,17,359.99964,5.999994,0,0.0,guarding,affective,0,0.0,0.0,0.0,0.0,0.0
12,M3,M,2,Post-treatment,30.00003000003,50677,0.0,1689.2316440999998,block2_Mild touch,stimulus,2,2,Mild touch,17,359.99964,5.999994,0,0.0,escape,affective,2,1.1333322,0.333333666667,0.31481481481481477,0.11764705882352941,0.06666659999999999
12,M3,M,2,Post-treatment,30.00003000003,50677,0.0,1689.2316440999998,block2_Mild touch,stimulus,2,2,Mild touch,17,359.99964,5.999994,0,0.0,withdrawal,reflexive,13,,2.1666688333355,,0.7647058823529411,
12,M3,M,2,Post-treatment,30.00003000003,50677,0.0,1689.2316440999998,block2_Mild touch,stimulus,2,2,Mild touch,17,359.99964,5.999994,0,0.0,flinch,reflexive,8,,1.333334666668,,0.47058823529411764,
12,M3,M,2,Post-treatment,30.00003000003,50677,0.0,1689.2316440999998,block3_Heat,stimulus,3,3,Heat,21,337.8329955,5.6305499249999995,0,0.0,attending,affective,7,10.1666565,1.243217819438836,3.0093734583127776,0.3333333333333333,0.4841265
12,M3,M,2,Post-treatment,30.00003000003,50677,0.0,1689.2316440999998,block3_Heat,stimulus,3,3,Heat,21,337.8329955,5.6305499249999995,0,0.0,lickbite,affective,8,4.7333286,1.4208203650729552,1.4010853478046374,0.38095238095238093,0.2253966
12,M3,M,2,Post-treatment,30.00003000003,50677,0.0,1689.2316440999998,block3_Heat,stimulus,3,3,Heat,21,337.8329955,5.6305499249999995,0,0.0,guarding,affective,9,5.0333283,1.5984229107070747,1.4898865318204244,0.42857142857142855,0.2396823
12,M3,M,2,Post-treatment,30.00003000003,50677,0.0,1689.2316440999998,block3_Heat,stimulus,3,3,Heat,21,337.8329955,5.6305499249999995,0,0.0,escape,affective,8,9.5999904,1.4208203650729552,2.84163788850518,0.38095238095238093,0.45714239999999995
12,M3,M,2,Post-treatment,30.00003000003,50677,0.0,1689.2316440999998,block3_Heat,stimulus,3,3,Heat,21,337.8329955,5.6305499249999995,0,0.0,withdrawal,reflexive,41,,7.281704370998895,,1.9523809523809523,
12,M3,M,2,Post-treatment,30.00003000003,50677,0.0,1689.2316440999998,block3_Heat,stimulus,3,3,Heat,21,337.8329955,5.6305499249999995,0,0.0,flinch,reflexive,29,,5.150473823389463,,1.380952380952381,
12,M3,M,2,Post-treatment,30.00003000003,50677,0.0,1689.2316440999998,block4_Pin prick,stimulus,4,4,Pin prick,16,280.39971959999997,4.673328659999999,0,0.0,attending,affective,6,6.6333267,1.283881455065478,2.3656680932001906,0.375,0.41458291875
12,M3,M,2,Post-treatment,30.00003000003,50677,0.0,1689.2316440999998,block4_Pin prick,stimulus,4,4,Pin prick,16,280.39971959999997,4.673328659999999,0,0.0,lickbite,affective,1,0.7999991999999999,0.21398024251091302,0.28530670470756064,0.0625,0.049999949999999994
12,M3,M,2,Post-treatment,30.00003000003,50677,0.0,1689.2316440999998,block4_Pin prick,stimulus,4,4,Pin prick,16,280.39971959999997,4.673328659999999,0,0.0,guarding,affective,3,2.999997,0.641940727532739,1.0699001426533525,0.1875,0.1874998125
12,M3,M,2,Post-treatment,30.00003000003,50677,0.0,1689.2316440999998,block4_Pin prick,stimulus,4,4,Pin prick,16,280.39971959999997,4.673328659999999,0,0.0,escape,affective,1,0.5333327999999999,0.21398024251091302,0.1902044698050404,0.0625,0.033333299999999996
12,M3,M,2,Post-treatment,30.00003000003,50677,0.0,1689.2316440999998,block4_Pin prick,stimulus,4,4,Pin prick,16,280.39971959999997,4.673328659999999,0,0.0,withdrawal,reflexive,13,,2.781743152641869,,0.8125,
12,M3,M,2,Post-treatment,30.00003000003,50677,0.0,1689.2316440999998,block4_Pin prick,stimulus,4,4,Pin prick,16,280.39971959999997,4.673328659999999,0,0.0,flinch,reflexive,17,,3.6376641226855213,,1.0625,
