session,mouse,sex,day,phase,fps,nUsed,guardMin,session_s,period,kind,pos,stim_code,stimulus,n_del,dur_s,dur_min,truncated,uncertain_pct,behaviour,class,n_bouts,total_dur_s,rate_per_min,dur_pct_time,n_per_delivery,dur_s_per_delivery,base,delta
1,F1,F,Day1 no drug,Baseline (no injection),30.00003000003,50427,0.0,1680.8983191,block1_Mild touch,stimulus,1,1,Mild touch,26,299.9997,4.999994999999999,0,0.0,attending,affective,0,0.0,0.0,0.0,0.0,0.0,0.0,0.0
1,F1,F,Day1 no drug,Baseline (no injection),30.00003000003,50427,0.0,1680.8983191,block1_Mild touch,stimulus,1,1,Mild touch,26,299.9997,4.999994999999999,0,0.0,lickbite,affective,0,0.0,0.0,0.0,0.0,0.0,0.0,0.0
1,F1,F,Day1 no drug,Baseline (no injection),30.00003000003,50427,0.0,1680.8983191,block1_Mild touch,stimulus,1,1,Mild touch,26,299.9997,4.999994999999999,0,0.0,guarding,affective,1,0.999999,0.2000002000002,0.3333333333333333,0.0384615384615384,0.0384614999999999,0.0,0.2000002000002
1,F1,F,Day1 no drug,Baseline (no injection),30.00003000003,50427,0.0,1680.8983191,block1_Mild touch,stimulus,1,1,Mild touch,26,299.9997,4.999994999999999,0,0.0,escape,affective,6,2.8666638,1.2000012000012,0.9555555555555556,0.2307692307692307,0.1102563,4.200004200004201,-3.0000030000030007
1,F1,F,Day1 no drug,Baseline (no injection),30.00003000003,50427,0.0,1680.8983191,block1_Mild touch,stimulus,1,1,Mild touch,26,299.9997,4.999994999999999,0,0.0,withdrawal,reflexive,40,,8.000008000008002,,1.5384615384615383,,0.0,8.000008000008002
1,F1,F,Day1 no drug,Baseline (no injection),30.00003000003,50427,0.0,1680.8983191,block1_Mild touch,stimulus,1,1,Mild touch,26,299.9997,4.999994999999999,0,0.0,flinch,reflexive,28,,5.600005600005601,,1.0769230769230769,,0.0,5.600005600005601
1,F1,F,Day1 no drug,Baseline (no injection),30.00003000003,50427,0.0,1680.8983191,block2_Pin prick,stimulus,2,2,Pin prick,16,299.9997,4.999994999999999,0,0.0,attending,affective,8,2.6333307,1.6000016000016002,0.8777777777777778,0.5,0.1645831687499999,0.0,1.6000016000016002
1,F1,F,Day1 no drug,Baseline (no injection),30.00003000003,50427,0.0,1680.8983191,block2_Pin prick,stimulus,2,2,Pin prick,16,299.9997,4.999994999999999,0,0.0,lickbite,affective,3,0.3999995999999999,0.6000006000006001,0.1333333333333333,0.1875,0.0249999749999999,0.0,0.6000006000006001
1,F1,F,Day1 no drug,Baseline (no injection),30.00003000003,50427,0.0,1680.8983191,block2_Pin prick,stimulus,2,2,Pin prick,16,299.9997,4.999994999999999,0,0.0,guarding,affective,0,0.0,0.0,0.0,0.0,0.0,0.0,0.0
1,F1,F,Day1 no drug,Baseline (no injection),30.00003000003,50427,0.0,1680.8983191,block2_Pin prick,stimulus,2,2,Pin prick,16,299.9997,4.999994999999999,0,0.0,escape,affective,25,24.8333085,5.000005000005001,8.277777777777779,1.5625,1.5520817812499998,4.200004200004201,0.8000008000008005
1,F1,F,Day1 no drug,Baseline (no injection),30.00003000003,50427,0.0,1680.8983191,block2_Pin prick,stimulus,2,2,Pin prick,16,299.9997,4.999994999999999,0,0.0,withdrawal,reflexive,20,,4.000004000004001,,1.25,,0.0,4.000004000004001
1,F1,F,Day1 no drug,Baseline (no injection),30.00003000003,50427,0.0,1680.8983191,block2_Pin prick,stimulus,2,2,Pin prick,16,299.9997,4.999994999999999,0,0.0,flinch,reflexive,13,,2.6000026000026004,,0.8125,,0.0,2.6000026000026004
1,F1,F,Day1 no drug,Baseline (no injection),30.00003000003,50427,0.0,1680.8983191,block3_Light touch,stimulus,3,3,Light touch,22,299.9997,4.999994999999999,0,0.0,attending,affective,0,0.0,0.0,0.0,0.0,0.0,0.0,0.0
1,F1,F,Day1 no drug,Baseline (no injection),30.00003000003,50427,0.0,1680.8983191,block3_Light touch,stimulus,3,3,Light touch,22,299.9997,4.999994999999999,0,0.0,lickbite,affective,3,1.1333322,0.6000006000006001,0.3777777777777777,0.1363636363636363,0.0515150999999999,0.0,0.6000006000006001
1,F1,F,Day1 no drug,Baseline (no injection),30.00003000003,50427,0.0,1680.8983191,block3_Light touch,stimulus,3,3,Light touch,22,299.9997,4.999994999999999,0,0.0,guarding,affective,0,0.0,0.0,0.0,0.0,0.0,0.0,0.0
1,F1,F,Day1 no drug,Baseline (no injection),30.00003000003,50427,0.0,1680.8983191,block3_Light touch,stimulus,3,3,Light touch,22,299.9997,4.999994999999999,0,0.0,escape,affective,6,6.4999935,1.2000012000012,2.1666666666666665,0.2727272727272727,0.29545425,4.200004200004201,-3.0000030000030007
1,F1,F,Day1 no drug,Baseline (no injection),30.00003000003,50427,0.0,1680.8983191,block3_Light touch,stimulus,3,3,Light touch,22,299.9997,4.999994999999999,0,0.0,withdrawal,reflexive,13,,2.6000026000026004,,0.5909090909090909,,0.0,2.6000026000026004
1,F1,F,Day1 no drug,Baseline (no injection),30.00003000003,50427,0.0,1680.8983191,block3_Light touch,stimulus,3,3,Light touch,22,299.9997,4.999994999999999,0,0.0,flinch,reflexive,7,,1.4000014000014005,,0.3181818181818182,,0.0,1.4000014000014005
1,F1,F,Day1 no drug,Baseline (no injection),30.00003000003,50427,0.0,1680.8983191,block4_Heat,stimulus,4,4,Heat,23,291.3663753,4.856106254999999,1,0.0,attending,affective,2,0.2333331,0.4118526026774511,0.0800823704381649,0.0869565217391304,0.0101449173913043,0.0,0.4118526026774511
1,F1,F,Day1 no drug,Baseline (no injection),30.00003000003,50427,0.0,1680.8983191,block4_Heat,stimulus,4,4,Heat,23,291.3663753,4.856106254999999,1,0.0,lickbite,affective,14,7.8333255,2.882968218742158,2.6884795789955387,0.6086956521739131,0.3405793695652174,0.0,2.882968218742158
1,F1,F,Day1 no drug,Baseline (no injection),30.00003000003,50427,0.0,1680.8983191,block4_Heat,stimulus,4,4,Heat,23,291.3663753,4.856106254999999,1,0.0,guarding,affective,1,0.999999,0.2059263013387255,0.343210159020707,0.0434782608695652,0.0434782173913043,0.0,0.2059263013387255
1,F1,F,Day1 no drug,Baseline (no injection),30.00003000003,50427,0.0,1680.8983191,block4_Heat,stimulus,4,4,Heat,23,291.3663753,4.856106254999999,1,0.0,escape,affective,25,22.5333108,5.148157533468139,7.733668916599933,1.0869565217391304,0.9797091652173912,4.200004200004201,0.9481533334639387
1,F1,F,Day1 no drug,Baseline (no injection),30.00003000003,50427,0.0,1680.8983191,block4_Heat,stimulus,4,4,Heat,23,291.3663753,4.856106254999999,1,0.0,withdrawal,reflexive,36,,7.413346848194121,,1.565217391304348,,0.0,7.413346848194121
1,F1,F,Day1 no drug,Baseline (no injection),30.00003000003,50427,0.0,1680.8983191,block4_Heat,stimulus,4,4,Heat,23,291.3663753,4.856106254999999,1,0.0,flinch,reflexive,22,,4.530378629451962,,0.9565217391304348,,0.0,4.530378629451962
2,F2,F,Day1 no drug,Baseline (no injection),30.00003000003,50408,0.0,1680.2649864,block1_Heat,stimulus,1,1,Heat,20,299.9997,4.999994999999999,0,0.0,attending,affective,6,1.2666654,1.2000012000012,0.4222222222222223,0.3,0.06333327,0.0,1.2000012000012
2,F2,F,Day1 no drug,Baseline (no injection),30.00003000003,50408,0.0,1680.2649864,block1_Heat,stimulus,1,1,Heat,20,299.9997,4.999994999999999,0,0.0,lickbite,affective,26,8.7666579,5.200005200005201,2.9222222222222225,1.3,0.438332895,0.0,5.200005200005201
2,F2,F,Day1 no drug,Baseline (no injection),30.00003000003,50408,0.0,1680.2649864,block1_Heat,stimulus,1,1,Heat,20,299.9997,4.999994999999999,0,0.0,guarding,affective,11,10.333323,2.2000022000022,3.444444444444445,0.55,0.51666615,0.0,2.2000022000022
2,F2,F,Day1 no drug,Baseline (no injection),30.00003000003,50408,0.0,1680.2649864,block1_Heat,stimulus,1,1,Heat,20,299.9997,4.999994999999999,0,0.0,escape,affective,17,14.7666519,3.4000034000034005,4.922222222222223,0.85,0.7383325949999999,2.0000020000020005,1.4000014000014
2,F2,F,Day1 no drug,Baseline (no injection),30.00003000003,50408,0.0,1680.2649864,block1_Heat,stimulus,1,1,Heat,20,299.9997,4.999994999999999,0,0.0,withdrawal,reflexive,26,,5.200005200005201,,1.3,,0.0,5.200005200005201
2,F2,F,Day1 no drug,Baseline (no injection),30.00003000003,50408,0.0,1680.2649864,block1_Heat,stimulus,1,1,Heat,20,299.9997,4.999994999999999,0,0.0,flinch,reflexive,12,,2.4000024000024003,,0.6,,0.0,2.4000024000024003
2,F2,F,Day1 no drug,Baseline (no injection),30.00003000003,50408,0.0,1680.2649864,block2_Mild touch,stimulus,2,2,Mild touch,20,299.9997,4.999994999999999,0,0.0,attending,affective,5,1.1666655,1.0000010000010002,0.3888888888888889,0.25,0.058333275,0.0,1.0000010000010002
2,F2,F,Day1 no drug,Baseline (no injection),30.00003000003,50408,0.0,1680.2649864,block2_Mild touch,stimulus,2,2,Mild touch,20,299.9997,4.999994999999999,0,0.0,lickbite,affective,9,1.5999983999999998,1.8000018000018003,0.5333333333333333,0.45,0.0799999199999999,0.0,1.8000018000018003
2,F2,F,Day1 no drug,Baseline (no injection),30.00003000003,50408,0.0,1680.2649864,block2_Mild touch,stimulus,2,2,Mild touch,20,299.9997,4.999994999999999,0,0.0,guarding,affective,1,0.999999,0.2000002000002,0.3333333333333333,0.05,0.04999995,0.0,0.2000002000002
2,F2,F,Day1 no drug,Baseline (no injection),30.00003000003,50408,0.0,1680.2649864,block2_Mild touch,stimulus,2,2,Mild touch,20,299.9997,4.999994999999999,0,0.0,escape,affective,19,8.3666583,3.8000038000038,2.7888888888888888,0.95,0.4183329149999999,2.0000020000020005,1.8000018000017994
2,F2,F,Day1 no drug,Baseline (no injection),30.00003000003,50408,0.0,1680.2649864,block2_Mild touch,stimulus,2,2,Mild touch,20,299.9997,4.999994999999999,0,0.0,withdrawal,reflexive,20,,4.000004000004001,,1.0,,0.0,4.000004000004001
2,F2,F,Day1 no drug,Baseline (no injection),30.00003000003,50408,0.0,1680.2649864,block2_Mild touch,stimulus,2,2,Mild touch,20,299.9997,4.999994999999999,0,0.0,flinch,reflexive,1,,0.2000002000002,,0.05,,0.0,0.2000002000002
2,F2,F,Day1 no drug,Baseline (no injection),30.00003000003,50408,0.0,1680.2649864,block3_Pin prick,stimulus,3,3,Pin prick,31,299.9997,4.999994999999999,0,0.0,attending,affective,5,0.7999991999999999,1.0000010000010002,0.2666666666666666,0.1612903225806451,0.0258064258064516,0.0,1.0000010000010002
2,F2,F,Day1 no drug,Baseline (no injection),30.00003000003,50408,0.0,1680.2649864,block3_Pin prick,stimulus,3,3,Pin prick,31,299.9997,4.999994999999999,0,0.0,lickbite,affective,14,4.9333284,2.800002800002801,1.6444444444444446,0.4516129032258064,0.1591396258064516,0.0,2.800002800002801
2,F2,F,Day1 no drug,Baseline (no injection),30.00003000003,50408,0.0,1680.2649864,block3_Pin prick,stimulus,3,3,Pin prick,31,299.9997,4.999994999999999,0,0.0,guarding,affective,8,3.2666634,1.6000016000016002,1.088888888888889,0.2580645161290322,0.1053762387096774,0.0,1.6000016000016002
2,F2,F,Day1 no drug,Baseline (no injection),30.00003000003,50408,0.0,1680.2649864,block3_Pin prick,stimulus,3,3,Pin prick,31,299.9997,4.999994999999999,0,0.0,escape,affective,9,9.6333237,1.8000018000018003,3.2111111111111112,0.2903225806451613,0.3107523774193548,2.0000020000020005,-0.20000020000020013
2,F2,F,Day1 no drug,Baseline (no injection),30.00003000003,50408,0.0,1680.2649864,block3_Pin prick,stimulus,3,3,Pin prick,31,299.9997,4.999994999999999,0,0.0,withdrawal,reflexive,32,,6.400006400006401,,1.032258064516129,,0.0,6.400006400006401
2,F2,F,Day1 no drug,Baseline (no injection),30.00003000003,50408,0.0,1680.2649864,block3_Pin prick,stimulus,3,3,Pin prick,31,299.9997,4.999994999999999,0,0.0,flinch,reflexive,5,,1.0000010000010002,,0.1612903225806451,,0.0,1.0000010000010002
2,F2,F,Day1 no drug,Baseline (no injection),30.00003000003,50408,0.0,1680.2649864,block4_Light touch,stimulus,4,4,Light touch,17,279.0330543,4.650550905,1,0.0,attending,affective,3,1.7999982,0.645084864413499,0.6450842193286346,0.1764705882352941,0.1058822470588235,0.0,0.645084864413499
2,F2,F,Day1 no drug,Baseline (no injection),30.00003000003,50408,0.0,1680.2649864,block4_Light touch,stimulus,4,4,Light touch,17,279.0330543,4.650550905,1,0.0,lickbite,affective,2,0.6333327,0.4300565762756659,0.2269740771711862,0.1176470588235294,0.0372548647058823,0.0,0.4300565762756659
2,F2,F,Day1 no drug,Baseline (no injection),30.00003000003,50408,0.0,1680.2649864,block4_Light touch,stimulus,4,4,Light touch,17,279.0330543,4.650550905,1,0.0,guarding,affective,1,0.999999,0.2150282881378329,0.3583801218492414,0.0588235294117647,0.0588234705882352,0.0,0.2150282881378329
2,F2,F,Day1 no drug,Baseline (no injection),30.00003000003,50408,0.0,1680.2649864,block4_Light touch,stimulus,4,4,Light touch,17,279.0330543,4.650550905,1,0.0,escape,affective,12,10.0333233,2.580339457653996,3.5957472225540554,0.7058823529411765,0.5901954882352941,2.0000020000020005,0.5803374576519955
2,F2,F,Day1 no drug,Baseline (no injection),30.00003000003,50408,0.0,1680.2649864,block4_Light touch,stimulus,4,4,Light touch,17,279.0330543,4.650550905,1,0.0,withdrawal,reflexive,14,,3.010396033929662,,0.8235294117647058,,0.0,3.010396033929662
2,F2,F,Day1 no drug,Baseline (no injection),30.00003000003,50408,0.0,1680.2649864,block4_Light touch,stimulus,4,4,Light touch,17,279.0330543,4.650550905,1,0.0,flinch,reflexive,7,,1.505198016964831,,0.4117647058823529,,0.0,1.505198016964831
3,F3,F,Day1 no drug,Baseline (no injection),30.00003000003,50758,0.0,1691.9316414,block1_Heat,stimulus,1,1,Heat,15,299.9997,4.999994999999999,0,0.0,attending,affective,5,2.7999972,1.0000010000010002,0.9333333333333336,0.3333333333333333,0.18666648,0.0,1.0000010000010002
3,F3,F,Day1 no drug,Baseline (no injection),30.00003000003,50758,0.0,1691.9316414,block1_Heat,stimulus,1,1,Heat,15,299.9997,4.999994999999999,0,0.0,lickbite,affective,34,18.0666486,6.800006800006801,6.022222222222223,2.2666666666666666,1.20444324,0.0,6.800006800006801
3,F3,F,Day1 no drug,Baseline (no injection),30.00003000003,50758,0.0,1691.9316414,block1_Heat,stimulus,1,1,Heat,15,299.9997,4.999994999999999,0,0.0,guarding,affective,8,3.6333297,1.6000016000016002,1.2111111111111112,0.5333333333333333,0.24222198,0.0,1.6000016000016002
3,F3,F,Day1 no drug,Baseline (no injection),30.00003000003,50758,0.0,1691.9316414,block1_Heat,stimulus,1,1,Heat,15,299.9997,4.999994999999999,0,0.0,escape,affective,38,27.7999722,7.600007600007601,9.266666666666667,2.533333333333333,1.85333148,4.800004800004801,2.8000028000028
3,F3,F,Day1 no drug,Baseline (no injection),30.00003000003,50758,0.0,1691.9316414,block1_Heat,stimulus,1,1,Heat,15,299.9997,4.999994999999999,0,0.0,withdrawal,reflexive,35,,7.000007000007001,,2.333333333333333,,0.0,7.000007000007001
3,F3,F,Day1 no drug,Baseline (no injection),30.00003000003,50758,0.0,1691.9316414,block1_Heat,stimulus,1,1,Heat,15,299.9997,4.999994999999999,0,0.0,flinch,reflexive,2,,0.4000004000004,,0.1333333333333333,,0.0,0.4000004000004
3,F3,F,Day1 no drug,Baseline (no injection),30.00003000003,50758,0.0,1691.9316414,block2_Light touch,stimulus,2,2,Light touch,30,299.9997,4.999994999999999,0,0.0,attending,affective,4,0.6999993,0.8000008000008001,0.2333333333333334,0.1333333333333333,0.02333331,0.0,0.8000008000008001
3,F3,F,Day1 no drug,Baseline (no injection),30.00003000003,50758,0.0,1691.9316414,block2_Light touch,stimulus,2,2,Light touch,30,299.9997,4.999994999999999,0,0.0,lickbite,affective,8,6.333327,1.6000016000016002,2.111111111111111,0.2666666666666666,0.2111109,0.0,1.6000016000016002
3,F3,F,Day1 no drug,Baseline (no injection),30.00003000003,50758,0.0,1691.9316414,block2_Light touch,stimulus,2,2,Light touch,30,299.9997,4.999994999999999,0,0.0,guarding,affective,3,3.9333294,0.6000006000006001,1.3111111111111111,0.1,0.13111098,0.0,0.6000006000006001
3,F3,F,Day1 no drug,Baseline (no injection),30.00003000003,50758,0.0,1691.9316414,block2_Light touch,stimulus,2,2,Light touch,30,299.9997,4.999994999999999,0,0.0,escape,affective,5,4.9333284,1.0000010000010002,1.6444444444444446,0.1666666666666666,0.16444428,4.800004800004801,-3.8000038000038003
3,F3,F,Day1 no drug,Baseline (no injection),30.00003000003,50758,0.0,1691.9316414,block2_Light touch,stimulus,2,2,Light touch,30,299.9997,4.999994999999999,0,0.0,withdrawal,reflexive,16,,3.2000032000032004,,0.5333333333333333,,0.0,3.2000032000032004
3,F3,F,Day1 no drug,Baseline (no injection),30.00003000003,50758,0.0,1691.9316414,block2_Light touch,stimulus,2,2,Light touch,30,299.9997,4.999994999999999,0,0.0,flinch,reflexive,7,,1.4000014000014005,,0.2333333333333333,,0.0,1.4000014000014005
3,F3,F,Day1 no drug,Baseline (no injection),30.00003000003,50758,0.0,1691.9316414,block3_Pin prick,stimulus,3,3,Pin prick,21,299.9997,4.999994999999999,0,0.0,attending,affective,2,0.4666662,0.4000004000004,0.1555555555555555,0.0952380952380952,0.0222221999999999,0.0,0.4000004000004
3,F3,F,Day1 no drug,Baseline (no injection),30.00003000003,50758,0.0,1691.9316414,block3_Pin prick,stimulus,3,3,Pin prick,21,299.9997,4.999994999999999,0,0.0,lickbite,affective,8,1.7999982,1.6000016000016002,0.6000000000000001,0.3809523809523809,0.0857141999999999,0.0,1.6000016000016002
3,F3,F,Day1 no drug,Baseline (no injection),30.00003000003,50758,0.0,1691.9316414,block3_Pin prick,stimulus,3,3,Pin prick,21,299.9997,4.999994999999999,0,0.0,guarding,affective,12,7.2666594,2.4000024000024003,2.4222222222222225,0.5714285714285714,0.3460314,0.0,2.4000024000024003
3,F3,F,Day1 no drug,Baseline (no injection),30.00003000003,50758,0.0,1691.9316414,block3_Pin prick,stimulus,3,3,Pin prick,21,299.9997,4.999994999999999,0,0.0,escape,affective,26,22.2999777,5.200005200005201,7.4333333333333345,1.238095238095238,1.0619037,4.800004800004801,0.40000040000040027
3,F3,F,Day1 no drug,Baseline (no injection),30.00003000003,50758,0.0,1691.9316414,block3_Pin prick,stimulus,3,3,Pin prick,21,299.9997,4.999994999999999,0,0.0,withdrawal,reflexive,18,,3.6000036000036006,,0.8571428571428571,,0.0,3.6000036000036006
3,F3,F,Day1 no drug,Baseline (no injection),30.00003000003,50758,0.0,1691.9316414,block3_Pin prick,stimulus,3,3,Pin prick,21,299.9997,4.999994999999999,0,0.0,flinch,reflexive,15,,3.000003000003,,0.7142857142857143,,0.0,3.000003000003
3,F3,F,Day1 no drug,Baseline (no injection),30.00003000003,50758,0.0,1691.9316414,block4_Mild touch,stimulus,4,4,Mild touch,19,297.1997028,4.95332838,1,0.0,attending,affective,4,0.4666662,0.8075378196508748,0.1570210856886496,0.2105263157894736,0.0245613789473684,0.0,0.8075378196508748
3,F3,F,Day1 no drug,Baseline (no injection),30.00003000003,50758,0.0,1691.9316414,block4_Mild touch,stimulus,4,4,Mild touch,19,297.1997028,4.95332838,1,0.0,lickbite,affective,2,0.6333327,0.4037689098254374,0.2131000448631673,0.1052631578947368,0.0333332999999999,0.0,0.4037689098254374
3,F3,F,Day1 no drug,Baseline (no injection),30.00003000003,50758,0.0,1691.9316414,block4_Mild touch,stimulus,4,4,Mild touch,19,297.1997028,4.95332838,1,0.0,guarding,affective,2,1.999998,0.4037689098254374,0.6729475100942126,0.1052631578947368,0.1052630526315789,0.0,0.4037689098254374
3,F3,F,Day1 no drug,Baseline (no injection),30.00003000003,50758,0.0,1691.9316414,block4_Mild touch,stimulus,4,4,Mild touch,19,297.1997028,4.95332838,1,0.0,escape,affective,8,6.799993199999999,1.6150756393017496,2.2880215343203227,0.4210526315789473,0.3578943789473683,4.800004800004801,-3.184929160703051
3,F3,F,Day1 no drug,Baseline (no injection),30.00003000003,50758,0.0,1691.9316414,block4_Mild touch,stimulus,4,4,Mild touch,19,297.1997028,4.95332838,1,0.0,withdrawal,reflexive,19,,3.835804643341655,,1.0,,0.0,3.835804643341655
3,F3,F,Day1 no drug,Baseline (no injection),30.00003000003,50758,0.0,1691.9316414,block4_Mild touch,stimulus,4,4,Mild touch,19,297.1997028,4.95332838,1,0.0,flinch,reflexive,9,,1.8169600942144684,,0.4736842105263157,,0.0,1.8169600942144684
4,M1,M,Day1 no drug,Baseline (no injection),30.00003000003,50771,0.0,1692.3649743,block1_Mild touch,stimulus,1,1,Mild touch,26,299.9997,4.999994999999999,0,0.0,attending,affective,5,2.1666645,1.0000010000010002,0.7222222222222223,0.1923076923076923,0.08333325,0.0,1.0000010000010002
4,M1,M,Day1 no drug,Baseline (no injection),30.00003000003,50771,0.0,1692.3649743,block1_Mild touch,stimulus,1,1,Mild touch,26,299.9997,4.999994999999999,0,0.0,lickbite,affective,4,2.5666641,0.8000008000008001,0.8555555555555556,0.1538461538461538,0.0987178499999999,0.0,0.8000008000008001
4,M1,M,Day1 no drug,Baseline (no injection),30.00003000003,50771,0.0,1692.3649743,block1_Mild touch,stimulus,1,1,Mild touch,26,299.9997,4.999994999999999,0,0.0,guarding,affective,8,10.7666559,1.6000016000016002,3.588888888888889,0.3076923076923077,0.41410215,0.0,1.6000016000016002
4,M1,M,Day1 no drug,Baseline (no injection),30.00003000003,50771,0.0,1692.3649743,block1_Mild touch,stimulus,1,1,Mild touch,26,299.9997,4.999994999999999,0,0.0,escape,affective,11,12.9333204,2.2000022000022,4.311111111111112,0.4230769230769231,0.4974353999999999,3.4000034000034005,-1.2000012000012004
4,M1,M,Day1 no drug,Baseline (no injection),30.00003000003,50771,0.0,1692.3649743,block1_Mild touch,stimulus,1,1,Mild touch,26,299.9997,4.999994999999999,0,0.0,withdrawal,reflexive,29,,5.800005800005801,,1.1153846153846154,,0.0,5.800005800005801
4,M1,M,Day1 no drug,Baseline (no injection),30.00003000003,50771,0.0,1692.3649743,block1_Mild touch,stimulus,1,1,Mild touch,26,299.9997,4.999994999999999,0,0.0,flinch,reflexive,18,,3.6000036000036006,,0.6923076923076923,,0.0,3.6000036000036006
4,M1,M,Day1 no drug,Baseline (no injection),30.00003000003,50771,0.0,1692.3649743,block2_Light touch,stimulus,2,2,Light touch,28,299.9997,4.999994999999999,0,0.0,attending,affective,4,1.6666649999999998,0.8000008000008001,0.5555555555555556,0.1428571428571428,0.0595237499999999,0.0,0.8000008000008001
4,M1,M,Day1 no drug,Baseline (no injection),30.00003000003,50771,0.0,1692.3649743,block2_Light touch,stimulus,2,2,Light touch,28,299.9997,4.999994999999999,0,0.0,lickbite,affective,7,10.5666561,1.4000014000014005,3.5222222222222226,0.25,0.377380575,0.0,1.4000014000014005
4,M1,M,Day1 no drug,Baseline (no injection),30.00003000003,50771,0.0,1692.3649743,block2_Light touch,stimulus,2,2,Light touch,28,299.9997,4.999994999999999,0,0.0,guarding,affective,2,4.699995299999999,0.4000004000004,1.5666666666666669,0.0714285714285714,0.167856975,0.0,0.4000004000004
4,M1,M,Day1 no drug,Baseline (no injection),30.00003000003,50771,0.0,1692.3649743,block2_Light touch,stimulus,2,2,Light touch,28,299.9997,4.999994999999999,0,0.0,escape,affective,16,21.0999789,3.2000032000032004,7.033333333333335,0.5714285714285714,0.753570675,3.4000034000034005,-0.20000020000020013
4,M1,M,Day1 no drug,Baseline (no injection),30.00003000003,50771,0.0,1692.3649743,block2_Light touch,stimulus,2,2,Light touch,28,299.9997,4.999994999999999,0,0.0,withdrawal,reflexive,21,,4.200004200004201,,0.75,,0.0,4.200004200004201
4,M1,M,Day1 no drug,Baseline (no injection),30.00003000003,50771,0.0,1692.3649743,block2_Light touch,stimulus,2,2,Light touch,28,299.9997,4.999994999999999,0,0.0,flinch,reflexive,28,,5.600005600005601,,1.0,,0.0,5.600005600005601
4,M1,M,Day1 no drug,Baseline (no injection),30.00003000003,50771,0.0,1692.3649743,block3_Heat,stimulus,3,3,Heat,22,299.9997,4.999994999999999,0,0.0,attending,affective,15,16.1333172,3.000003000003,5.377777777777779,0.6818181818181818,0.7333326,0.0,3.000003000003
4,M1,M,Day1 no drug,Baseline (no injection),30.00003000003,50771,0.0,1692.3649743,block3_Heat,stimulus,3,3,Heat,22,299.9997,4.999994999999999,0,0.0,lickbite,affective,9,6.1999938,1.8000018000018003,2.066666666666667,0.4090909090909091,0.2818179,0.0,1.8000018000018003
4,M1,M,Day1 no drug,Baseline (no injection),30.00003000003,50771,0.0,1692.3649743,block3_Heat,stimulus,3,3,Heat,22,299.9997,4.999994999999999,0,0.0,guarding,affective,9,10.1333232,1.8000018000018003,3.377777777777778,0.4090909090909091,0.4606056,0.0,1.8000018000018003
4,M1,M,Day1 no drug,Baseline (no injection),30.00003000003,50771,0.0,1692.3649743,block3_Heat,stimulus,3,3,Heat,22,299.9997,4.999994999999999,0,0.0,escape,affective,11,14.633318699999998,2.2000022000022,4.877777777777777,0.5,0.66515085,3.4000034000034005,-1.2000012000012004
4,M1,M,Day1 no drug,Baseline (no injection),30.00003000003,50771,0.0,1692.3649743,block3_Heat,stimulus,3,3,Heat,22,299.9997,4.999994999999999,0,0.0,withdrawal,reflexive,18,,3.6000036000036006,,0.8181818181818182,,0.0,3.6000036000036006
4,M1,M,Day1 no drug,Baseline (no injection),30.00003000003,50771,0.0,1692.3649743,block3_Heat,stimulus,3,3,Heat,22,299.9997,4.999994999999999,0,0.0,flinch,reflexive,60,,12.000012000012,,2.727272727272727,,0.0,12.000012000012
4,M1,M,Day1 no drug,Baseline (no injection),30.00003000003,50771,0.0,1692.3649743,block4_Pin prick,stimulus,4,4,Pin prick,24,299.9997,4.999994999999999,0,0.0,attending,affective,8,10.1333232,1.6000016000016002,3.377777777777778,0.3333333333333333,0.4222218,0.0,1.6000016000016002
4,M1,M,Day1 no drug,Baseline (no injection),30.00003000003,50771,0.0,1692.3649743,block4_Pin prick,stimulus,4,4,Pin prick,24,299.9997,4.999994999999999,0,0.0,lickbite,affective,0,0.0,0.0,0.0,0.0,0.0,0.0,0.0
4,M1,M,Day1 no drug,Baseline (no injection),30.00003000003,50771,0.0,1692.3649743,block4_Pin prick,stimulus,4,4,Pin prick,24,299.9997,4.999994999999999,0,0.0,guarding,affective,9,10.1333232,1.8000018000018003,3.377777777777778,0.375,0.4222218,0.0,1.8000018000018003
4,M1,M,Day1 no drug,Baseline (no injection),30.00003000003,50771,0.0,1692.3649743,block4_Pin prick,stimulus,4,4,Pin prick,24,299.9997,4.999994999999999,0,0.0,escape,affective,7,12.8666538,1.4000014000014005,4.288888888888889,0.2916666666666667,0.536110575,3.4000034000034005,-2.000002000002
4,M1,M,Day1 no drug,Baseline (no injection),30.00003000003,50771,0.0,1692.3649743,block4_Pin prick,stimulus,4,4,Pin prick,24,299.9997,4.999994999999999,0,0.0,withdrawal,reflexive,27,,5.4000054000054005,,1.125,,0.0,5.4000054000054005
4,M1,M,Day1 no drug,Baseline (no injection),30.00003000003,50771,0.0,1692.3649743,block4_Pin prick,stimulus,4,4,Pin prick,24,299.9997,4.999994999999999,0,0.0,flinch,reflexive,38,,7.600007600007601,,1.5833333333333333,,0.0,7.600007600007601
5,M2,M,Day1 no drug,Baseline (no injection),30.00003000003,50763,0.0,1692.0983079,block1_Pin prick,stimulus,1,1,Pin prick,23,299.9997,4.999994999999999,0,0.0,attending,affective,11,3.7999962,2.2000022000022,1.2666666666666668,0.4782608695652174,0.1652172260869565,0.0,2.2000022000022
5,M2,M,Day1 no drug,Baseline (no injection),30.00003000003,50763,0.0,1692.0983079,block1_Pin prick,stimulus,1,1,Pin prick,23,299.9997,4.999994999999999,0,0.0,lickbite,affective,6,1.2666654,1.2000012000012,0.4222222222222223,0.2608695652173913,0.0550724086956521,0.0,1.2000012000012
5,M2,M,Day1 no drug,Baseline (no injection),30.00003000003,50763,0.0,1692.0983079,block1_Pin prick,stimulus,1,1,Pin prick,23,299.9997,4.999994999999999,0,0.0,guarding,affective,4,3.0999969,0.8000008000008001,1.0333333333333334,0.1739130434782608,0.1347824739130434,0.0,0.8000008000008001
5,M2,M,Day1 no drug,Baseline (no injection),30.00003000003,50763,0.0,1692.0983079,block1_Pin prick,stimulus,1,1,Pin prick,23,299.9997,4.999994999999999,0,0.0,escape,affective,23,36.9332964,4.600004600004601,12.311111111111112,1.0,1.6057954956521738,6.800006800006801,-2.2000022000022
5,M2,M,Day1 no drug,Baseline (no injection),30.00003000003,50763,0.0,1692.0983079,block1_Pin prick,stimulus,1,1,Pin prick,23,299.9997,4.999994999999999,0,0.0,withdrawal,reflexive,31,,6.200006200006201,,1.3478260869565215,,0.0,6.200006200006201
5,M2,M,Day1 no drug,Baseline (no injection),30.00003000003,50763,0.0,1692.0983079,block1_Pin prick,stimulus,1,1,Pin prick,23,299.9997,4.999994999999999,0,0.0,flinch,reflexive,33,,6.600006600006601,,1.434782608695652,,0.0,6.600006600006601
5,M2,M,Day1 no drug,Baseline (no injection),30.00003000003,50763,0.0,1692.0983079,block2_Mild touch,stimulus,2,2,Mild touch,21,299.9997,4.999994999999999,0,0.0,attending,affective,9,5.1666615,1.8000018000018003,1.7222222222222223,0.4285714285714285,0.2460315,0.0,1.8000018000018003
5,M2,M,Day1 no drug,Baseline (no injection),30.00003000003,50763,0.0,1692.0983079,block2_Mild touch,stimulus,2,2,Mild touch,21,299.9997,4.999994999999999,0,0.0,lickbite,affective,5,1.4999985,1.0000010000010002,0.5000000000000001,0.238095238095238,0.0714285,0.0,1.0000010000010002
5,M2,M,Day1 no drug,Baseline (no injection),30.00003000003,50763,0.0,1692.0983079,block2_Mild touch,stimulus,2,2,Mild touch,21,299.9997,4.999994999999999,0,0.0,guarding,affective,6,7.1999928,1.2000012000012,2.4000000000000004,0.2857142857142857,0.3428567999999999,0.0,1.2000012000012
5,M2,M,Day1 no drug,Baseline (no injection),30.00003000003,50763,0.0,1692.0983079,block2_Mild touch,stimulus,2,2,Mild touch,21,299.9997,4.999994999999999,0,0.0,escape,affective,16,16.7999832,3.2000032000032004,5.6000000000000005,0.7619047619047619,0.7999992,6.800006800006801,-3.6000036000036006
5,M2,M,Day1 no drug,Baseline (no injection),30.00003000003,50763,0.0,1692.0983079,block2_Mild touch,stimulus,2,2,Mild touch,21,299.9997,4.999994999999999,0,0.0,withdrawal,reflexive,22,,4.4000044000044,,1.0476190476190477,,0.0,4.4000044000044
5,M2,M,Day1 no drug,Baseline (no injection),30.00003000003,50763,0.0,1692.0983079,block2_Mild touch,stimulus,2,2,Mild touch,21,299.9997,4.999994999999999,0,0.0,flinch,reflexive,22,,4.4000044000044,,1.0476190476190477,,0.0,4.4000044000044
5,M2,M,Day1 no drug,Baseline (no injection),30.00003000003,50763,0.0,1692.0983079,block3_Heat,stimulus,3,3,Heat,16,299.9997,4.999994999999999,0,0.0,attending,affective,9,8.333325,1.8000018000018003,2.777777777777778,0.5625,0.5208328125,0.0,1.8000018000018003
5,M2,M,Day1 no drug,Baseline (no injection),30.00003000003,50763,0.0,1692.0983079,block3_Heat,stimulus,3,3,Heat,16,299.9997,4.999994999999999,0,0.0,lickbite,affective,7,4.5999954,1.4000014000014005,1.5333333333333337,0.4375,0.2874997125,0.0,1.4000014000014005
5,M2,M,Day1 no drug,Baseline (no injection),30.00003000003,50763,0.0,1692.0983079,block3_Heat,stimulus,3,3,Heat,16,299.9997,4.999994999999999,0,0.0,guarding,affective,10,8.4999915,2.0000020000020005,2.833333333333333,0.625,0.53124946875,0.0,2.0000020000020005
5,M2,M,Day1 no drug,Baseline (no injection),30.00003000003,50763,0.0,1692.0983079,block3_Heat,stimulus,3,3,Heat,16,299.9997,4.999994999999999,0,0.0,escape,affective,15,17.4666492,3.000003000003,5.822222222222223,0.9375,1.091665575,6.800006800006801,-3.8000038000038012
5,M2,M,Day1 no drug,Baseline (no injection),30.00003000003,50763,0.0,1692.0983079,block3_Heat,stimulus,3,3,Heat,16,299.9997,4.999994999999999,0,0.0,withdrawal,reflexive,29,,5.800005800005801,,1.8125,,0.0,5.800005800005801
5,M2,M,Day1 no drug,Baseline (no injection),30.00003000003,50763,0.0,1692.0983079,block3_Heat,stimulus,3,3,Heat,16,299.9997,4.999994999999999,0,0.0,flinch,reflexive,47,,9.4000094000094,,2.9375,,0.0,9.4000094000094
5,M2,M,Day1 no drug,Baseline (no injection),30.00003000003,50763,0.0,1692.0983079,block4_Light touch,stimulus,4,4,Light touch,23,291.7997082,4.86332847,1,0.0,attending,affective,8,5.7333276,1.6449639479111722,1.964816084075851,0.3478260869565217,0.2492751130434782,0.0,1.6449639479111722
5,M2,M,Day1 no drug,Baseline (no injection),30.00003000003,50763,0.0,1692.0983079,block4_Light touch,stimulus,4,4,Light touch,23,291.7997082,4.86332847,1,0.0,lickbite,affective,1,1.4666652,0.2056204934888965,0.5026273703449852,0.0434782608695652,0.063768052173913,0.0,0.2056204934888965
5,M2,M,Day1 no drug,Baseline (no injection),30.00003000003,50763,0.0,1692.0983079,block4_Light touch,stimulus,4,4,Light touch,23,291.7997082,4.86332847,1,0.0,guarding,affective,1,6.266660399999999,0.2056204934888965,2.147589673292209,0.0434782608695652,0.2724634956521738,0.0,0.2056204934888965
5,M2,M,Day1 no drug,Baseline (no injection),30.00003000003,50763,0.0,1692.0983079,block4_Light touch,stimulus,4,4,Light touch,23,291.7997082,4.86332847,1,0.0,escape,affective,9,12.5666541,1.8505844414000685,4.30660269591044,0.391304347826087,0.5463762652173912,6.800006800006801,-4.949422358606732
5,M2,M,Day1 no drug,Baseline (no injection),30.00003000003,50763,0.0,1692.0983079,block4_Light touch,stimulus,4,4,Light touch,23,291.7997082,4.86332847,1,0.0,withdrawal,reflexive,17,,3.4955483893112405,,0.7391304347826086,,0.0,3.4955483893112405
5,M2,M,Day1 no drug,Baseline (no injection),30.00003000003,50763,0.0,1692.0983079,block4_Light touch,stimulus,4,4,Light touch,23,291.7997082,4.86332847,1,0.0,flinch,reflexive,8,,1.6449639479111722,,0.3478260869565217,,0.0,1.6449639479111722
6,M3,M,Day1 no drug,Baseline (no injection),30.00003000003,51670,0.0,1722.3316109999998,block1_Pin prick,stimulus,1,1,Pin prick,22,299.9997,4.999994999999999,0,0.0,attending,affective,13,6.8666598,2.6000026000026004,2.288888888888889,0.5909090909090909,0.3121209,0.0,2.6000026000026004
6,M3,M,Day1 no drug,Baseline (no injection),30.00003000003,51670,0.0,1722.3316109999998,block1_Pin prick,stimulus,1,1,Pin prick,22,299.9997,4.999994999999999,0,0.0,lickbite,affective,5,3.8666628,1.0000010000010002,1.288888888888889,0.2272727272727272,0.1757573999999999,0.0,1.0000010000010002
6,M3,M,Day1 no drug,Baseline (no injection),30.00003000003,51670,0.0,1722.3316109999998,block1_Pin prick,stimulus,1,1,Pin prick,22,299.9997,4.999994999999999,0,0.0,guarding,affective,2,1.999998,0.4000004000004,0.6666666666666667,0.0909090909090909,0.090909,0.0,0.4000004000004
6,M3,M,Day1 no drug,Baseline (no injection),30.00003000003,51670,0.0,1722.3316109999998,block1_Pin prick,stimulus,1,1,Pin prick,22,299.9997,4.999994999999999,0,0.0,escape,affective,11,18.5999814,2.2000022000022,6.200000000000001,0.5,0.8454537000000001,2.4000024000024003,-0.20000020000020013
6,M3,M,Day1 no drug,Baseline (no injection),30.00003000003,51670,0.0,1722.3316109999998,block1_Pin prick,stimulus,1,1,Pin prick,22,299.9997,4.999994999999999,0,0.0,withdrawal,reflexive,23,,4.600004600004601,,1.0454545454545454,,0.0,4.600004600004601
6,M3,M,Day1 no drug,Baseline (no injection),30.00003000003,51670,0.0,1722.3316109999998,block1_Pin prick,stimulus,1,1,Pin prick,22,299.9997,4.999994999999999,0,0.0,flinch,reflexive,11,,2.2000022000022,,0.5,,0.0,2.2000022000022
6,M3,M,Day1 no drug,Baseline (no injection),30.00003000003,51670,0.0,1722.3316109999998,block2_Mild touch,stimulus,2,2,Mild touch,24,299.9997,4.999994999999999,0,0.0,attending,affective,10,5.5666611,2.0000020000020005,1.855555555555556,0.4166666666666667,0.2319442125,0.0,2.0000020000020005
6,M3,M,Day1 no drug,Baseline (no injection),30.00003000003,51670,0.0,1722.3316109999998,block2_Mild touch,stimulus,2,2,Mild touch,24,299.9997,4.999994999999999,0,0.0,lickbite,affective,3,0.6333327,0.6000006000006001,0.2111111111111111,0.125,0.0263888625,0.0,0.6000006000006001
6,M3,M,Day1 no drug,Baseline (no injection),30.00003000003,51670,0.0,1722.3316109999998,block2_Mild touch,stimulus,2,2,Mild touch,24,299.9997,4.999994999999999,0,0.0,guarding,affective,7,6.799993199999999,1.4000014000014005,2.2666666666666666,0.2916666666666667,0.28333305,0.0,1.4000014000014005
6,M3,M,Day1 no drug,Baseline (no injection),30.00003000003,51670,0.0,1722.3316109999998,block2_Mild touch,stimulus,2,2,Mild touch,24,299.9997,4.999994999999999,0,0.0,escape,affective,13,26.0666406,2.6000026000026004,8.68888888888889,0.5416666666666666,1.086110025,2.4000024000024003,0.20000020000020013
6,M3,M,Day1 no drug,Baseline (no injection),30.00003000003,51670,0.0,1722.3316109999998,block2_Mild touch,stimulus,2,2,Mild touch,24,299.9997,4.999994999999999,0,0.0,withdrawal,reflexive,36,,7.200007200007201,,1.5,,0.0,7.200007200007201
6,M3,M,Day1 no drug,Baseline (no injection),30.00003000003,51670,0.0,1722.3316109999998,block2_Mild touch,stimulus,2,2,Mild touch,24,299.9997,4.999994999999999,0,0.0,flinch,reflexive,10,,2.0000020000020005,,0.4166666666666667,,0.0,2.0000020000020005
6,M3,M,Day1 no drug,Baseline (no injection),30.00003000003,51670,0.0,1722.3316109999998,block3_Light touch,stimulus,3,3,Light touch,25,299.9997,4.999994999999999,0,0.0,attending,affective,8,6.7666599,1.6000016000016002,2.2555555555555555,0.32,0.270666396,0.0,1.6000016000016002
6,M3,M,Day1 no drug,Baseline (no injection),30.00003000003,51670,0.0,1722.3316109999998,block3_Light touch,stimulus,3,3,Light touch,25,299.9997,4.999994999999999,0,0.0,lickbite,affective,1,0.4333328999999999,0.2000002000002,0.1444444444444444,0.04,0.0173333159999999,0.0,0.2000002000002
6,M3,M,Day1 no drug,Baseline (no injection),30.00003000003,51670,0.0,1722.3316109999998,block3_Light touch,stimulus,3,3,Light touch,25,299.9997,4.999994999999999,0,0.0,guarding,affective,5,5.0666616,1.0000010000010002,1.688888888888889,0.2,0.202666464,0.0,1.0000010000010002
6,M3,M,Day1 no drug,Baseline (no injection),30.00003000003,51670,0.0,1722.3316109999998,block3_Light touch,stimulus,3,3,Light touch,25,299.9997,4.999994999999999,0,0.0,escape,affective,5,10.8666558,1.0000010000010002,3.622222222222223,0.2,0.434666232,2.4000024000024003,-1.4000014000014
6,M3,M,Day1 no drug,Baseline (no injection),30.00003000003,51670,0.0,1722.3316109999998,block3_Light touch,stimulus,3,3,Light touch,25,299.9997,4.999994999999999,0,0.0,withdrawal,reflexive,26,,5.200005200005201,,1.04,,0.0,5.200005200005201
6,M3,M,Day1 no drug,Baseline (no injection),30.00003000003,51670,0.0,1722.3316109999998,block3_Light touch,stimulus,3,3,Light touch,25,299.9997,4.999994999999999,0,0.0,flinch,reflexive,10,,2.0000020000020005,,0.4,,0.0,2.0000020000020005
6,M3,M,Day1 no drug,Baseline (no injection),30.00003000003,51670,0.0,1722.3316109999998,block4_Heat,stimulus,4,4,Heat,20,299.9997,4.999994999999999,0,0.0,attending,affective,12,8.2999917,2.4000024000024003,2.7666666666666666,0.6,0.414999585,0.0,2.4000024000024003
6,M3,M,Day1 no drug,Baseline (no injection),30.00003000003,51670,0.0,1722.3316109999998,block4_Heat,stimulus,4,4,Heat,20,299.9997,4.999994999999999,0,0.0,lickbite,affective,12,7.2666594,2.4000024000024003,2.4222222222222225,0.6,0.36333297,0.0,2.4000024000024003
6,M3,M,Day1 no drug,Baseline (no injection),30.00003000003,51670,0.0,1722.3316109999998,block4_Heat,stimulus,4,4,Heat,20,299.9997,4.999994999999999,0,0.0,guarding,affective,13,6.966659699999999,2.6000026000026004,2.3222222222222224,0.65,0.348332985,0.0,2.6000026000026004
6,M3,M,Day1 no drug,Baseline (no injection),30.00003000003,51670,0.0,1722.3316109999998,block4_Heat,stimulus,4,4,Heat,20,299.9997,4.999994999999999,0,0.0,escape,affective,14,22.0666446,2.800002800002801,7.355555555555556,0.7,1.10333223,2.4000024000024003,0.4000004000004007
6,M3,M,Day1 no drug,Baseline (no injection),30.00003000003,51670,0.0,1722.3316109999998,block4_Heat,stimulus,4,4,Heat,20,299.9997,4.999994999999999,0,0.0,withdrawal,reflexive,28,,5.600005600005601,,1.4,,0.0,5.600005600005601
6,M3,M,Day1 no drug,Baseline (no injection),30.00003000003,51670,0.0,1722.3316109999998,block4_Heat,stimulus,4,4,Heat,20,299.9997,4.999994999999999,0,0.0,flinch,reflexive,23,,4.600004600004601,,1.15,,0.0,4.600004600004601
7,F1,F,Day2 drug,Post-treatment,30.00003000003,50479,0.0,1682.6316507,block1_Pin prick,stimulus,1,1,Pin prick,17,299.9997,4.999994999999999,0,0.0,attending,affective,0,0.0,0.0,0.0,0.0,0.0,0.0,0.0
7,F1,F,Day2 drug,Post-treatment,30.00003000003,50479,0.0,1682.6316507,block1_Pin prick,stimulus,1,1,Pin prick,17,299.9997,4.999994999999999,0,0.0,lickbite,affective,1,0.2333331,0.2000002000002,0.0777777777777777,0.0588235294117647,0.0137254764705882,0.0,0.2000002000002
7,F1,F,Day2 drug,Post-treatment,30.00003000003,50479,0.0,1682.6316507,block1_Pin prick,stimulus,1,1,Pin prick,17,299.9997,4.999994999999999,0,0.0,guarding,affective,1,0.999999,0.2000002000002,0.3333333333333333,0.0588235294117647,0.0588234705882352,0.0,0.2000002000002
7,F1,F,Day2 drug,Post-treatment,30.00003000003,50479,0.0,1682.6316507,block1_Pin prick,stimulus,1,1,Pin prick,17,299.9997,4.999994999999999,0,0.0,escape,affective,3,5.3666613,0.6000006000006001,1.788888888888889,0.1764705882352941,0.3156859588235294,1.0000010000010002,-0.40000040000040016
7,F1,F,Day2 drug,Post-treatment,30.00003000003,50479,0.0,1682.6316507,block1_Pin prick,stimulus,1,1,Pin prick,17,299.9997,4.999994999999999,0,0.0,withdrawal,reflexive,16,,3.2000032000032004,,0.9411764705882352,,0.0,3.2000032000032004
7,F1,F,Day2 drug,Post-treatment,30.00003000003,50479,0.0,1682.6316507,block1_Pin prick,stimulus,1,1,Pin prick,17,299.9997,4.999994999999999,0,0.0,flinch,reflexive,4,,0.8000008000008001,,0.2352941176470588,,0.0,0.8000008000008001
7,F1,F,Day2 drug,Post-treatment,30.00003000003,50479,0.0,1682.6316507,block2_Heat,stimulus,2,2,Heat,15,299.9997,4.999994999999999,0,0.0,attending,affective,0,0.0,0.0,0.0,0.0,0.0,0.0,0.0
7,F1,F,Day2 drug,Post-treatment,30.00003000003,50479,0.0,1682.6316507,block2_Heat,stimulus,2,2,Heat,15,299.9997,4.999994999999999,0,0.0,lickbite,affective,1,0.5333327999999999,0.2000002000002,0.1777777777777777,0.0666666666666666,0.0355555199999999,0.0,0.2000002000002
7,F1,F,Day2 drug,Post-treatment,30.00003000003,50479,0.0,1682.6316507,block2_Heat,stimulus,2,2,Heat,15,299.9997,4.999994999999999,0,0.0,guarding,affective,5,8.433324899999999,1.0000010000010002,2.811111111111111,0.3333333333333333,0.56222166,0.0,1.0000010000010002
7,F1,F,Day2 drug,Post-treatment,30.00003000003,50479,0.0,1682.6316507,block2_Heat,stimulus,2,2,Heat,15,299.9997,4.999994999999999,0,0.0,escape,affective,3,5.2333281,0.6000006000006001,1.744444444444445,0.2,0.3488885399999999,1.0000010000010002,-0.40000040000040016
7,F1,F,Day2 drug,Post-treatment,30.00003000003,50479,0.0,1682.6316507,block2_Heat,stimulus,2,2,Heat,15,299.9997,4.999994999999999,0,0.0,withdrawal,reflexive,11,,2.2000022000022,,0.7333333333333333,,0.0,2.2000022000022
7,F1,F,Day2 drug,Post-treatment,30.00003000003,50479,0.0,1682.6316507,block2_Heat,stimulus,2,2,Heat,15,299.9997,4.999994999999999,0,0.0,flinch,reflexive,1,,0.2000002000002,,0.0666666666666666,,0.0,0.2000002000002
7,F1,F,Day2 drug,Post-treatment,30.00003000003,50479,0.0,1682.6316507,block3_Mild touch,stimulus,3,3,Mild touch,13,299.9997,4.999994999999999,0,0.0,attending,affective,0,0.0,0.0,0.0,0.0,0.0,0.0,0.0
7,F1,F,Day2 drug,Post-treatment,30.00003000003,50479,0.0,1682.6316507,block3_Mild touch,stimulus,3,3,Mild touch,13,299.9997,4.999994999999999,0,0.0,lickbite,affective,7,3.2666634,1.4000014000014005,1.088888888888889,0.5384615384615384,0.2512818,0.0,1.4000014000014005
7,F1,F,Day2 drug,Post-treatment,30.00003000003,50479,0.0,1682.6316507,block3_Mild touch,stimulus,3,3,Mild touch,13,299.9997,4.999994999999999,0,0.0,guarding,affective,1,0.999999,0.2000002000002,0.3333333333333333,0.0769230769230769,0.0769229999999999,0.0,0.2000002000002
7,F1,F,Day2 drug,Post-treatment,30.00003000003,50479,0.0,1682.6316507,block3_Mild touch,stimulus,3,3,Mild touch,13,299.9997,4.999994999999999,0,0.0,escape,affective,0,0.0,0.0,0.0,0.0,0.0,1.0000010000010002,-1.0000010000010002
7,F1,F,Day2 drug,Post-treatment,30.00003000003,50479,0.0,1682.6316507,block3_Mild touch,stimulus,3,3,Mild touch,13,299.9997,4.999994999999999,0,0.0,withdrawal,reflexive,7,,1.4000014000014005,,0.5384615384615384,,0.0,1.4000014000014005
7,F1,F,Day2 drug,Post-treatment,30.00003000003,50479,0.0,1682.6316507,block3_Mild touch,stimulus,3,3,Mild touch,13,299.9997,4.999994999999999,0,0.0,flinch,reflexive,7,,1.4000014000014005,,0.5384615384615384,,0.0,1.4000014000014005
7,F1,F,Day2 drug,Post-treatment,30.00003000003,50479,0.0,1682.6316507,block4_Light touch,stimulus,4,4,Light touch,13,294.3663723,4.906106205,0,0.0,attending,affective,3,0.7333326,0.611482889820564,0.2491224096931265,0.2307692307692307,0.0564102,0.0,0.611482889820564
7,F1,F,Day2 drug,Post-treatment,30.00003000003,50479,0.0,1682.6316507,block4_Light touch,stimulus,4,4,Light touch,13,294.3663723,4.906106205,0,0.0,lickbite,affective,3,3.1666635,0.611482889820564,1.0757558600385009,0.2307692307692307,0.2435895,0.0,0.611482889820564
7,F1,F,Day2 drug,Post-treatment,30.00003000003,50479,0.0,1682.6316507,block4_Light touch,stimulus,4,4,Light touch,13,294.3663723,4.906106205,0,0.0,guarding,affective,5,7.8666588,1.01913814970094,2.672404031253539,0.3846153846153846,0.6051276,0.0,1.01913814970094
7,F1,F,Day2 drug,Post-treatment,30.00003000003,50479,0.0,1682.6316507,block4_Light touch,stimulus,4,4,Light touch,13,294.3663723,4.906106205,0,0.0,escape,affective,0,0.0,0.0,0.0,0.0,0.0,1.0000010000010002,-1.0000010000010002
7,F1,F,Day2 drug,Post-treatment,30.00003000003,50479,0.0,1682.6316507,block4_Light touch,stimulus,4,4,Light touch,13,294.3663723,4.906106205,0,0.0,withdrawal,reflexive,5,,1.01913814970094,,0.3846153846153846,,0.0,1.01913814970094
7,F1,F,Day2 drug,Post-treatment,30.00003000003,50479,0.0,1682.6316507,block4_Light touch,stimulus,4,4,Light touch,13,294.3663723,4.906106205,0,0.0,flinch,reflexive,1,,0.203827629940188,,0.0769230769230769,,0.0,0.203827629940188
8,F2,F,Day2 drug,Post-treatment,30.00003000003,50621,0.0,1687.3649793,block1_Pin prick,stimulus,1,1,Pin prick,12,299.9997,4.999994999999999,0,0.0,attending,affective,2,0.8999990999999999,0.4000004000004,0.3,0.1666666666666666,0.074999925,0.0,0.4000004000004
8,F2,F,Day2 drug,Post-treatment,30.00003000003,50621,0.0,1687.3649793,block1_Pin prick,stimulus,1,1,Pin prick,12,299.9997,4.999994999999999,0,0.0,lickbite,affective,1,1.1999988,0.2000002000002,0.4,0.0833333333333333,0.0999998999999999,0.0,0.2000002000002
8,F2,F,Day2 drug,Post-treatment,30.00003000003,50621,0.0,1687.3649793,block1_Pin prick,stimulus,1,1,Pin prick,12,299.9997,4.999994999999999,0,0.0,guarding,affective,2,1.999998,0.4000004000004,0.6666666666666667,0.1666666666666666,0.1666665,0.0,0.4000004000004
8,F2,F,Day2 drug,Post-treatment,30.00003000003,50621,0.0,1687.3649793,block1_Pin prick,stimulus,1,1,Pin prick,12,299.9997,4.999994999999999,0,0.0,escape,affective,0,0.0,0.0,0.0,0.0,0.0,0.2000002000002,-0.2000002000002
8,F2,F,Day2 drug,Post-treatment,30.00003000003,50621,0.0,1687.3649793,block1_Pin prick,stimulus,1,1,Pin prick,12,299.9997,4.999994999999999,0,0.0,withdrawal,reflexive,12,,2.4000024000024003,,1.0,,0.0,2.4000024000024003
8,F2,F,Day2 drug,Post-treatment,30.00003000003,50621,0.0,1687.3649793,block1_Pin prick,stimulus,1,1,Pin prick,12,299.9997,4.999994999999999,0,0.0,flinch,reflexive,10,,2.0000020000020005,,0.8333333333333334,,0.0,2.0000020000020005
8,F2,F,Day2 drug,Post-treatment,30.00003000003,50621,0.0,1687.3649793,block2_Heat,stimulus,2,2,Heat,13,299.9997,4.999994999999999,0,0.0,attending,affective,4,2.7666639,0.8000008000008001,0.9222222222222224,0.3076923076923077,0.2128203,0.0,0.8000008000008001
8,F2,F,Day2 drug,Post-treatment,30.00003000003,50621,0.0,1687.3649793,block2_Heat,stimulus,2,2,Heat,13,299.9997,4.999994999999999,0,0.0,lickbite,affective,4,1.2999987,0.8000008000008001,0.4333333333333333,0.3076923076923077,0.0999999,0.0,0.8000008000008001
8,F2,F,Day2 drug,Post-treatment,30.00003000003,50621,0.0,1687.3649793,block2_Heat,stimulus,2,2,Heat,13,299.9997,4.999994999999999,0,0.0,guarding,affective,4,5.0999949,0.8000008000008001,1.7000000000000002,0.3076923076923077,0.3923072999999999,0.0,0.8000008000008001
8,F2,F,Day2 drug,Post-treatment,30.00003000003,50621,0.0,1687.3649793,block2_Heat,stimulus,2,2,Heat,13,299.9997,4.999994999999999,0,0.0,escape,affective,1,0.8999990999999999,0.2000002000002,0.3,0.0769230769230769,0.0692306999999999,0.2000002000002,0.0
8,F2,F,Day2 drug,Post-treatment,30.00003000003,50621,0.0,1687.3649793,block2_Heat,stimulus,2,2,Heat,13,299.9997,4.999994999999999,0,0.0,withdrawal,reflexive,14,,2.800002800002801,,1.0769230769230769,,0.0,2.800002800002801
8,F2,F,Day2 drug,Post-treatment,30.00003000003,50621,0.0,1687.3649793,block2_Heat,stimulus,2,2,Heat,13,299.9997,4.999994999999999,0,0.0,flinch,reflexive,12,,2.4000024000024003,,0.9230769230769232,,0.0,2.4000024000024003
8,F2,F,Day2 drug,Post-treatment,30.00003000003,50621,0.0,1687.3649793,block3_Light touch,stimulus,3,3,Light touch,18,299.9997,4.999994999999999,0,0.0,attending,affective,0,0.0,0.0,0.0,0.0,0.0,0.0,0.0
8,F2,F,Day2 drug,Post-treatment,30.00003000003,50621,0.0,1687.3649793,block3_Light touch,stimulus,3,3,Light touch,18,299.9997,4.999994999999999,0,0.0,lickbite,affective,0,0.0,0.0,0.0,0.0,0.0,0.0,0.0
8,F2,F,Day2 drug,Post-treatment,30.00003000003,50621,0.0,1687.3649793,block3_Light touch,stimulus,3,3,Light touch,18,299.9997,4.999994999999999,0,0.0,guarding,affective,0,0.0,0.0,0.0,0.0,0.0,0.0,0.0
8,F2,F,Day2 drug,Post-treatment,30.00003000003,50621,0.0,1687.3649793,block3_Light touch,stimulus,3,3,Light touch,18,299.9997,4.999994999999999,0,0.0,escape,affective,0,0.0,0.0,0.0,0.0,0.0,0.2000002000002,-0.2000002000002
8,F2,F,Day2 drug,Post-treatment,30.00003000003,50621,0.0,1687.3649793,block3_Light touch,stimulus,3,3,Light touch,18,299.9997,4.999994999999999,0,0.0,withdrawal,reflexive,8,,1.6000016000016002,,0.4444444444444444,,0.0,1.6000016000016002
8,F2,F,Day2 drug,Post-treatment,30.00003000003,50621,0.0,1687.3649793,block3_Light touch,stimulus,3,3,Light touch,18,299.9997,4.999994999999999,0,0.0,flinch,reflexive,0,,0.0,,0.0,,0.0,0.0
8,F2,F,Day2 drug,Post-treatment,30.00003000003,50621,0.0,1687.3649793,block4_Mild touch,stimulus,4,4,Mild touch,14,294.1997058,4.90332843,0,0.0,attending,affective,2,4.0333293,0.4078861998644459,1.3709494674824385,0.1428571428571428,0.28809495,0.0,0.4078861998644459
8,F2,F,Day2 drug,Post-treatment,30.00003000003,50621,0.0,1687.3649793,block4_Mild touch,stimulus,4,4,Mild touch,14,294.1997058,4.90332843,0,0.0,lickbite,affective,1,0.1999997999999999,0.2039430999322229,0.0679809653297076,0.0714285714285714,0.0142856999999999,0.0,0.2039430999322229
8,F2,F,Day2 drug,Post-treatment,30.00003000003,50621,0.0,1687.3649793,block4_Mild touch,stimulus,4,4,Mild touch,14,294.1997058,4.90332843,0,0.0,guarding,affective,3,3.1666635,0.6118292997966689,1.0763652843870382,0.2142857142857142,0.2261902499999999,0.0,0.6118292997966689
8,F2,F,Day2 drug,Post-treatment,30.00003000003,50621,0.0,1687.3649793,block4_Mild touch,stimulus,4,4,Mild touch,14,294.1997058,4.90332843,0,0.0,escape,affective,0,0.0,0.0,0.0,0.0,0.0,0.2000002000002,-0.2000002000002
8,F2,F,Day2 drug,Post-treatment,30.00003000003,50621,0.0,1687.3649793,block4_Mild touch,stimulus,4,4,Mild touch,14,294.1997058,4.90332843,0,0.0,withdrawal,reflexive,9,,1.8354878993900068,,0.6428571428571429,,0.0,1.8354878993900068
8,F2,F,Day2 drug,Post-treatment,30.00003000003,50621,0.0,1687.3649793,block4_Mild touch,stimulus,4,4,Mild touch,14,294.1997058,4.90332843,0,0.0,flinch,reflexive,3,,0.6118292997966689,,0.2142857142857142,,0.0,0.6118292997966689
9,F3,F,Day2 drug,Post-treatment,30.00003000003,50426,0.0,1680.8649858,block1_Light touch,stimulus,1,1,Light touch,17,299.9997,4.999994999999999,0,0.0,attending,affective,0,0.0,0.0,0.0,0.0,0.0,0.0,0.0
9,F3,F,Day2 drug,Post-treatment,30.00003000003,50426,0.0,1680.8649858,block1_Light touch,stimulus,1,1,Light touch,17,299.9997,4.999994999999999,0,0.0,lickbite,affective,0,0.0,0.0,0.0,0.0,0.0,0.0,0.0
9,F3,F,Day2 drug,Post-treatment,30.00003000003,50426,0.0,1680.8649858,block1_Light touch,stimulus,1,1,Light touch,17,299.9997,4.999994999999999,0,0.0,guarding,affective,1,0.999999,0.2000002000002,0.3333333333333333,0.0588235294117647,0.0588234705882352,0.0,0.2000002000002
9,F3,F,Day2 drug,Post-treatment,30.00003000003,50426,0.0,1680.8649858,block1_Light touch,stimulus,1,1,Light touch,17,299.9997,4.999994999999999,0,0.0,escape,affective,1,1.5999983999999998,0.2000002000002,0.5333333333333333,0.0588235294117647,0.0941175529411764,0.2000002000002,0.0
9,F3,F,Day2 drug,Post-treatment,30.00003000003,50426,0.0,1680.8649858,block1_Light touch,stimulus,1,1,Light touch,17,299.9997,4.999994999999999,0,0.0,withdrawal,reflexive,6,,1.2000012000012,,0.3529411764705882,,0.0,1.2000012000012
9,F3,F,Day2 drug,Post-treatment,30.00003000003,50426,0.0,1680.8649858,block1_Light touch,stimulus,1,1,Light touch,17,299.9997,4.999994999999999,0,0.0,flinch,reflexive,0,,0.0,,0.0,,0.0,0.0
9,F3,F,Day2 drug,Post-treatment,30.00003000003,50426,0.0,1680.8649858,block2_Mild touch,stimulus,2,2,Mild touch,18,299.9997,4.999994999999999,0,0.0,attending,affective,0,0.0,0.0,0.0,0.0,0.0,0.0,0.0
9,F3,F,Day2 drug,Post-treatment,30.00003000003,50426,0.0,1680.8649858,block2_Mild touch,stimulus,2,2,Mild touch,18,299.9997,4.999994999999999,0,0.0,lickbite,affective,0,0.0,0.0,0.0,0.0,0.0,0.0,0.0
9,F3,F,Day2 drug,Post-treatment,30.00003000003,50426,0.0,1680.8649858,block2_Mild touch,stimulus,2,2,Mild touch,18,299.9997,4.999994999999999,0,0.0,guarding,affective,0,0.0,0.0,0.0,0.0,0.0,0.0,0.0
9,F3,F,Day2 drug,Post-treatment,30.00003000003,50426,0.0,1680.8649858,block2_Mild touch,stimulus,2,2,Mild touch,18,299.9997,4.999994999999999,0,0.0,escape,affective,2,5.5999944,0.4000004000004,1.8666666666666671,0.1111111111111111,0.3111108,0.2000002000002,0.2000002000002
9,F3,F,Day2 drug,Post-treatment,30.00003000003,50426,0.0,1680.8649858,block2_Mild touch,stimulus,2,2,Mild touch,18,299.9997,4.999994999999999,0,0.0,withdrawal,reflexive,8,,1.6000016000016002,,0.4444444444444444,,0.0,1.6000016000016002
9,F3,F,Day2 drug,Post-treatment,30.00003000003,50426,0.0,1680.8649858,block2_Mild touch,stimulus,2,2,Mild touch,18,299.9997,4.999994999999999,0,0.0,flinch,reflexive,4,,0.8000008000008001,,0.2222222222222222,,0.0,0.8000008000008001
9,F3,F,Day2 drug,Post-treatment,30.00003000003,50426,0.0,1680.8649858,block3_Pin prick,stimulus,3,3,Pin prick,19,299.9997,4.999994999999999,0,0.0,attending,affective,0,0.0,0.0,0.0,0.0,0.0,0.0,0.0
9,F3,F,Day2 drug,Post-treatment,30.00003000003,50426,0.0,1680.8649858,block3_Pin prick,stimulus,3,3,Pin prick,19,299.9997,4.999994999999999,0,0.0,lickbite,affective,0,0.0,0.0,0.0,0.0,0.0,0.0,0.0
9,F3,F,Day2 drug,Post-treatment,30.00003000003,50426,0.0,1680.8649858,block3_Pin prick,stimulus,3,3,Pin prick,19,299.9997,4.999994999999999,0,0.0,guarding,affective,3,3.0999969,0.6000006000006001,1.0333333333333334,0.1578947368421052,0.1631577315789473,0.0,0.6000006000006001
9,F3,F,Day2 drug,Post-treatment,30.00003000003,50426,0.0,1680.8649858,block3_Pin prick,stimulus,3,3,Pin prick,19,299.9997,4.999994999999999,0,0.0,escape,affective,2,4.0999959,0.4000004000004,1.3666666666666667,0.1052631578947368,0.2157892578947368,0.2000002000002,0.2000002000002
9,F3,F,Day2 drug,Post-treatment,30.00003000003,50426,0.0,1680.8649858,block3_Pin prick,stimulus,3,3,Pin prick,19,299.9997,4.999994999999999,0,0.0,withdrawal,reflexive,17,,3.4000034000034005,,0.8947368421052632,,0.0,3.4000034000034005
9,F3,F,Day2 drug,Post-treatment,30.00003000003,50426,0.0,1680.8649858,block3_Pin prick,stimulus,3,3,Pin prick,19,299.9997,4.999994999999999,0,0.0,flinch,reflexive,16,,3.2000032000032004,,0.8421052631578947,,0.0,3.2000032000032004
9,F3,F,Day2 drug,Post-treatment,30.00003000003,50426,0.0,1680.8649858,block4_Heat,stimulus,4,4,Heat,14,260.666406,4.3444401,0,0.0,attending,affective,7,4.4666622,1.6112548081857545,1.7135549872122764,0.5,0.3190473,0.0,1.6112548081857545
9,F3,F,Day2 drug,Post-treatment,30.00003000003,50426,0.0,1680.8649858,block4_Heat,stimulus,4,4,Heat,14,260.666406,4.3444401,0,0.0,lickbite,affective,1,1.6999983,0.2301792583122506,0.6521739130434782,0.0714285714285714,0.12142845,0.0,0.2301792583122506
9,F3,F,Day2 drug,Post-treatment,30.00003000003,50426,0.0,1680.8649858,block4_Heat,stimulus,4,4,Heat,14,260.666406,4.3444401,0,0.0,guarding,affective,2,1.2333321,0.4603585166245013,0.4731457800511509,0.1428571428571428,0.08809515,0.0,0.4603585166245013
9,F3,F,Day2 drug,Post-treatment,30.00003000003,50426,0.0,1680.8649858,block4_Heat,stimulus,4,4,Heat,14,260.666406,4.3444401,0,0.0,escape,affective,3,5.699994299999999,0.690537774936752,2.186700767263427,0.2142857142857142,0.4071424499999999,0.2000002000002,0.4905375749365519
9,F3,F,Day2 drug,Post-treatment,30.00003000003,50426,0.0,1680.8649858,block4_Heat,stimulus,4,4,Heat,14,260.666406,4.3444401,0,0.0,withdrawal,reflexive,14,,3.222509616371509,,1.0,,0.0,3.222509616371509
9,F3,F,Day2 drug,Post-treatment,30.00003000003,50426,0.0,1680.8649858,block4_Heat,stimulus,4,4,Heat,14,260.666406,4.3444401,0,0.0,flinch,reflexive,16,,3.68286813299601,,1.1428571428571428,,0.0,3.68286813299601
10,M1,M,Day2 drug,Post-treatment,30.00003000003,50899,0.0,1696.6316367,block1_Light touch,stimulus,1,1,Light touch,12,299.9997,4.999994999999999,0,0.0,attending,affective,1,0.8999990999999999,0.2000002000002,0.3,0.0833333333333333,0.074999925,0.0,0.2000002000002
10,M1,M,Day2 drug,Post-treatment,30.00003000003,50899,0.0,1696.6316367,block1_Light touch,stimulus,1,1,Light touch,12,299.9997,4.999994999999999,0,0.0,lickbite,affective,0,0.0,0.0,0.0,0.0,0.0,0.0,0.0
10,M1,M,Day2 drug,Post-treatment,30.00003000003,50899,0.0,1696.6316367,block1_Light touch,stimulus,1,1,Light touch,12,299.9997,4.999994999999999,0,0.0,guarding,affective,0,0.0,0.0,0.0,0.0,0.0,0.0,0.0
10,M1,M,Day2 drug,Post-treatment,30.00003000003,50899,0.0,1696.6316367,block1_Light touch,stimulus,1,1,Light touch,12,299.9997,4.999994999999999,0,0.0,escape,affective,1,0.7333326,0.2000002000002,0.2444444444444444,0.0833333333333333,0.06111105,1.2000012000012,-1.000001000001
10,M1,M,Day2 drug,Post-treatment,30.00003000003,50899,0.0,1696.6316367,block1_Light touch,stimulus,1,1,Light touch,12,299.9997,4.999994999999999,0,0.0,withdrawal,reflexive,2,,0.4000004000004,,0.1666666666666666,,0.0,0.4000004000004
10,M1,M,Day2 drug,Post-treatment,30.00003000003,50899,0.0,1696.6316367,block1_Light touch,stimulus,1,1,Light touch,12,299.9997,4.999994999999999,0,0.0,flinch,reflexive,0,,0.0,,0.0,,0.0,0.0
10,M1,M,Day2 drug,Post-treatment,30.00003000003,50899,0.0,1696.6316367,block2_Pin prick,stimulus,2,2,Pin prick,16,299.9997,4.999994999999999,0,0.0,attending,affective,3,6.1333272,0.6000006000006001,2.0444444444444447,0.1875,0.38333295,0.0,0.6000006000006001
10,M1,M,Day2 drug,Post-treatment,30.00003000003,50899,0.0,1696.6316367,block2_Pin prick,stimulus,2,2,Pin prick,16,299.9997,4.999994999999999,0,0.0,lickbite,affective,0,0.0,0.0,0.0,0.0,0.0,0.0,0.0
10,M1,M,Day2 drug,Post-treatment,30.00003000003,50899,0.0,1696.6316367,block2_Pin prick,stimulus,2,2,Pin prick,16,299.9997,4.999994999999999,0,0.0,guarding,affective,0,0.0,0.0,0.0,0.0,0.0,0.0,0.0
10,M1,M,Day2 drug,Post-treatment,30.00003000003,50899,0.0,1696.6316367,block2_Pin prick,stimulus,2,2,Pin prick,16,299.9997,4.999994999999999,0,0.0,escape,affective,2,1.8666648,0.4000004000004,0.6222222222222222,0.125,0.11666655,1.2000012000012,-0.8000008000007999
10,M1,M,Day2 drug,Post-treatment,30.00003000003,50899,0.0,1696.6316367,block2_Pin prick,stimulus,2,2,Pin prick,16,299.9997,4.999994999999999,0,0.0,withdrawal,reflexive,14,,2.800002800002801,,0.875,,0.0,2.800002800002801
10,M1,M,Day2 drug,Post-treatment,30.00003000003,50899,0.0,1696.6316367,block2_Pin prick,stimulus,2,2,Pin prick,16,299.9997,4.999994999999999,0,0.0,flinch,reflexive,9,,1.8000018000018003,,0.5625,,0.0,1.8000018000018003
10,M1,M,Day2 drug,Post-treatment,30.00003000003,50899,0.0,1696.6316367,block3_Heat,stimulus,3,3,Heat,19,299.9997,4.999994999999999,0,0.0,attending,affective,0,0.0,0.0,0.0,0.0,0.0,0.0,0.0
10,M1,M,Day2 drug,Post-treatment,30.00003000003,50899,0.0,1696.6316367,block3_Heat,stimulus,3,3,Heat,19,299.9997,4.999994999999999,0,0.0,lickbite,affective,1,0.6999993,0.2000002000002,0.2333333333333334,0.0526315789473684,0.0368420684210526,0.0,0.2000002000002
10,M1,M,Day2 drug,Post-treatment,30.00003000003,50899,0.0,1696.6316367,block3_Heat,stimulus,3,3,Heat,19,299.9997,4.999994999999999,0,0.0,guarding,affective,1,0.2999997,0.2000002000002,0.1,0.0526315789473684,0.0157894578947368,0.0,0.2000002000002
10,M1,M,Day2 drug,Post-treatment,30.00003000003,50899,0.0,1696.6316367,block3_Heat,stimulus,3,3,Heat,19,299.9997,4.999994999999999,0,0.0,escape,affective,1,0.7333326,0.2000002000002,0.2444444444444444,0.0526315789473684,0.0385964526315789,1.2000012000012,-1.000001000001
10,M1,M,Day2 drug,Post-treatment,30.00003000003,50899,0.0,1696.6316367,block3_Heat,stimulus,3,3,Heat,19,299.9997,4.999994999999999,0,0.0,withdrawal,reflexive,13,,2.6000026000026004,,0.6842105263157895,,0.0,2.6000026000026004
10,M1,M,Day2 drug,Post-treatment,30.00003000003,50899,0.0,1696.6316367,block3_Heat,stimulus,3,3,Heat,19,299.9997,4.999994999999999,0,0.0,flinch,reflexive,8,,1.6000016000016002,,0.4210526315789473,,0.0,1.6000016000016002
10,M1,M,Day2 drug,Post-treatment,30.00003000003,50899,0.0,1696.6316367,block4_Mild touch,stimulus,4,4,Mild touch,17,299.9997,4.999994999999999,0,0.0,attending,affective,0,0.0,0.0,0.0,0.0,0.0,0.0,0.0
10,M1,M,Day2 drug,Post-treatment,30.00003000003,50899,0.0,1696.6316367,block4_Mild touch,stimulus,4,4,Mild touch,17,299.9997,4.999994999999999,0,0.0,lickbite,affective,0,0.0,0.0,0.0,0.0,0.0,0.0,0.0
10,M1,M,Day2 drug,Post-treatment,30.00003000003,50899,0.0,1696.6316367,block4_Mild touch,stimulus,4,4,Mild touch,17,299.9997,4.999994999999999,0,0.0,guarding,affective,0,0.0,0.0,0.0,0.0,0.0,0.0,0.0
10,M1,M,Day2 drug,Post-treatment,30.00003000003,50899,0.0,1696.6316367,block4_Mild touch,stimulus,4,4,Mild touch,17,299.9997,4.999994999999999,0,0.0,escape,affective,1,1.7333316,0.2000002000002,0.5777777777777778,0.0588235294117647,0.1019606823529411,1.2000012000012,-1.000001000001
10,M1,M,Day2 drug,Post-treatment,30.00003000003,50899,0.0,1696.6316367,block4_Mild touch,stimulus,4,4,Mild touch,17,299.9997,4.999994999999999,0,0.0,withdrawal,reflexive,9,,1.8000018000018003,,0.5294117647058824,,0.0,1.8000018000018003
10,M1,M,Day2 drug,Post-treatment,30.00003000003,50899,0.0,1696.6316367,block4_Mild touch,stimulus,4,4,Mild touch,17,299.9997,4.999994999999999,0,0.0,flinch,reflexive,1,,0.2000002000002,,0.0588235294117647,,0.0,0.2000002000002
11,M2,M,Day2 drug,Post-treatment,30.00003000003,50833,0.0,1694.4316388999998,block1_Heat,stimulus,1,1,Heat,19,299.9997,4.999994999999999,0,0.0,attending,affective,2,1.8999981,0.4000004000004,0.6333333333333334,0.1052631578947368,0.0999998999999999,0.0,0.4000004000004
11,M2,M,Day2 drug,Post-treatment,30.00003000003,50833,0.0,1694.4316388999998,block1_Heat,stimulus,1,1,Heat,19,299.9997,4.999994999999999,0,0.0,lickbite,affective,0,0.0,0.0,0.0,0.0,0.0,0.0,0.0
11,M2,M,Day2 drug,Post-treatment,30.00003000003,50833,0.0,1694.4316388999998,block1_Heat,stimulus,1,1,Heat,19,299.9997,4.999994999999999,0,0.0,guarding,affective,0,0.0,0.0,0.0,0.0,0.0,0.0,0.0
11,M2,M,Day2 drug,Post-treatment,30.00003000003,50833,0.0,1694.4316388999998,block1_Heat,stimulus,1,1,Heat,19,299.9997,4.999994999999999,0,0.0,escape,affective,3,5.333328,0.6000006000006001,1.777777777777778,0.1578947368421052,0.2807014736842105,1.4000014000014005,-0.8000008000008004
11,M2,M,Day2 drug,Post-treatment,30.00003000003,50833,0.0,1694.4316388999998,block1_Heat,stimulus,1,1,Heat,19,299.9997,4.999994999999999,0,0.0,withdrawal,reflexive,10,,2.0000020000020005,,0.5263157894736842,,0.0,2.0000020000020005
11,M2,M,Day2 drug,Post-treatment,30.00003000003,50833,0.0,1694.4316388999998,block1_Heat,stimulus,1,1,Heat,19,299.9997,4.999994999999999,0,0.0,flinch,reflexive,6,,1.2000012000012,,0.3157894736842105,,0.0,1.2000012000012
11,M2,M,Day2 drug,Post-treatment,30.00003000003,50833,0.0,1694.4316388999998,block2_Pin prick,stimulus,2,2,Pin prick,17,299.9997,4.999994999999999,0,0.0,attending,affective,5,3.33333,1.0000010000010002,1.1111111111111112,0.2941176470588235,0.1960782352941176,0.0,1.0000010000010002
11,M2,M,Day2 drug,Post-treatment,30.00003000003,50833,0.0,1694.4316388999998,block2_Pin prick,stimulus,2,2,Pin prick,17,299.9997,4.999994999999999,0,0.0,lickbite,affective,1,0.2999997,0.2000002000002,0.1,0.0588235294117647,0.0176470411764705,0.0,0.2000002000002
11,M2,M,Day2 drug,Post-treatment,30.00003000003,50833,0.0,1694.4316388999998,block2_Pin prick,stimulus,2,2,Pin prick,17,299.9997,4.999994999999999,0,0.0,guarding,affective,1,0.999999,0.2000002000002,0.3333333333333333,0.0588235294117647,0.0588234705882352,0.0,0.2000002000002
11,M2,M,Day2 drug,Post-treatment,30.00003000003,50833,0.0,1694.4316388999998,block2_Pin prick,stimulus,2,2,Pin prick,17,299.9997,4.999994999999999,0,0.0,escape,affective,3,3.1333302,0.6000006000006001,1.0444444444444445,0.1764705882352941,0.1843135411764705,1.4000014000014005,-0.8000008000008004
11,M2,M,Day2 drug,Post-treatment,30.00003000003,50833,0.0,1694.4316388999998,block2_Pin prick,stimulus,2,2,Pin prick,17,299.9997,4.999994999999999,0,0.0,withdrawal,reflexive,12,,2.4000024000024003,,0.7058823529411765,,0.0,2.4000024000024003
11,M2,M,Day2 drug,Post-treatment,30.00003000003,50833,0.0,1694.4316388999998,block2_Pin prick,stimulus,2,2,Pin prick,17,299.9997,4.999994999999999,0,0.0,flinch,reflexive,3,,0.6000006000006001,,0.1764705882352941,,0.0,0.6000006000006001
11,M2,M,Day2 drug,Post-treatment,30.00003000003,50833,0.0,1694.4316388999998,block3_Mild touch,stimulus,3,3,Mild touch,15,299.9997,4.999994999999999,0,0.0,attending,affective,1,1.8999981,0.2000002000002,0.6333333333333334,0.0666666666666666,0.12666654,0.0,0.2000002000002
11,M2,M,Day2 drug,Post-treatment,30.00003000003,50833,0.0,1694.4316388999998,block3_Mild touch,stimulus,3,3,Mild touch,15,299.9997,4.999994999999999,0,0.0,lickbite,affective,0,0.0,0.0,0.0,0.0,0.0,0.0,0.0
11,M2,M,Day2 drug,Post-treatment,30.00003000003,50833,0.0,1694.4316388999998,block3_Mild touch,stimulus,3,3,Mild touch,15,299.9997,4.999994999999999,0,0.0,guarding,affective,1,1.8333315,0.2000002000002,0.6111111111111112,0.0666666666666666,0.1222220999999999,0.0,0.2000002000002
11,M2,M,Day2 drug,Post-treatment,30.00003000003,50833,0.0,1694.4316388999998,block3_Mild touch,stimulus,3,3,Mild touch,15,299.9997,4.999994999999999,0,0.0,escape,affective,2,2.9333304,0.4000004000004,0.977777777777778,0.1333333333333333,0.19555536,1.4000014000014005,-1.0000010000010005
11,M2,M,Day2 drug,Post-treatment,30.00003000003,50833,0.0,1694.4316388999998,block3_Mild touch,stimulus,3,3,Mild touch,15,299.9997,4.999994999999999,0,0.0,withdrawal,reflexive,9,,1.8000018000018003,,0.6,,0.0,1.8000018000018003
11,M2,M,Day2 drug,Post-treatment,30.00003000003,50833,0.0,1694.4316388999998,block3_Mild touch,stimulus,3,3,Mild touch,15,299.9997,4.999994999999999,0,0.0,flinch,reflexive,2,,0.4000004000004,,0.1333333333333333,,0.0,0.4000004000004
11,M2,M,Day2 drug,Post-treatment,30.00003000003,50833,0.0,1694.4316388999998,block4_Light touch,stimulus,4,4,Light touch,19,299.9997,4.999994999999999,0,0.0,attending,affective,2,2.0999979,0.4000004000004,0.7000000000000001,0.1052631578947368,0.1105262052631578,0.0,0.4000004000004
11,M2,M,Day2 drug,Post-treatment,30.00003000003,50833,0.0,1694.4316388999998,block4_Light touch,stimulus,4,4,Light touch,19,299.9997,4.999994999999999,0,0.0,lickbite,affective,0,0.0,0.0,0.0,0.0,0.0,0.0,0.0
11,M2,M,Day2 drug,Post-treatment,30.00003000003,50833,0.0,1694.4316388999998,block4_Light touch,stimulus,4,4,Light touch,19,299.9997,4.999994999999999,0,0.0,guarding,affective,0,0.0,0.0,0.0,0.0,0.0,0.0,0.0
11,M2,M,Day2 drug,Post-treatment,30.00003000003,50833,0.0,1694.4316388999998,block4_Light touch,stimulus,4,4,Light touch,19,299.9997,4.999994999999999,0,0.0,escape,affective,6,10.666656,1.2000012000012,3.555555555555556,0.3157894736842105,0.561402947368421,1.4000014000014005,-0.20000020000020058
11,M2,M,Day2 drug,Post-treatment,30.00003000003,50833,0.0,1694.4316388999998,block4_Light touch,stimulus,4,4,Light touch,19,299.9997,4.999994999999999,0,0.0,withdrawal,reflexive,8,,1.6000016000016002,,0.4210526315789473,,0.0,1.6000016000016002
11,M2,M,Day2 drug,Post-treatment,30.00003000003,50833,0.0,1694.4316388999998,block4_Light touch,stimulus,4,4,Light touch,19,299.9997,4.999994999999999,0,0.0,flinch,reflexive,4,,0.8000008000008001,,0.2105263157894736,,0.0,0.8000008000008001
12,M3,M,Day2 drug,Post-treatment,30.00003000003,50677,0.0,1689.2316440999998,block1_Light touch,stimulus,1,1,Light touch,17,299.9997,4.999994999999999,0,0.0,attending,affective,3,3.7666629,0.6000006000006001,1.2555555555555555,0.1764705882352941,0.2215684058823529,0.0,0.6000006000006001
12,M3,M,Day2 drug,Post-treatment,30.00003000003,50677,0.0,1689.2316440999998,block1_Light touch,stimulus,1,1,Light touch,17,299.9997,4.999994999999999,0,0.0,lickbite,affective,0,0.0,0.0,0.0,0.0,0.0,0.0,0.0
12,M3,M,Day2 drug,Post-treatment,30.00003000003,50677,0.0,1689.2316440999998,block1_Light touch,stimulus,1,1,Light touch,17,299.9997,4.999994999999999,0,0.0,guarding,affective,0,0.0,0.0,0.0,0.0,0.0,0.0,0.0
12,M3,M,Day2 drug,Post-treatment,30.00003000003,50677,0.0,1689.2316440999998,block1_Light touch,stimulus,1,1,Light touch,17,299.9997,4.999994999999999,0,0.0,escape,affective,3,4.9666617,0.6000006000006001,1.6555555555555557,0.1764705882352941,0.2921565705882352,1.4000014000014005,-0.8000008000008004
12,M3,M,Day2 drug,Post-treatment,30.00003000003,50677,0.0,1689.2316440999998,block1_Light touch,stimulus,1,1,Light touch,17,299.9997,4.999994999999999,0,0.0,withdrawal,reflexive,11,,2.2000022000022,,0.6470588235294118,,0.0,2.2000022000022
12,M3,M,Day2 drug,Post-treatment,30.00003000003,50677,0.0,1689.2316440999998,block1_Light touch,stimulus,1,1,Light touch,17,299.9997,4.999994999999999,0,0.0,flinch,reflexive,5,,1.0000010000010002,,0.2941176470588235,,0.0,1.0000010000010002
12,M3,M,Day2 drug,Post-treatment,30.00003000003,50677,0.0,1689.2316440999998,block2_Mild touch,stimulus,2,2,Mild touch,17,299.9997,4.999994999999999,0,0.0,attending,affective,3,1.5666650999999998,0.6000006000006001,0.5222222222222223,0.1764705882352941,0.0921567705882352,0.0,0.6000006000006001
12,M3,M,Day2 drug,Post-treatment,30.00003000003,50677,0.0,1689.2316440999998,block2_Mild touch,stimulus,2,2,Mild touch,17,299.9997,4.999994999999999,0,0.0,lickbite,affective,0,0.0,0.0,0.0,0.0,0.0,0.0,0.0
12,M3,M,Day2 drug,Post-treatment,30.00003000003,50677,0.0,1689.2316440999998,block2_Mild touch,stimulus,2,2,Mild touch,17,299.9997,4.999994999999999,0,0.0,guarding,affective,0,0.0,0.0,0.0,0.0,0.0,0.0,0.0
12,M3,M,Day2 drug,Post-treatment,30.00003000003,50677,0.0,1689.2316440999998,block2_Mild touch,stimulus,2,2,Mild touch,17,299.9997,4.999994999999999,0,0.0,escape,affective,2,1.1333322,0.4000004000004,0.3777777777777777,0.1176470588235294,0.0666665999999999,1.4000014000014005,-1.0000010000010005
12,M3,M,Day2 drug,Post-treatment,30.00003000003,50677,0.0,1689.2316440999998,block2_Mild touch,stimulus,2,2,Mild touch,17,299.9997,4.999994999999999,0,0.0,withdrawal,reflexive,13,,2.6000026000026004,,0.7647058823529411,,0.0,2.6000026000026004
12,M3,M,Day2 drug,Post-treatment,30.00003000003,50677,0.0,1689.2316440999998,block2_Mild touch,stimulus,2,2,Mild touch,17,299.9997,4.999994999999999,0,0.0,flinch,reflexive,8,,1.6000016000016002,,0.4705882352941176,,0.0,1.6000016000016002
12,M3,M,Day2 drug,Post-treatment,30.00003000003,50677,0.0,1689.2316440999998,block3_Heat,stimulus,3,3,Heat,21,299.9997,4.999994999999999,0,0.0,attending,affective,7,10.1666565,1.4000014000014005,3.3888888888888893,0.3333333333333333,0.4841265,0.0,1.4000014000014005
12,M3,M,Day2 drug,Post-treatment,30.00003000003,50677,0.0,1689.2316440999998,block3_Heat,stimulus,3,3,Heat,21,299.9997,4.999994999999999,0,0.0,lickbite,affective,8,4.7333286,1.6000016000016002,1.577777777777778,0.3809523809523809,0.2253966,0.0,1.6000016000016002
12,M3,M,Day2 drug,Post-treatment,30.00003000003,50677,0.0,1689.2316440999998,block3_Heat,stimulus,3,3,Heat,21,299.9997,4.999994999999999,0,0.0,guarding,affective,9,5.0333283,1.8000018000018003,1.677777777777778,0.4285714285714285,0.2396823,0.0,1.8000018000018003
12,M3,M,Day2 drug,Post-treatment,30.00003000003,50677,0.0,1689.2316440999998,block3_Heat,stimulus,3,3,Heat,21,299.9997,4.999994999999999,0,0.0,escape,affective,8,9.5999904,1.6000016000016002,3.2,0.3809523809523809,0.4571423999999999,1.4000014000014005,0.2000002000001997
12,M3,M,Day2 drug,Post-treatment,30.00003000003,50677,0.0,1689.2316440999998,block3_Heat,stimulus,3,3,Heat,21,299.9997,4.999994999999999,0,0.0,withdrawal,reflexive,41,,8.2000082000082,,1.9523809523809523,,0.0,8.2000082000082
12,M3,M,Day2 drug,Post-treatment,30.00003000003,50677,0.0,1689.2316440999998,block3_Heat,stimulus,3,3,Heat,21,299.9997,4.999994999999999,0,0.0,flinch,reflexive,29,,5.800005800005801,,1.380952380952381,,0.0,5.800005800005801
12,M3,M,Day2 drug,Post-treatment,30.00003000003,50677,0.0,1689.2316440999998,block4_Pin prick,stimulus,4,4,Pin prick,16,280.3997196,4.673328659999999,0,0.0,attending,affective,6,6.6333267,1.283881455065478,2.3656680932001906,0.375,0.41458291875,0.0,1.283881455065478
12,M3,M,Day2 drug,Post-treatment,30.00003000003,50677,0.0,1689.2316440999998,block4_Pin prick,stimulus,4,4,Pin prick,16,280.3997196,4.673328659999999,0,0.0,lickbite,affective,1,0.7999991999999999,0.213980242510913,0.2853067047075606,0.0625,0.0499999499999999,0.0,0.213980242510913
12,M3,M,Day2 drug,Post-treatment,30.00003000003,50677,0.0,1689.2316440999998,block4_Pin prick,stimulus,4,4,Pin prick,16,280.3997196,4.673328659999999,0,0.0,guarding,affective,3,2.999997,0.641940727532739,1.0699001426533523,0.1875,0.1874998125,0.0,0.641940727532739
12,M3,M,Day2 drug,Post-treatment,30.00003000003,50677,0.0,1689.2316440999998,block4_Pin prick,stimulus,4,4,Pin prick,16,280.3997196,4.673328659999999,0,0.0,escape,affective,1,0.5333327999999999,0.213980242510913,0.1902044698050404,0.0625,0.0333332999999999,1.4000014000014005,-1.1860211574904875
12,M3,M,Day2 drug,Post-treatment,30.00003000003,50677,0.0,1689.2316440999998,block4_Pin prick,stimulus,4,4,Pin prick,16,280.3997196,4.673328659999999,0,0.0,withdrawal,reflexive,13,,2.781743152641869,,0.8125,,0.0,2.781743152641869
12,M3,M,Day2 drug,Post-treatment,30.00003000003,50677,0.0,1689.2316440999998,block4_Pin prick,stimulus,4,4,Pin prick,16,280.3997196,4.673328659999999,0,0.0,flinch,reflexive,17,,3.637664122685521,,1.0625,,0.0,3.637664122685521
