day,file,session,mouse,sex,phase,treatment,session_s,n_deliveries,stim_median_iti_s,cls,behaviour,n_events,events_per_min,n_per_delivery,total_dur_s,pct_of_session,median_iei_s
Day1 no drug,ScoringAB_female1bottom000126_09_0212_00_19.mat,1,F1,F,Baseline (no injection),None,1680.9,87,4.77,affective,attending,10,0.35695199000571126,0.11494252873563218,3.1666635,0.18839113966724175,13.699986299999999
Day1 no drug,ScoringAB_female1bottom000126_09_0212_00_19.mat,1,F1,F,Baseline (no injection),None,1680.9,87,4.77,affective,lickbite,20,0.7139039800114225,0.22988505747126436,9.3666573,0.5572411604894203,19.7333136
Day1 no drug,ScoringAB_female1bottom000126_09_0212_00_19.mat,1,F1,F,Baseline (no injection),None,1680.9,87,4.77,affective,guarding,2,0.07139039800114225,0.022988505747126436,1.999998,0.11898387768457373,972.5656941
Day1 no drug,ScoringAB_female1bottom000126_09_0212_00_19.mat,1,F1,F,Baseline (no injection),None,1680.9,87,4.77,affective,escape,86,3.0697871140491166,0.9885057471264368,71.93326139999999,4.279453467388501,7.5999924
Day1 no drug,ScoringAB_female1bottom000126_09_0212_00_19.mat,1,F1,F,Baseline (no injection),None,1680.9,87,4.77,reflexive,withdrawal,109,3.8907766910622525,1.2528735632183907,,,2.71666395
Day1 no drug,ScoringAB_female1bottom000126_09_0212_00_19.mat,1,F1,F,Baseline (no injection),None,1680.9,87,4.77,reflexive,flinch,70,2.498663930039979,0.8045977011494253,,,4.7333286
Day1 no drug,ScoringAB_female2bottom000226_09_0212_33_04_009.mat,2,F2,F,Baseline (no injection),None,1680.3,88,2.9,affective,attending,19,0.6784644143793486,0.2159090909090909,5.0333283,0.29955562609109665,32.099967899999996
Day1 no drug,ScoringAB_female2bottom000226_09_0212_33_04_009.mat,2,F2,F,Baseline (no injection),None,1680.3,88,2.9,affective,lickbite,51,1.821141322807725,0.5795454545454546,15.9333174,0.948262180606253,5.0999948999999996
Day1 no drug,ScoringAB_female2bottom000226_09_0212_33_04_009.mat,2,F2,F,Baseline (no injection),None,1680.3,88,2.9,affective,guarding,23,0.8212990279328956,0.26136363636363635,17.5999824,1.0474527852721789,4.38332895
Day1 no drug,ScoringAB_female2bottom000226_09_0212_33_04_009.mat,2,F2,F,Baseline (no injection),None,1680.3,88,2.9,affective,escape,70,2.4996057371870735,0.7954545454545454,56.633276699999996,3.3704967465481666,10.699989299999999
Day1 no drug,ScoringAB_female2bottom000226_09_0212_33_04_009.mat,2,F2,F,Baseline (no injection),None,1680.3,88,2.9,reflexive,withdrawal,92,3.285196111731582,1.0454545454545454,,,1.4666652
Day1 no drug,ScoringAB_female2bottom000226_09_0212_33_04_009.mat,2,F2,F,Baseline (no injection),None,1680.3,88,2.9,reflexive,flinch,25,0.8927163347096692,0.2840909090909091,,,0.58333275
Day1 no drug,ScoringAB_female3bottom000326_09_0213_03_46_008.mat,3,F3,F,Baseline (no injection),None,1691.9,85,2.67,affective,attending,15,0.5319363844128413,0.17647058823529413,4.433328899999999,0.2620276606643287,101.86656479999999
Day1 no drug,ScoringAB_female3bottom000326_09_0213_03_46_008.mat,3,F3,F,Baseline (no injection),None,1691.9,85,2.67,affective,lickbite,56,1.9858958351412743,0.6588235294117647,30.866635799999997,1.8243429607155521,2.7999972
Day1 no drug,ScoringAB_female3bottom000326_09_0213_03_46_008.mat,3,F3,F,Baseline (no injection),None,1691.9,85,2.67,affective,guarding,25,0.8865606406880688,0.29411764705882354,16.8333165,0.9949170574096693,2.68333065
Day1 no drug,ScoringAB_female3bottom000326_09_0213_03_46_008.mat,3,F3,F,Baseline (no injection),None,1691.9,85,2.67,affective,escape,101,3.5817049883797982,1.188235294117647,85.0999149,5.029749005082943,6.049993949999999
Day1 no drug,ScoringAB_female3bottom000326_09_0213_03_46_008.mat,3,F3,F,Baseline (no injection),None,1691.9,85,2.67,reflexive,withdrawal,88,3.1206934552220025,1.035294117647059,,,1.999998
Day1 no drug,ScoringAB_female3bottom000326_09_0213_03_46_008.mat,3,F3,F,Baseline (no injection),None,1691.9,85,2.67,reflexive,flinch,33,1.1702600457082508,0.38823529411764707,,,4.0333293
Day1 no drug,ScoringAB_male1bottom000626_09_0214_37_16_006.mat,4,M1,M,Baseline (no injection),None,1692.4,100,2.23,affective,attending,32,1.1345070532401884,0.32,30.099969899999998,1.7785743830139251,13.766652899999999
Day1 no drug,ScoringAB_male1bottom000626_09_0214_37_16_006.mat,4,M1,M,Baseline (no injection),None,1692.4,100,2.23,affective,lickbite,21,0.7445202536888736,0.21,23.9333094,1.4141931417541511,33.61663305
Day1 no drug,ScoringAB_male1bottom000626_09_0214_37_16_006.mat,4,M1,M,Baseline (no injection),None,1692.4,100,2.23,affective,guarding,28,0.9926936715851647,0.28,35.7332976,2.111441570975557,19.2999807
Day1 no drug,ScoringAB_male1bottom000626_09_0214_37_16_006.mat,4,M1,M,Baseline (no injection),None,1692.4,100,2.23,affective,escape,69,2.446280833549156,0.69,106.8998931,6.316598057946466,14.183319149999999
Day1 no drug,ScoringAB_male1bottom000626_09_0214_37_16_006.mat,4,M1,M,Baseline (no injection),None,1692.4,100,2.23,reflexive,withdrawal,96,3.4035211597205652,0.96,,,2.2333311
Day1 no drug,ScoringAB_male1bottom000626_09_0214_37_16_006.mat,4,M1,M,Baseline (no injection),None,1692.4,100,2.23,reflexive,flinch,144,5.105281739580848,1.44,,,1.2666654
Day1 no drug,ScoringAB_male2bottom000526_09_0214_06_31_004.mat,5,M2,M,Baseline (no injection),None,1692.1,83,2.88,affective,attending,37,1.3119805094274688,0.4457831325301205,23.0333103,1.361227665819593,10.683322650000001
Day1 no drug,ScoringAB_male2bottom000526_09_0214_06_31_004.mat,5,M2,M,Baseline (no injection),None,1692.1,83,2.88,affective,lickbite,19,0.6737197210573489,0.2289156626506024,8.8333245,0.5220337647499163,24.68330865
Day1 no drug,ScoringAB_male2bottom000526_09_0214_06_31_004.mat,5,M2,M,Baseline (no injection),None,1692.1,83,2.88,affective,guarding,21,0.7446375864318067,0.25301204819277107,25.066641599999997,1.481393928648819,6.64999335
Day1 no drug,ScoringAB_male2bottom000526_09_0214_06_31_004.mat,5,M2,M,Baseline (no injection),None,1692.1,83,2.88,affective,escape,105,3.7231879321590333,1.2650602409638554,162.1331712,9.581782006579596,8.31665835
Day1 no drug,ScoringAB_male2bottom000526_09_0214_06_31_004.mat,5,M2,M,Baseline (no injection),None,1692.1,83,2.88,reflexive,withdrawal,99,3.5104343360356602,1.1927710843373494,,,2.333331
Day1 no drug,ScoringAB_male2bottom000526_09_0214_06_31_004.mat,5,M2,M,Baseline (no injection),None,1692.1,83,2.88,reflexive,flinch,110,3.900482595595178,1.3253012048192772,,,1.0333322999999999
Day1 no drug,ScoringAB_male3bottom000426_09_0213_35_27_011.mat,6,M3,M,Baseline (no injection),None,1722.3,91,1.98,affective,attending,43,1.49796937100982,0.4725274725274725,27.4999725,1.5966711825043547,5.199994799999999
Day1 no drug,ScoringAB_male3bottom000426_09_0213_35_27_011.mat,6,M3,M,Baseline (no injection),None,1722.3,91,1.98,affective,lickbite,21,0.7315664370047958,0.23076923076923078,12.199987799999999,0.7083413973292045,7.51665915
Day1 no drug,ScoringAB_male3bottom000426_09_0213_35_27_011.mat,6,M3,M,Baseline (no injection),None,1722.3,91,1.98,affective,guarding,24,0.836075928005481,0.26373626373626374,17.4333159,1.012192761757306,1.999998
Day1 no drug,ScoringAB_male3bottom000426_09_0213_35_27_011.mat,6,M3,M,Baseline (no injection),None,1722.3,91,1.98,affective,escape,57,1.9856803290130174,0.6263736263736264,107.9665587,6.268627830462551,17.6999823
Day1 no drug,ScoringAB_male3bottom000426_09_0213_35_27_011.mat,6,M3,M,Baseline (no injection),None,1722.3,91,1.98,reflexive,withdrawal,104,3.622995688023751,1.1428571428571428,,,1.5666650999999998
Day1 no drug,ScoringAB_male3bottom000426_09_0213_35_27_011.mat,6,M3,M,Baseline (no injection),None,1722.3,91,1.98,reflexive,flinch,48,1.672151856010962,0.5274725274725275,,,1.4999985
Day2 drug,ScoringAB_female1bottom000726_09_0311_32_06_001.mat,7,F1,F,Post-treatment,SBI-553,1682.6,58,2.3,affective,attending,3,0.10697528477199232,0.05172413793103448,0.7333326,0.043582479843103074,2.58333075
Day2 drug,ScoringAB_female1bottom000726_09_0311_32_06_001.mat,7,F1,F,Post-treatment,SBI-553,1682.6,58,2.3,affective,lickbite,13,0.46355956734530007,0.22413793103448276,9.0666576,0.538837932605638,5.24999475
Day2 drug,ScoringAB_female1bottom000726_09_0311_32_06_001.mat,7,F1,F,Post-treatment,SBI-553,1682.6,58,2.3,affective,guarding,13,0.46355956734530007,0.22413793103448276,19.9333134,1.1846510430079835,44.08328925
Day2 drug,ScoringAB_female1bottom000726_09_0311_32_06_001.mat,7,F1,F,Post-treatment,SBI-553,1682.6,58,2.3,affective,escape,12,0.4279011390879693,0.20689655172413793,19.0666476,1.13314447592068,31.0333023
Day2 drug,ScoringAB_female1bottom000726_09_0311_32_06_001.mat,7,F1,F,Post-treatment,SBI-553,1682.6,58,2.3,reflexive,withdrawal,39,1.3906787020359002,0.6724137931034483,,,4.04999595
Day2 drug,ScoringAB_female1bottom000726_09_0311_32_06_001.mat,7,F1,F,Post-treatment,SBI-553,1682.6,58,2.3,reflexive,flinch,13,0.46355956734530007,0.22413793103448276,,,41.7332916
Day2 drug,ScoringAB_female2bottom000826_09_0312_01_40.mat,8,F2,F,Post-treatment,SBI-553,1687.4,57,2.15,affective,attending,8,0.28446720531033365,0.14035087719298245,7.6999923,0.4563323521858517,108.8665578
Day2 drug,ScoringAB_female2bottom000826_09_0312_01_40.mat,8,F2,F,Post-treatment,SBI-553,1687.4,57,2.15,affective,lickbite,7,0.24890880464654194,0.12280701754385964,3.9333294,0.23310483791311906,39.7999602
Day2 drug,ScoringAB_female2bottom000826_09_0312_01_40.mat,8,F2,F,Post-treatment,SBI-553,1687.4,57,2.15,affective,guarding,9,0.3200256059741254,0.15789473684210525,10.266656399999999,0.6084431362478023,103.31656335
Day2 drug,ScoringAB_female2bottom000826_09_0312_01_40.mat,8,F2,F,Post-treatment,SBI-553,1687.4,57,2.15,affective,escape,2,0.07111680132758341,0.03508771929824561,3.1999967999999996,0.18964461389541887,793.5992064
Day2 drug,ScoringAB_female2bottom000826_09_0312_01_40.mat,8,F2,F,Post-treatment,SBI-553,1687.4,57,2.15,reflexive,withdrawal,43,1.5290112285430435,0.7543859649122807,,,2.88333045
Day2 drug,ScoringAB_female2bottom000826_09_0312_01_40.mat,8,F2,F,Post-treatment,SBI-553,1687.4,57,2.15,reflexive,flinch,25,0.8889600165947927,0.43859649122807015,,,1.2666654
Day2 drug,ScoringAB_female3bottom000926_09_0312_31_11.mat,9,F3,F,Post-treatment,SBI-553,1680.9,68,2.0,affective,attending,7,0.24987134811431805,0.10294117647058823,4.4666622,0.2657359298774442,8.3666583
Day2 drug,ScoringAB_female3bottom000926_09_0312_31_11.mat,9,F3,F,Post-treatment,SBI-553,1680.9,68,2.0,affective,lickbite,1,0.03569590687347401,0.014705882352941176,1.6999982999999999,0.10113830166977351,
Day2 drug,ScoringAB_female3bottom000926_09_0312_31_11.mat,9,F3,F,Post-treatment,SBI-553,1680.9,68,2.0,affective,guarding,6,0.21417544124084403,0.08823529411764706,5.333328,0.3172966326894856,146.5665201
Day2 drug,ScoringAB_female3bottom000926_09_0312_31_11.mat,9,F3,F,Post-treatment,SBI-553,1680.9,68,2.0,affective,escape,9,0.321263161861266,0.1323529411764706,18.666648,1.1105382144131994,163.61650305
Day2 drug,ScoringAB_female3bottom000926_09_0312_31_11.mat,9,F3,F,Post-treatment,SBI-553,1680.9,68,2.0,reflexive,withdrawal,45,1.6063158093063303,0.6617647058823529,,,2.74999725
Day2 drug,ScoringAB_female3bottom000926_09_0312_31_11.mat,9,F3,F,Post-treatment,SBI-553,1680.9,68,2.0,reflexive,flinch,36,1.285052647445064,0.5294117647058824,,,0.5333327999999999
Day2 drug,ScoringAB_male1bottom001226_09_0314_00_32.mat,10,M1,M,Post-treatment,SBI-553,1696.6,64,1.97,affective,attending,5,0.17682093950782923,0.078125,9.0333243,0.5324269632016346,155.81651085
Day2 drug,ScoringAB_male1bottom001226_09_0314_00_32.mat,10,M1,M,Post-treatment,SBI-553,1696.6,64,1.97,affective,lickbite,1,0.03536418790156585,0.015625,0.6999993,0.04125817796027428,
Day2 drug,ScoringAB_male1bottom001226_09_0314_00_32.mat,10,M1,M,Post-treatment,SBI-553,1696.6,64,1.97,affective,guarding,1,0.03536418790156585,0.015625,0.2999997,0.017682076268688972,
Day2 drug,ScoringAB_male1bottom001226_09_0314_00_32.mat,10,M1,M,Post-treatment,SBI-553,1696.6,64,1.97,affective,escape,11,0.3890060669172243,0.171875,15.099984899999999,0.889997838857345,27.6999723
Day2 drug,ScoringAB_male1bottom001226_09_0314_00_32.mat,10,M1,M,Post-treatment,SBI-553,1696.6,64,1.97,reflexive,withdrawal,38,1.343839140259502,0.59375,,,4.7333286
Day2 drug,ScoringAB_male1bottom001226_09_0314_00_32.mat,10,M1,M,Post-treatment,SBI-553,1696.6,64,1.97,reflexive,flinch,18,0.6365553822281852,0.28125,,,30.8999691
Day2 drug,ScoringAB_male2bottom001126_09_0313_30_46.mat,11,M2,M,Post-treatment,SBI-553,1694.4,70,1.73,affective,attending,13,0.46033134774700296,0.18571428571428572,14.833318499999999,0.8754155764955835,122.46654419999999
Day2 drug,ScoringAB_male2bottom001126_09_0313_30_46.mat,11,M2,M,Post-treatment,SBI-553,1694.4,70,1.73,affective,lickbite,3,0.10623031101853915,0.04285714285714286,4.0999959,0.2419687997954085,95.98323735
Day2 drug,ScoringAB_male2bottom001126_09_0313_30_46.mat,11,M2,M,Post-treatment,SBI-553,1694.4,70,1.73,affective,guarding,2,0.07082020734569276,0.02857142857142857,2.8333304999999998,0.16721421124072944,230.16643649999997
Day2 drug,ScoringAB_male2bottom001126_09_0313_30_46.mat,11,M2,M,Post-treatment,SBI-553,1694.4,70,1.73,affective,escape,21,0.743612177129774,0.3,33.733299599999995,1.9908327267719788,18.1666485
Day2 drug,ScoringAB_male2bottom001126_09_0313_30_46.mat,11,M2,M,Post-treatment,SBI-553,1694.4,70,1.73,reflexive,withdrawal,39,1.3809940432410088,0.5571428571428572,,,3.41666325
Day2 drug,ScoringAB_male2bottom001126_09_0313_30_46.mat,11,M2,M,Post-treatment,SBI-553,1694.4,70,1.73,reflexive,flinch,15,0.5311515550926957,0.21428571428571427,,,2.4666642
Day2 drug,ScoringAB_male3bottom001026_09_0313_01_11.mat,12,M3,M,Post-treatment,SBI-553,1689.2,71,2.18,affective,attending,19,0.6748630384599364,0.2676056338028169,22.133311199999998,1.3102590918957318,38.68329464999999
Day2 drug,ScoringAB_male3bottom001026_09_0313_01_11.mat,12,M3,M,Post-treatment,SBI-553,1689.2,71,2.18,affective,lickbite,9,0.3196719655862857,0.1267605633802817,5.5333277999999995,0.32756477297393294,3.9499960499999998
Day2 drug,ScoringAB_male3bottom001026_09_0313_01_11.mat,12,M3,M,Post-treatment,SBI-553,1689.2,71,2.18,affective,guarding,12,0.42622928744838096,0.16901408450704225,8.0333253,0.4755609053416737,4.0999959
Day2 drug,ScoringAB_male3bottom001026_09_0313_01_11.mat,12,M3,M,Post-treatment,SBI-553,1689.2,71,2.18,affective,escape,22,0.7814203603220318,0.30985915492957744,30.4666362,1.8035795331215345,44.5666221
Day2 drug,ScoringAB_male3bottom001026_09_0313_01_11.mat,12,M3,M,Post-treatment,SBI-553,1689.2,71,2.18,reflexive,withdrawal,78,2.770490368414476,1.0985915492957747,,,1.2999987
Day2 drug,ScoringAB_male3bottom001026_09_0313_01_11.mat,12,M3,M,Post-treatment,SBI-553,1689.2,71,2.18,reflexive,flinch,59,2.0956273299545396,0.8309859154929577,,,1.2333321
