mouse,behaviour,stimulus,n_deliv_day1,n_deliv_day2,n_events_day1,n_events_day2,rate_day1,rate_day2,rate_ratio,p_rate,rr_lo,rr_hi,p_day1,p_day2,delta,odds_ratio,ci_lo,ci_hi,p_fisher,min_detectable_delta,q_fisher,q_rate,change_index,change_index_lo,change_index_hi
F1,attending,ALL,87,58,10,3,0.11494252873563218,0.05172413793103449,0.45000000000000007,0.26625056849920015,0.14913766934833322,1.676303519375027,0.09195402298850575,0.06896551724137931,-0.022988505747126436,1.294898672257163,0.3925577563241238,4.271378018649842,0.7629874008724671,0.09,0.8530293922797769,0.3981759229323486,0.45000000000000007,0.14913766934833322,1.676303519375027
F1,attending,Heat,23,15,1,0,0.08695652173913042,0.0,0.0,0.5221606648199446,0.014721992113601125,6.388024373247702,0.13043478260869565,0.0,-0.13043478260869565,5.2926829268292686,0.2542422054262913,110.18033971574907,0.263869132290185,0.42,0.36256827337582676,0.6111959241968752,0.0,0.014721992113601125,6.388024373247702
F1,attending,Light touch,22,13,0,3,0.0,0.2307692307692308,,0.05124198250728864,0.6118682952678058,229.34896616162254,0.0,0.3076923076923077,0.3076923076923077,0.04691358024691358,0.002292624680620496,0.9599844362610344,0.01365546218487395,0.38,0.03192185965295209,0.12256528248364985,,0.6118682952678058,229.34896616162254
F1,attending,Mild touch,26,13,0,0,0.0,0.0,,,0.03968218948874058,100.80088955613098,0.0,0.0,0.0,0.5094339622641509,0.009572467096468312,27.11139764626627,1.0,0.38,1.0,,,0.03968218948874058,100.80088955613098
F1,attending,Pin prick,16,17,8,0,0.5,0.0,0.0,0.0030538545059342224,0.003195355542935545,0.9592351647472233,0.3125,0.0,-0.3125,16.73913043478261,0.8424517554555889,332.5988531665377,0.018404287592274242,0.44,0.040898416871720536,0.012011827723341275,0.0,0.003195355542935545,0.9592351647472233
F1,escape,ALL,87,58,60,4,0.7011494252873562,0.06896551724137932,0.09836065573770494,8.553033624415195e-10,0.04214437851479689,0.28583648344903023,0.4827586206896552,0.017241379310344827,-0.4655172413793104,35.8058608058608,6.712593654240169,190.99318893507518,9.305386049478573e-11,0.23,2.791615814843572e-09,2.5231449192024828e-08,0.09836065573770494,0.04214437851479689,0.28583648344903023
F1,escape,Heat,23,15,24,3,1.0434782608695656,0.20000000000000007,0.19166666666666665,0.002404805389899242,0.07147081215552295,0.6713490159594194,0.6521739130434783,0.0,-0.6521739130434783,56.529411764705884,2.9949615066453075,1066.983461180798,3.343128562670744e-05,0.32,0.00024736528440334185,0.010641263850304146,0.19166666666666665,0.07147081215552295,0.6713490159594194
F1,escape,Light touch,22,13,5,0,0.27272727272727265,0.0,0.0,0.0909647586974815,0.007333151914500443,2.310900627075033,0.36363636363636365,0.0,-0.36363636363636365,15.827586206896552,0.8309220477238262,301.4873486905054,0.015245230461483813,0.33,0.035181301064962645,0.18721816615644446,0.0,0.007333151914500443,2.310900627075033
F1,escape,Mild touch,26,13,6,0,0.23076923076923078,0.0,0.0,0.1879286694101509,0.008666452262591428,2.731064377452311,0.3076923076923077,0.0,-0.3076923076923077,12.405405405405405,0.6576343544306191,234.0116239908169,0.03520393458473953,0.29,0.0696341563214628,0.3261115145646737,0.0,0.008666452262591428,2.731064377452311
F1,escape,Pin prick,16,17,25,1,1.5625,0.058823529411764705,0.03764705882352941,2.2402969318665872e-07,0.010667352770448172,0.2873343993221061,0.6875,0.058823529411764705,-0.6286764705882353,23.0,3.2523296953660172,162.65263658654575,0.0002318488849416934,0.44,0.001159244424708467,3.6048414267307814e-06,0.03764705882352941,0.010667352770448172,0.2873343993221061
F1,flinch,ALL,87,58,69,12,0.8045977011494246,0.2241379310344827,0.27857142857142875,2.633630800646978e-06,0.1604550991204313,0.51418369159789,0.41379310344827586,0.27586206896551724,-0.13793103448275862,1.8255369226243012,0.8981736137459042,3.71040186981868,0.11216991162030004,0.21,0.17557029644916528,3.329661797960822e-05,0.27857142857142875,0.1604550991204313,0.51418369159789
F1,flinch,Heat,23,15,21,0,0.9565217391304345,0.06666666666666667,0.06969696969696972,0.00018350665190862973,0.019576541143946646,0.5337706308389669,0.6956521739130435,0.13333333333333333,-0.5623188405797102,11.88,2.3938604948845326,58.956819038365715,0.0009219453045926907,0.29,0.00353085435801456,0.0014122033646881507,0.06969696969696972,0.019576541143946646,0.5337706308389669
F1,flinch,Light touch,22,13,7,0,0.31818181818181823,0.0769230769230769,0.24175824175824165,0.2721993597447129,0.05863508092643829,1.9537145887369027,0.22727272727272727,0.15384615384615385,-0.07342657342657341,1.4457142857142857,0.27216899972420344,7.679382288344062,0.6888863443041289,0.45,0.7985538387899735,0.3981759229323486,0.24175824175824165,0.05863508092643829,1.9537145887369027
F1,flinch,Mild touch,26,13,28,6,1.0769230769230769,0.5384615384615384,0.5,0.10758711547158087,0.23545842645549403,1.1764637792721637,0.46153846153846156,0.46153846153846156,0.0,0.9946949602122016,0.27260588882875164,3.6294816231688083,1.0,0.37,1.0,0.21639681180079332,0.5,0.23545842645549403,1.1764637792721637
F1,flinch,Pin prick,16,17,13,4,0.8125,0.23529411764705882,0.28959276018099545,0.027110531876858024,0.10794582735880716,0.9117877513839764,0.1875,0.35294117647058826,0.16544117647058826,0.4586894586894587,0.10042552117500911,2.0950453336077457,0.4384332760306062,0.43,0.5574506092213355,0.07382406372621338,0.28959276018099545,0.10794582735880716,0.9117877513839764
F1,guarding,ALL,87,58,1,12,0.022988505747126433,0.20689655172413796,9.000000000000002,0.0006086773964800008,1.928948792451629,29.16096073681053,0.05747126436781609,0.27586206896551724,0.21839080459770116,0.1717171717171717,0.061086189288309035,0.48270791493271226,0.00046843630963823554,0.17,0.002218908835128484,0.0030781685479131468,9.000000000000002,1.928948792451629,29.16096073681053
F1,guarding,Heat,23,15,0,4,0.04347826086956521,0.33333333333333326,7.666666666666666,0.038587455921486526,0.9243241547692984,34.19729166759551,0.13043478260869565,0.3333333333333333,0.20289855072463767,0.3259423503325942,0.07038404661735062,1.5094104537340767,0.2230247075198638,0.42,0.31767580776540866,0.09486082914032104,7.666666666666666,0.9243241547692984,34.19729166759551
F1,guarding,Light touch,22,13,0,5,0.0,0.3846153846153847,,0.0070693020765157395,1.0292974692743868,336.6689948465427,0.0,0.23076923076923078,0.23076923076923078,0.06666666666666667,0.0031495598226487695,1.4111319342099937,0.043697478991596636,0.38,0.08367602360092972,0.025025329350865717,,1.0292974692743868,336.6689948465427
F1,guarding,Mild touch,26,13,1,0,0.038461538461538464,0.0769230769230769,1.9999999999999993,1.0,0.20803147790205626,19.227859362145406,0.07692307692307693,0.38461538461538464,0.3076923076923077,0.15769944341372913,0.029204256635680836,0.8515578658015099,0.030206677265500796,0.42,0.061092156267304985,1.0,1.9999999999999993,0.20803147790205626,19.227859362145406
F1,guarding,Pin prick,16,17,0,1,0.0,0.058823529411764705,,1.0,0.11501658652292311,69.31451002079113,0.0,0.17647058823529413,0.17647058823529413,0.12554112554112554,0.005968885103224117,2.640455282615425,0.2272727272727273,0.32,0.31893687707641194,1.0,,0.11501658652292311,69.31451002079113
F1,lickbite,ALL,87,58,18,12,0.21839080459770108,0.20689655172413796,0.947368421052632,1.0,0.47265720945253664,1.9560819014876252,0.26436781609195403,0.20689655172413793,-0.057471264367816105,1.3553488372093023,0.6194840110040049,2.9653234593535496,0.5528076809957116,0.18,0.6636437246963564,1.0,0.947368421052632,0.47265720945253664,1.9560819014876252
F1,lickbite,Heat,23,15,14,0,0.6086956521739133,0.06666666666666667,0.10952380952380948,0.007461794081769918,0.029531080880066344,0.8520014316057763,0.782608695652174,0.2,-0.5826086956521739,12.012987012987013,2.6268172502211664,54.937912777161834,0.0006964695507520869,0.43,0.0027986006996501755,0.02589681475437795,0.10952380952380948,0.029531080880066344,0.8520014316057763
F1,lickbite,Light touch,22,13,1,3,0.09090909090909088,0.2307692307692308,2.5384615384615397,0.3674681263759149,0.4674472068962375,12.008317420785959,0.09090909090909091,0.15384615384615385,0.06293706293706294,0.5609756097560976,0.08424260751824669,3.735563796183112,0.6176470588235293,0.43,0.7266435986159169,0.48179154347064396,2.5384615384615397,0.4674472068962375,12.008317420785959
F1,lickbite,Mild touch,26,13,0,6,0.0,0.5384615384615384,,0.00045724737082761767,1.7133219516455878,525.2953183349931,0.0,0.3076923076923077,0.3076923076923077,0.039832285115303984,0.0019549013234076026,0.8116066619368972,0.008692903429745536,0.38,0.021732258574363842,0.002697759487882944,,1.7133219516455878,525.2953183349931
F1,lickbite,Pin prick,16,17,3,1,0.1875,0.058823529411764705,0.3137254901960784,0.3605509979163874,0.059565029815152,2.731474738991345,0.1875,0.17647058823529413,-0.011029411764705871,1.0740740740740742,0.2048955544457642,5.630356987093375,1.0,0.43,1.0,0.4762501987403028,0.3137254901960784,0.059565029815152,2.731474738991345
F1,withdrawal,ALL,87,58,108,38,1.25287356321839,0.6724137931034482,0.5366972477064222,0.0005608644065407618,0.3760839938003243,0.7785089699272817,0.4942528735632184,0.7413793103448276,0.24712643678160923,0.34831460674157305,0.1704435915708283,0.7118077256610762,0.0034223181407009376,0.23,0.010098643693871619,0.003008272725991359,0.5366972477064222,0.3760839938003243,0.7785089699272817
F1,withdrawal,Heat,23,15,36,10,1.5652173913043481,0.7333333333333331,0.4685185185185183,0.024993808798239918,0.24899575351001768,0.9373270820668813,0.7391304347826086,0.8666666666666667,0.12753623188405805,0.4985754985754986,0.09844437702606479,2.5250556231768524,0.4397665917190535,0.26,0.5574506092213355,0.07112545523809524,0.4685185185185183,0.24899575351001768,0.9373270820668813
F1,withdrawal,Light touch,22,13,13,5,0.5909090909090912,0.3846153846153847,0.6508875739644969,0.47411444963603677,0.25580750254312656,1.8582460629353648,0.3181818181818182,0.5384615384615384,0.22027972027972026,0.41935483870967744,0.10709268170081587,1.6421148294755963,0.2882389450436072,0.3,0.3843185933914763,0.5868409621369126,0.6508875739644969,0.25580750254312656,1.8582460629353648
F1,withdrawal,Mild touch,26,13,40,6,1.5384615384615388,0.5384615384615384,0.3499999999999999,0.007729742010890644,0.16992514929264035,0.8072625613060235,0.46153846153846156,0.6153846153846154,0.15384615384615385,0.5578093306288032,0.15013032289708592,2.0725409985952483,0.50060341606504,0.37,0.6171822937788165,0.02631085261399315,0.3499999999999999,0.16992514929264035,0.8072625613060235
F1,withdrawal,Pin prick,16,17,20,16,1.25,0.9411764705882353,0.7529411764705882,0.4098625692084553,0.39616185832513273,1.4485371193834982,0.4375,0.8823529411764706,0.44485294117647056,0.1273344651952462,0.024614155736841573,0.6587293181984192,0.010436717125308314,0.39,0.025386609223722923,0.5202992823416054,0.7529411764705882,0.39616185832513273,1.4485371193834982
F2,attending,ALL,88,57,18,8,0.21590909090909086,0.14035087719298245,0.6500461680517083,0.33228667013655205,0.30070002881468083,1.506089538766792,0.45454545454545453,0.19298245614035087,-0.26156299840510366,3.376512774540565,1.5655762524256147,7.282199445074499,0.0013525450384419626,0.22,0.004508483461473208,0.4513426757229107,0.6500461680517083,0.30070002881468083,1.506089538766792
F2,attending,Heat,20,13,5,3,0.29999999999999993,0.3076923076923076,1.0256410256410255,1.0,0.32017089471694476,3.543151735060804,0.65,0.46153846153846156,-0.18846153846153846,2.076923076923077,0.5233424832608189,8.242421751390363,0.4720027083232578,0.33,0.5900033854040723,1.0,1.0256410256410255,0.32017089471694476,3.543151735060804
F2,attending,Light touch,17,18,3,0,0.17647058823529413,0.0,0.0,0.11458892128279888,0.00696881536045068,2.612148089142371,0.17647058823529413,0.0,-0.17647058823529413,8.931034482758621,0.4263875428604613,187.06779376602643,0.10389610389610388,0.42,0.16728738852632655,0.2228817479896198,0.0,0.00696881536045068,2.612148089142371
F2,attending,Mild touch,20,14,5,1,0.25,0.14285714285714282,0.5714285714285713,0.7074367884403623,0.14561170479681784,2.8957580463773582,0.25,0.0,-0.25,10.290322580645162,0.521443929409052,203.07214801357597,0.06291328848254843,0.44,0.10994555268794871,0.7925083009743299,0.5714285714285713,0.14561170479681784,2.8957580463773582
F2,attending,Pin prick,31,12,4,2,0.16129032258064513,0.16666666666666666,1.0333333333333334,1.0,0.26331449950757896,5.23649580053239,0.6129032258064516,0.4166666666666667,-0.19623655913978494,2.1272727272727274,0.5742177138769295,7.8807900676645435,0.3136930445495391,0.32,0.4151819707273312,1.0,1.0333333333333334,0.26331449950757896,5.23649580053239
F2,escape,ALL,88,57,53,1,0.6022727272727274,0.017543859649122806,0.029129427341939747,1.0825594530675503e-10,0.008543847962483517,0.21929921421305673,0.5681818181818182,0.03508771929824561,-0.5330940988835726,29.11948051948052,7.664504462963373,110.6326116478716,2.442564286557125e-12,0.22,4.3966157158028247e-10,3.832260463859128e-09,0.029129427341939747,0.008543847962483517,0.21929921421305673
F2,escape,Heat,20,13,17,0,0.85,0.0769230769230769,0.09049773755656106,0.0026160595053587128,0.024885699017720073,0.6987629397112326,0.7,0.15384615384615385,-0.5461538461538461,10.261538461538462,1.968254373093511,53.498761662667675,0.003859360642259515,0.3,0.010854451806354887,0.011024822201154574,0.09049773755656106,0.024885699017720073,0.6987629397112326
F2,escape,Light touch,17,18,12,0,0.7058823529411765,0.0,0.0,0.0001724132047141317,0.002236626805136775,0.6380861083080361,0.29411764705882354,0.0,-0.29411764705882354,16.28,0.8246562015924466,321.39259910760336,0.01906158357771261,0.43,0.04133837402395506,0.0013871426015636958,0.0,0.002236626805136775,0.6380861083080361
F2,escape,Mild touch,20,14,17,0,0.85,0.0,0.0,0.00020604541763643506,0.002454454341229032,0.6787547372420659,0.8,0.0,-0.8,106.33333333333333,5.263568323055709,2148.120264393901,2.2845227377686003e-06,0.44,2.418906428225577e-05,0.0014686585274926417,0.0,0.002454454341229032,0.6787547372420659
F2,escape,Pin prick,31,12,6,0,0.22580645161290316,0.0,0.0,0.20174924364326485,0.009835737129817262,3.01558423488607,0.4838709677419355,0.0,-0.4838709677419355,23.484848484848484,1.2786736331685815,431.3361080180926,0.0031288187400499478,0.37,0.009386456220149842,0.33078875494087123,0.0,0.009835737129817262,3.01558423488607
F2,flinch,ALL,88,57,25,24,0.2840909090909091,0.4385964912280701,1.5438596491228067,0.14704633134798878,0.89170114097188,2.6729837012339988,0.2159090909090909,0.3684210526315789,0.15251196172248802,0.47632591601137697,0.2290269865544486,0.9906534669884314,0.057289061496142116,0.16,0.10312031069305581,0.27111667342285434,1.5438596491228067,0.89170114097188,2.6729837012339988
F2,flinch,Heat,20,13,11,12,0.5999999999999999,0.9230769230769232,1.538461538461539,0.30203746283917565,0.7024246917281768,3.3695625071240674,0.55,0.9230769230769231,0.3730769230769231,0.14526315789473684,0.021744970343263056,0.9704030269275025,0.049519668318333515,0.38,0.0918921680134024,0.4303647504826648,1.538461538461539,0.7024246917281768,3.3695625071240674
F2,flinch,Light touch,17,18,7,0,0.4117647058823529,0.0,0.0,0.006377730142081232,0.003595860886169751,1.1024716557647996,0.23529411764705882,0.0,-0.23529411764705882,12.333333333333334,0.6110714148887022,248.92526046045842,0.04545454545454544,0.43,0.08612440191387558,0.02303792316629343,0.0,0.003595860886169751,1.1024716557647996
F2,flinch,Mild touch,20,14,1,3,0.05000000000000001,0.21428571428571433,4.285714285714286,0.31274769219717197,0.4922387880557702,22.572603745831252,0.05,0.21428571428571427,0.16428571428571426,0.25274725274725274,0.03263901870619576,1.957202645898092,0.28303432810074175,0.4,0.380195366105474,0.43587670487322394,4.285714285714286,0.4922387880557702,22.572603745831252
F2,flinch,Pin prick,31,12,4,10,0.16129032258064513,0.8333333333333335,5.166666666666669,0.0020119633197219814,1.7577585775388538,13.837412537373757,0.0967741935483871,0.5,0.4032258064516129,0.12280701754385964,0.02596559907220938,0.5808286385411936,0.008045837970905887,0.44,0.020397899081169853,0.009131218143353607,5.166666666666669,1.7577585775388538,13.837412537373757
F2,guarding,ALL,88,57,21,9,0.23863636363636373,0.15789473684210525,0.6616541353383456,0.35270636083929846,0.3178874315591394,1.4639038950278682,0.375,0.3684210526315789,-0.006578947368421073,1.02472239681542,0.5170825774682125,2.030731717313935,1.0,0.21,1.0,0.46939117194402874,0.6616541353383456,0.3178874315591394,1.4639038950278682
F2,guarding,Heat,20,13,11,3,0.5500000000000002,0.3076923076923076,0.5594405594405591,0.4306964501209334,0.20243790934492378,1.7902380770933166,0.7,0.6153846153846154,-0.08461538461538454,1.4434389140271493,0.3501342323232543,5.950620379798545,0.7136109364672503,0.3,0.8129744845829433,0.5368540258549662,0.5594405594405591,0.20243790934492378,1.7902380770933166
F2,guarding,Light touch,17,18,1,0,0.058823529411764705,0.0,0.0,0.48571428571428577,0.012823994407841348,7.72835393364531,0.17647058823529413,0.0,-0.17647058823529413,8.931034482758621,0.4263875428604613,187.06779376602643,0.10389610389610388,0.42,0.16728738852632655,0.5944168819535186,0.0,0.012823994407841348,7.72835393364531
F2,guarding,Mild touch,20,14,1,3,0.05000000000000001,0.21428571428571433,4.285714285714286,0.31274769219717197,0.4922387880557702,22.572603745831252,0.05,0.35714285714285715,0.30714285714285716,0.13286713286713286,0.01862353967911881,0.9479226452383857,0.06082441572037855,0.4,0.10839994880859544,0.43587670487322394,4.285714285714286,0.4922387880557702,22.572603745831252
F2,guarding,Pin prick,31,12,7,2,0.2580645161290322,0.16666666666666666,0.6458333333333335,0.7360192336945726,0.18546860288837932,3.112666997219489,0.4838709677419355,0.6666666666666666,0.18279569892473113,0.49732620320855614,0.13067542891123746,1.8927303660571235,0.3270547728857428,0.37,0.4297070008717789,0.8091640022604928,0.6458333333333335,0.18546860288837932,3.112666997219489
F2,lickbite,ALL,88,57,51,6,0.5795454545454547,0.10526315789473684,0.1816305469556243,2.0163577384241726e-06,0.08617776640976954,0.4405879899488922,0.6818181818181818,0.12280701754385964,-0.5590111642743221,14.293567251461988,5.88801475847434,34.698633266504395,2.072742221639379e-11,0.19,1.1567752543903504e-09,2.7453486130852193e-05,0.1816305469556243,0.08617776640976954,0.4405879899488922
F2,lickbite,Heat,20,13,26,3,1.3000000000000003,0.3076923076923076,0.23668639053254426,0.0025310946463753944,0.0961725161408338,0.709668596707617,0.95,0.3076923076923077,-0.6423076923076922,27.444444444444443,3.699260420944524,203.60759858909455,0.00015758249907304417,0.42,0.0008342602892102339,0.010926920790449874,0.23668639053254426,0.0961725161408338,0.709668596707617
F2,lickbite,Light touch,17,18,2,0,0.11764705882352941,0.0,0.0,0.23591836734693883,0.009067893693160111,3.9346526936670623,0.11764705882352941,0.0,-0.11764705882352941,5.967741935483871,0.26602842633662466,133.87270036874904,0.22857142857142856,0.4,0.31893687707641194,0.37619415333701056,0.0,0.009067893693160111,3.9346526936670623
F2,lickbite,Mild touch,20,14,8,0,0.4499999999999999,0.07142857142857141,0.15873015873015872,0.05469234823797986,0.04030826790337779,1.2622491622485796,0.65,0.07142857142857142,-0.5785714285714286,16.2,2.4024821201335813,109.23702524179782,0.0011182458624060402,0.33,0.003849254001414683,0.12381193734878192,0.15873015873015872,0.04030826790337779,1.2622491622485796
F2,lickbite,Pin prick,31,12,13,1,0.45161290322580633,0.08333333333333333,0.18452380952380956,0.08345813721744942,0.049753451482720513,1.4354371945532114,0.8387096774193549,0.16666666666666666,-0.6720430107526882,20.236363636363638,3.8589368580112575,106.12000877210149,7.65260852204547e-05,0.44,0.0004749894944717878,0.18014744253034815,0.18452380952380956,0.049753451482720513,1.4354371945532114
F2,withdrawal,ALL,88,57,91,43,1.0340909090909094,0.7543859649122807,0.7295160979371503,0.09305113333324268,0.511575693932887,1.0530331827349817,0.7727272727272727,0.8245614035087719,0.05183413078149923,0.7386392811296534,0.3218273711463273,1.695281497295844,0.5318521777329976,0.16,0.6468472431887808,0.18931092643659717,0.7295160979371503,0.511575693932887,1.0530331827349817
F2,withdrawal,Heat,20,13,25,13,1.25,1.0769230769230769,0.8615384615384615,0.7442748624944566,0.45913603290176974,1.6668155863117355,0.55,0.9230769230769231,0.3730769230769231,0.14526315789473684,0.021744970343263056,0.9704030269275025,0.049519668318333515,0.38,0.0918921680134024,0.8131892016143136,0.8615384615384615,0.45913603290176974,1.6668155863117355
F2,withdrawal,Light touch,17,18,14,8,0.8235294117647058,0.4444444444444444,0.5396825396825397,0.20093393542632532,0.23741752381525277,1.291046570515395,0.7058823529411765,0.7222222222222222,0.016339869281045694,0.9259259259259259,0.22599957552523153,3.793541728161637,1.0,0.43,1.0,0.33078875494087123,0.5396825396825397,0.23741752381525277,1.291046570515395
F2,withdrawal,Mild touch,20,14,20,9,1.0,0.642857142857143,0.642857142857143,0.34606641199171,0.3067486266973083,1.4287649291158584,0.75,0.7142857142857143,-0.0357142857142857,1.2077922077922079,0.27723310174795984,5.2618608961413855,1.0,0.44,1.0,0.4640435978979748,0.642857142857143,0.3067486266973083,1.4287649291158584
F2,withdrawal,Pin prick,31,12,31,12,1.0322580645161288,1.0,0.9687500000000002,1.0,0.5174934964897429,1.9076965899344411,0.967741935483871,1.0,0.032258064516129004,0.8133333333333334,0.030984564351275626,21.349698630953217,1.0,0.42,1.0,1.0,0.9687500000000002,0.5174934964897429,1.9076965899344411
F3,attending,ALL,85,68,14,6,0.1764705882352941,0.1029411764705882,0.5833333333333331,0.2860849882129061,0.2529390346389866,1.4463163633338958,0.4117647058823529,0.07352941176470588,-0.338235294117647,8.116111611161116,3.072948842820283,21.43584909938466,1.8906417578709882e-06,0.21,2.1269719776048618e-05,0.41505772880069164,0.5833333333333331,0.2529390346389866,1.4463163633338958
F3,attending,Heat,15,14,4,7,0.33333333333333326,0.5,1.5000000000000004,0.5703215839466085,0.48618600510550297,4.390572380236633,0.6,0.35714285714285715,-0.24285714285714283,2.5244755244755246,0.5930366752599484,10.746344938755229,0.27230347674459987,0.38,0.3713229228335453,0.6512704539261271,1.5000000000000004,0.48618600510550297,4.390572380236633
F3,attending,Light touch,30,17,4,0,0.13333333333333333,0.0,0.0,0.3039299085329554,0.01055626210885076,3.642080014031127,0.36666666666666664,0.0,-0.36666666666666664,20.641025641025642,1.1310925114811916,376.6729380566342,0.003777772361795392,0.3,0.010793635319415405,0.4303647504826648,0.0,0.01055626210885076,3.642080014031127
F3,attending,Mild touch,19,18,3,0,0.21052631578947364,0.0,0.0,0.12554791183895084,0.006314208631775544,2.1785034158001,0.3684210526315789,0.0,-0.3684210526315789,22.2,1.1603879524948681,424.7200248334015,0.007985257985257985,0.34,0.020397899081169853,0.23989234975819987,0.0,0.006314208631775544,2.1785034158001
F3,attending,Pin prick,21,19,2,0,0.09523809523809526,0.0,0.0,0.50125,0.010611962278682727,4.604639994446282,0.38095238095238093,0.0,-0.38095238095238093,24.555555555555557,1.3040997246282646,462.3690176867834,0.0036288036288036293,0.33,0.010535236341687956,0.5985477698982112,0.0,0.010611962278682727,4.604639994446282
F3,escape,ALL,85,68,70,7,0.8235294117647061,0.1176470588235294,0.1428571428571428,1.0750377610685461e-10,0.0739732609943096,0.307047014623314,0.4588235294117647,0.10294117647058823,-0.3558823529411764,6.965591397849463,2.922193820248507,16.603780072900257,1.165218321492479e-06,0.22,1.3982619857909749e-05,3.832260463859128e-09,0.1428571428571428,0.0739732609943096,0.307047014623314
F3,escape,Heat,15,14,37,3,2.5333333333333323,0.21428571428571433,0.08458646616541358,3.311646799236606e-08,0.03260949312847669,0.29093570830414406,0.8,0.21428571428571427,-0.5857142857142857,11.73469387755102,2.177842570906082,63.229106749686956,0.0028143307087426365,0.46,0.008626238612444213,5.861614834648794e-07,0.08458646616541358,0.03260949312847669,0.29093570830414406
F3,escape,Light touch,30,17,5,1,0.1666666666666667,0.058823529411764705,0.35294117647058815,0.42812442168999015,0.07912563308354627,2.927417117663159,0.13333333333333333,0.0,-0.13333333333333333,5.943396226415095,0.3008220208152692,117.42477697753772,0.28136125360917225,0.39,0.380195366105474,0.5368540258549662,0.35294117647058815,0.07912563308354627,2.927417117663159
F3,escape,Mild touch,19,18,6,2,0.3684210526315789,0.1111111111111111,0.30158730158730157,0.18112506800824368,0.08408503385790461,1.4723158209198892,0.47368421052631576,0.0,-0.47368421052631576,33.476190476190474,1.7644866970583912,635.1169043475659,0.0011333914559721009,0.38,0.003849254001414683,0.31741719839068444,0.30158730158730157,0.08408503385790461,1.4723158209198892
F3,escape,Pin prick,21,19,20,1,0.9523809523809523,0.10526315789473682,0.11052631578947367,0.0001701816455841047,0.03625870185943974,0.501061958325065,0.6666666666666666,0.21052631578947367,-0.45614035087719296,6.659259259259259,1.6910621730170758,26.223597564666466,0.005131700798383588,0.31,0.013995547631955239,0.0013871426015636958,0.11052631578947367,0.03625870185943974,0.501061958325065
F3,flinch,ALL,85,68,33,36,0.38823529411764707,0.5294117647058825,1.363636363636364,0.22572756602002214,0.852101082522919,2.1768325551313996,0.35294117647058826,0.38235294117647056,0.029411764705882304,0.8813530511643719,0.4572870875322123,1.6986773122957022,0.7377436482915409,0.2,0.8351814886319331,0.36654843289489836,1.363636363636364,0.852101082522919,2.1768325551313996
F3,flinch,Heat,15,14,1,15,0.13333333333333333,1.1428571428571426,8.57142857142857,0.0005223960858445904,1.869835419854041,26.74304995501673,0.0,0.5714285714285714,0.5714285714285714,0.024667931688804556,0.0012334785956384395,0.49332583147790204,0.0006996501749125439,0.36,0.0027986006996501755,0.0029827131353062095,8.57142857142857,1.869835419854041,26.74304995501673
F3,flinch,Light touch,30,17,7,0,0.23333333333333334,0.0,0.0,0.05398337947546826,0.006718909614296421,2.0599816405293834,0.23333333333333334,0.0,-0.23333333333333334,11.170212765957446,0.5971177895346609,208.95986591522572,0.03858276617003516,0.23,0.07467632161942288,0.12381193734878192,0.0,0.006718909614296421,2.0599816405293834
F3,flinch,Mild touch,19,18,8,4,0.4736842105263157,0.2222222222222222,0.46913580246913583,0.2691383606887205,0.16287318090478298,1.5349365599125386,0.5263157894736842,0.2777777777777778,-0.2485380116959064,2.712918660287081,0.7217400551091335,10.197477062875452,0.18367154696409427,0.38,0.2687876297035526,0.3981759229323486,0.46913580246913583,0.16287318090478298,1.5349365599125386
F3,flinch,Pin prick,21,19,14,15,0.7142857142857141,0.8421052631578946,1.1789473684210527,0.7204408449888293,0.588193419942858,2.35350821116574,0.6190476190476191,0.6842105263157895,0.06516290726817042,0.7647058823529411,0.2148217373807627,2.722141127965558,0.7475272825662148,0.33,0.8409681928869917,0.7969876847688925,1.1789473684210527,0.588193419942858,2.35350821116574
F3,guarding,ALL,85,68,24,5,0.29411764705882343,0.08823529411764705,0.3000000000000001,0.005801491683296222,0.13466928308967255,0.7538723767517241,0.35294117647058826,0.3088235294117647,-0.04411764705882354,1.214121097842028,0.618589105833263,2.382987392316708,0.6075161537869698,0.2,0.7194270242214116,0.02184817080730705,0.3000000000000001,0.13466928308967255,0.7538723767517241
F3,guarding,Heat,15,14,7,1,0.5333333333333333,0.14285714285714282,0.2678571428571428,0.11146514290316241,0.0769224620274384,1.2909678790311239,0.4,0.42857142857142855,0.028571428571428525,0.8947368421052632,0.2146088905153394,3.7302928816142322,1.0,0.38,1.0,0.21921478104288608,0.2678571428571428,0.0769224620274384,1.2909678790311239
F3,guarding,Light touch,30,17,3,1,0.10000000000000003,0.058823529411764705,0.5882352941176469,1.0,0.11168443090340997,5.121515135608771,0.06666666666666667,0.23529411764705882,0.16862745098039217,0.2631578947368421,0.0492319478597336,1.4066491490369721,0.17015865689574358,0.36,0.25312858050606485,1.0,0.5882352941176469,0.11168443090340997,5.121515135608771
F3,guarding,Mild touch,19,18,1,0,0.10526315789473682,0.0,0.0,0.5003652300949597,0.010134704715884837,4.397553010569071,0.21052631578947367,0.0,-0.21052631578947367,10.741935483870968,0.5354885362687024,215.4839368619933,0.10501930501930501,0.42,0.16728738852632655,0.5985477698982112,0.0,0.010134704715884837,4.397553010569071
F3,guarding,Pin prick,21,19,11,3,0.5714285714285714,0.15789473684210525,0.27631578947368424,0.03850535575895317,0.09459233755060427,1.012491748262381,0.8571428571428571,0.5789473684210527,-0.27819548872180444,3.906832298136646,0.9199906565217769,16.590753935991057,0.07753923278116827,0.39,0.1316703952887763,0.09486082914032104,0.27631578947368424,0.09459233755060427,1.012491748262381
F3,lickbite,ALL,85,68,47,0,0.564705882352941,0.014705882352941175,0.026041666666666675,1.5542572934269192e-11,0.007613384850297081,0.1963094848300167,0.4235294117647059,0.0,-0.4235294117647059,101.02020202020202,6.053829397590585,1685.7232911558483,9.928964594388177e-12,0.21,8.936068134949359e-10,9.170118031218823e-10,0.026041666666666675,0.007613384850297081,0.1963094848300167
F3,lickbite,Heat,15,14,33,0,2.2,0.07142857142857141,0.03246753246753246,6.694116791896409e-09,0.00934553315784767,0.246272130846828,0.5333333333333333,0.0,-0.5333333333333333,32.86666666666667,1.6604866426354825,650.5428890793628,0.002198900549725138,0.41,0.006943896472816225,1.316509635739627e-07,0.03246753246753246,0.00934553315784767,0.246272130846828
F3,lickbite,Light touch,30,17,5,0,0.1666666666666667,0.0,0.0,0.1667706112302676,0.00887050897195852,2.9014210454358,0.3333333333333333,0.0,-0.3333333333333333,17.926829268292682,0.9786133530789259,328.3944640683812,0.007989200408050129,0.29,0.020397899081169853,0.2951839818775736,0.0,0.00887050897195852,2.9014210454358
F3,lickbite,Mild touch,19,18,1,0,0.10526315789473682,0.0,0.0,0.5003652300949597,0.010134704715884837,4.397553010569071,0.21052631578947367,0.0,-0.21052631578947367,10.741935483870968,0.5354885362687024,215.4839368619933,0.10501930501930501,0.42,0.16728738852632655,0.5985477698982112,0.0,0.010134704715884837,4.397553010569071
F3,lickbite,Pin prick,21,19,8,0,0.38095238095238104,0.0,0.0,0.008362796387023929,0.0037524405553552233,1.1264702428117057,0.6666666666666666,0.0,-0.6666666666666666,75.4,3.9767650312513583,1429.5941438136874,5.511629538325867e-06,0.31,5.511629538325867e-05,0.027928584160438405,0.0,0.0037524405553552233,1.1264702428117057
F3,withdrawal,ALL,85,68,87,45,1.0352941176470587,0.661764705882353,0.6392045454545456,0.01441657809758923,0.44946736667102477,0.9188785474917925,0.8,0.7352941176470589,-0.06470588235294117,1.433946251768034,0.6787845699991604,3.029240710292129,0.43884484652320144,0.15,0.5574506092213355,0.04476726882935603,0.6392045454545456,0.44946736667102477,0.9188785474917925
F3,withdrawal,Heat,15,14,35,14,2.3333333333333335,1.0,0.42857142857142855,0.006237024490367392,0.23757952373796135,0.8061145085748294,1.0,0.8571428571428571,-0.1428571428571429,6.2,0.27200020665719377,141.32342203859628,0.22413793103448276,0.36,0.31767580776540866,0.022999027808229763,0.42857142857142855,0.23757952373796135,0.8061145085748294
F3,withdrawal,Light touch,30,17,16,6,0.5333333333333333,0.35294117647058826,0.661764705882353,0.5072438727950943,0.2804863316938182,1.7230258335240163,0.5,0.5294117647058824,0.02941176470588236,0.8947368421052632,0.2797131865796542,2.8620531852992355,1.0,0.36,1.0,0.5985477698982112,0.661764705882353,0.2804863316938182,1.7230258335240163
F3,withdrawal,Mild touch,19,18,19,8,1.0,0.4444444444444444,0.4444444444444444,0.05453798406580121,0.2055922545494314,1.0297316732856285,1.0,0.5555555555555556,-0.4444444444444444,31.571428571428573,1.6536933317072748,602.7448275501995,0.001133391455972101,0.31,0.003849254001414683,0.12381193734878192,0.4444444444444444,0.2055922545494314,1.0297316732856285
F3,withdrawal,Pin prick,21,19,18,17,0.8571428571428571,0.8947368421052632,1.0438596491228072,1.0,0.5438553710550862,2.009928489970913,0.9047619047619048,1.0,0.09523809523809523,0.2,0.009004247582742046,4.442347862209592,0.48846153846153845,0.37,0.6063660477453581,1.0,1.0438596491228072,0.5438553710550862,2.009928489970913
M1,attending,ALL,100,64,31,4,0.31999999999999995,0.0625,0.19531250000000003,0.00043541663497876303,0.08072383434056482,0.5798245173359313,0.52,0.125,-0.395,7.195269860521528,3.1691648217683617,16.336136262184464,1.6359580852834852e-07,0.21,2.453937127925228e-06,0.002697759487882944,0.19531250000000003,0.08072383434056482,0.5798245173359313
M1,attending,Heat,22,19,14,0,0.6818181818181818,0.0,0.0,9.778236757083382e-05,0.0022348193854235263,0.6242698235662772,0.7272727272727273,0.0,-0.7272727272727273,99.0,5.180274456922035,1891.9846972400503,7.332544840344834e-07,0.27,9.42755765187193e-06,0.0008653739530018794,0.0,0.0022348193854235263,0.6242698235662772
M1,attending,Light touch,28,12,3,1,0.14285714285714285,0.08333333333333333,0.5833333333333334,1.0,0.12255196317190299,4.93617773186052,0.35714285714285715,0.0,-0.35714285714285715,14.18918918918919,0.7603630609077943,264.78546920234726,0.018770530742467227,0.31,0.0412036040688305,1.0,0.5833333333333334,0.12255196317190299,4.93617773186052
M1,attending,Mild touch,26,17,5,0,0.19230769230769235,0.0,0.0,0.1643372483034869,0.00768777444236405,2.5145649060443604,0.5384615384615384,0.0,-0.5384615384615384,40.6,2.2090999218078773,746.1681491758961,0.00014967486103562808,0.35,0.0008164083329216077,0.29381508030017356,0.0,0.00768777444236405,2.5145649060443604
M1,attending,Pin prick,24,16,8,3,0.3333333333333333,0.1875,0.5625,0.5427861299200003,0.17787957713352753,2.1446413097046415,0.5,0.5,0.0,1.0,0.2916212438320536,3.4291054617951833,1.0,0.38,1.0,0.6279290522603925,0.5625,0.17787957713352753,2.1446413097046415
M1,escape,ALL,100,64,39,5,0.3999999999999999,0.078125,0.19531250000000006,4.746207649647399e-05,0.08707757722243363,0.5170696504950878,0.49,0.03125,-0.45875,24.02912621359223,6.399850801903126,90.22068239732153,2.570611676423001e-11,0.22,1.1567752543903504e-09,0.0004941639729338763,0.19531250000000006,0.08707757722243363,0.5170696504950878
M1,escape,Heat,22,19,10,0,0.45454545454545464,0.05263157894736841,0.11578947368421048,0.014056228205844477,0.029892880589455804,0.9153228673886052,0.7727272727272727,0.10526315789473684,-0.6674641148325359,22.272727272727273,4.340889381414166,114.27943367763932,2.524217934412129e-05,0.4,0.0002065269219064469,0.04442772129347272,0.11578947368421048,0.029892880589455804,0.9153228673886052
M1,escape,Light touch,28,12,12,1,0.42857142857142855,0.08333333333333333,0.19444444444444445,0.12604513292379993,0.05147807732263612,1.5229784031876743,0.5357142857142857,0.0,-0.5357142857142857,28.703703703703702,1.549015167224493,531.888017459682,0.0010982532514885283,0.37,0.003849254001414683,0.23989234975819987,0.19444444444444445,0.05147807732263612,1.5229784031876743
M1,escape,Mild touch,26,17,11,1,0.4230769230769231,0.058823529411764705,0.13903743315508021,0.03513411799739371,0.036388459235941015,1.0936340503677717,0.46153846153846156,0.0,-0.46153846153846156,30.17241379310345,1.641721107169944,554.5244866051543,0.0010630814284872858,0.35,0.003849254001414683,0.08883912693626694,0.13903743315508021,0.036388459235941015,1.0936340503677717
M1,escape,Pin prick,24,16,7,2,0.2916666666666667,0.125,0.42857142857142855,0.3311395840000001,0.11948925864018026,2.092238271833526,0.20833333333333334,0.0,-0.20833333333333334,9.307692307692308,0.4782717220485791,181.13790153346153,0.0712331764963344,0.42,0.12211401685085896,0.4513426757229107,0.42857142857142855,0.11948925864018026,2.092238271833526
M1,flinch,ALL,100,64,143,18,1.4399999999999997,0.28125,0.19531250000000003,2.8430246852377656e-15,0.12329139640690841,0.3245749831300232,0.85,0.34375,-0.50625,10.419354838709678,4.950148111638973,21.93125393555103,3.8572843147223604e-11,0.12,1.3886223533000497e-09,4.709206284181844e-13,0.19531250000000003,0.12329139640690841,0.3245749831300232
M1,flinch,Heat,22,19,59,7,2.727272727272727,0.4210526315789473,0.15438596491228068,2.1020083735966614e-09,0.07934716859708238,0.33352917386561165,1.0,0.47368421052631576,-0.5263157894736843,49.73684210526316,2.6380762256256185,937.7111391151061,8.239947264337508e-05,0.3,0.0004943968358602505,4.650693526582613e-08,0.15438596491228068,0.07934716859708238,0.33352917386561165
M1,flinch,Light touch,28,12,28,0,1.0,0.0,0.0,8.581662093755806e-05,0.002499109473322783,0.6705305638316754,0.75,0.0,-0.75,71.66666666666667,3.764446048956886,1364.3736805669744,9.01903015362415e-06,0.25,8.544344356064984e-05,0.0007994495739972515,0.0,0.002499109473322783,0.6705305638316754
M1,flinch,Mild touch,26,17,18,1,0.6923076923076923,0.058823529411764705,0.08496732026143791,0.0014997509601840224,0.023485554214459147,0.6547674798958587,0.7307692307692307,0.11764705882352941,-0.6131221719457013,16.12,3.3231537326963783,78.19511852349862,0.00011965690033651096,0.26,0.0006730700643928742,0.006985682104015051,0.08496732026143791,0.023485554214459147,0.6547674798958587
M1,flinch,Pin prick,24,16,38,9,1.5833333333333333,0.5625,0.35526315789473684,0.0027902163052284656,0.1819644162864323,0.7528731361779398,0.9583333333333334,0.6875,-0.27083333333333337,7.492753623188406,1.0785544384442705,52.052409091916076,0.029397818871503084,0.37,0.0601319022371654,0.011485308977335778,0.35526315789473684,0.1819644162864323,0.7528731361779398
M1,guarding,ALL,100,64,27,1,0.27,0.015625,0.057870370370370364,2.2043866951068784e-05,0.01647628706068991,0.4408570929708463,0.46,0.046875,-0.413125,14.99213630406291,4.766395306483098,47.156002913540156,2.2837963388309044e-09,0.21,5.138541762369535e-08,0.00024386027814619842,0.057870370370370364,0.01647628706068991,0.4408570929708463
M1,guarding,Heat,22,19,8,0,0.409090909090909,0.05263157894736841,0.1286549707602339,0.024813520647817413,0.032670911879579906,1.023086163085691,0.7272727272727273,0.15789473684210525,-0.569377990430622,11.967032967032967,2.7577483713540514,51.93000185282963,0.00043663692508821476,0.27,0.0021241796355642877,0.07112545523809524,0.1286549707602339,0.032670911879579906,1.023086163085691
M1,guarding,Light touch,28,12,1,0,0.07142857142857142,0.0,0.0,1.0,0.02240303147721911,9.720906654942155,0.0,0.0,0.0,0.43859649122807015,0.00822836025388639,23.378519678537,1.0,0.4,1.0,1.0,0.0,0.02240303147721911,9.720906654942155
M1,guarding,Mild touch,26,17,8,0,0.3076923076923077,0.0,0.0,0.025765580572581666,0.005192452757270257,1.5587571427142373,0.34615384615384615,0.0,-0.34615384615384615,19.0,1.0247016411565706,352.2976693904215,0.006704686168518752,0.3,0.01774769868137317,0.07125793377104617,0.0,0.005192452757270257,1.5587571427142373
M1,guarding,Pin prick,24,16,8,0,0.3333333333333333,0.0,0.0,0.02531584,0.00509259789655352,1.5287810438158862,0.875,0.0,-0.875,202.71428571428572,9.775862891964392,4203.524751398764,1.5417145561750674e-08,0.4,2.775086201115121e-07,0.07112545523809524,0.0,0.00509259789655352,1.5287810438158862
M1,lickbite,ALL,100,64,19,1,0.19999999999999996,0.015625,0.07812500000000001,0.0005526023933695616,0.021785270176683365,0.6000008942891276,0.29,0.03125,-0.25875,10.314685314685315,2.7145635536471096,39.19331083556418,1.1721155447533758e-05,0.18,0.00010549039902780382,0.003008272725991359,0.07812500000000001,0.021785270176683365,0.6000008942891276
M1,lickbite,Heat,22,19,8,0,0.409090909090909,0.05263157894736841,0.1286549707602339,0.024813520647817413,0.032670911879579906,1.023086163085691,0.7272727272727273,0.10526315789473684,-0.6220095693779905,17.76923076923077,3.565237347314263,88.56228390180887,9.629849940221899e-05,0.27,0.0005591525771741747,0.07112545523809524,0.1286549707602339,0.032670911879579906,1.023086163085691
M1,lickbite,Light touch,28,12,7,0,0.25,0.0,0.0,0.11114979999999999,0.00888389160112527,2.7237535024777406,0.2857142857142857,0.0,-0.2857142857142857,10.365853658536585,0.5492794405893151,195.62159827958143,0.07898920592419043,0.27,0.132879038003311,0.21921478104288608,0.0,0.00888389160112527,2.7237535024777406
M1,lickbite,Mild touch,26,17,4,0,0.15384615384615385,0.0,0.0,0.15809548435255516,0.009148760494337325,3.1564693454936434,0.19230769230769232,0.0,-0.19230769230769232,8.953488372093023,0.462531032894217,173.3180010162454,0.13904869945709425,0.4,0.2139210760878373,0.2869361492620703,0.0,0.009148760494337325,3.1564693454936434
M1,lickbite,Pin prick,24,16,0,0,0.0,0.0,,,0.02976164211655544,75.60066716709824,0.0,0.0,0.0,0.673469387755102,0.01271848777331735,35.66155224796275,1.0,0.33,1.0,,,0.02976164211655544,75.60066716709824
M1,withdrawal,ALL,100,64,95,38,0.95,0.59375,0.625,0.012834747330065913,0.4332859711800717,0.915756774418392,0.93,0.734375,-0.19562500000000005,4.5929824561403505,1.8231631917288118,11.570817104095484,0.0011069886973929196,0.17,0.003849254001414683,0.04130455049857575,0.625,0.4332859711800717,0.915756774418392
M1,withdrawal,Heat,22,19,17,13,0.818181818181818,0.6842105263157895,0.8362573099415207,0.719856486009691,0.41892667732191763,1.7042143690637577,1.0,0.7894736842105263,-0.21052631578947367,13.064516129032258,0.6552951244415489,260.4652092157731,0.03827392120075047,0.3,0.07467632161942288,0.7969876847688925,0.8362573099415207,0.41892667732191763,1.7042143690637577
M1,withdrawal,Light touch,28,12,21,2,0.75,0.16666666666666666,0.2222222222222222,0.02292947979678961,0.07322881821854638,1.0052512982219841,0.7857142857142857,0.3333333333333333,-0.4523809523809524,6.538461538461538,1.5524867959070345,27.53741893499547,0.01075607767683931,0.45,0.02581458642441434,0.06878843939036883,0.2222222222222222,0.07322881821854638,1.0052512982219841
M1,withdrawal,Mild touch,26,17,29,9,1.1153846153846154,0.5294117647058824,0.47464503042596345,0.04732469622677746,0.23707456732400492,1.023215393589921,1.0,0.8235294117647058,-0.17647058823529416,12.793103448275861,0.617108047850804,265.21043828269114,0.05510088323474596,0.32,0.10018342406317447,0.11474618126218643,0.47464503042596345,0.23707456732400492,1.023215393589921
M1,withdrawal,Pin prick,24,16,27,14,1.125,0.875,0.7777777777777778,0.5248688162594635,0.4186669554193148,1.4941164617497447,0.9583333333333334,0.875,-0.08333333333333337,2.7011494252873565,0.3218113214163551,22.672316765047807,0.5530364372469636,0.37,0.6636437246963564,0.6111959241968752,0.7777777777777778,0.4186669554193148,1.4941164617497447
M2,attending,ALL,83,70,35,8,0.43373493975903604,0.12857142857142853,0.29642857142857143,0.0004566910846353766,0.15113865427025996,0.6301530395488762,0.5301204819277109,0.22857142857142856,-0.30154905335628235,3.7211354046797083,1.851969060807618,7.476825068515129,0.0002263288078215941,0.22,0.001159244424708467,0.002697759487882944,0.29642857142857143,0.15113865427025996,0.6301530395488762
M2,attending,Heat,16,19,9,1,0.5625,0.10526315789473682,0.18713450292397657,0.029077138770532605,0.055020145216531195,0.8925731899274902,0.5,0.15789473684210525,-0.34210526315789475,4.714285714285714,1.0574177278807269,21.017701150576155,0.06524709995232797,0.4,0.11292767299441378,0.07797959943006472,0.18713450292397657,0.055020145216531195,0.8925731899274902
M2,attending,Light touch,23,19,7,1,0.30434782608695665,0.10526315789473682,0.34586466165413515,0.19746317170974526,0.09642992802540855,1.6884729913042478,0.43478260869565216,0.15789473684210525,-0.2768878718535469,3.6666666666666665,0.8974973409668521,14.979926770547394,0.09281636081400046,0.35,0.15469393469000076,0.33078875494087123,0.34586466165413515,0.09642992802540855,1.6884729913042478
M2,attending,Mild touch,21,15,9,0,0.42857142857142855,0.06666666666666667,0.15555555555555556,0.05342553160100094,0.039502102545310266,1.237004179003608,0.47619047619047616,0.2,-0.27619047619047615,3.260869565217391,0.7642845342920804,13.912711620169231,0.1589605734767025,0.38,0.23844086021505376,0.12381193734878192,0.15555555555555556,0.039502102545310266,1.237004179003608
M2,attending,Pin prick,23,17,10,4,0.47826086956521724,0.23529411764705882,0.4919786096256686,0.2979207096008454,0.178026279100389,1.5743564266203005,0.6956521739130435,0.4117647058823529,-0.28388746803069054,3.08,0.8614944029283296,11.011563125372046,0.10815877056144024,0.29,0.17077700614964247,0.42871516747438726,0.4919786096256686,0.178026279100389,1.5743564266203005
M2,escape,ALL,83,70,60,12,0.7228915662650603,0.18571428571428567,0.2569047619047618,7.689383293251092e-07,0.14666930908074932,0.47728484678674943,0.5421686746987951,0.08571428571428572,-0.4564543889845094,11.727272727272727,4.703232230816976,29.241363996169348,7.384117297940022e-10,0.22,1.8987730194702915e-08,1.1341840357545361e-05,0.2569047619047618,0.14666930908074932,0.47728484678674943
M2,escape,Heat,16,19,15,3,0.9375,0.15789473684210525,0.16842105263157894,0.0014906615569094308,0.05961425416800409,0.6065342654876447,0.4375,0.15789473684210525,-0.27960526315789475,3.7218045112781954,0.8312733946474388,16.66338524649353,0.13156031954697137,0.38,0.20414532343495556,0.006985682104015051,0.16842105263157894,0.05961425416800409,0.6065342654876447
M2,escape,Light touch,23,19,9,5,0.39130434782608703,0.26315789473684215,0.672514619883041,0.5953048292141896,0.245206167973764,2.003065948806129,0.30434782608695654,0.0,-0.30434782608695654,17.727272727272727,0.9400971427295977,334.2805589586796,0.010954904247587174,0.29,0.02594582584954857,0.6754420177622535,0.672514619883041,0.245206167973764,2.003065948806129
M2,escape,Mild touch,21,15,14,1,0.7142857142857141,0.13333333333333333,0.18666666666666673,0.012539635364017528,0.05937254946906956,0.8587900308470527,0.8571428571428571,0.0,-0.8571428571428571,163.85714285714286,7.844925837828127,3422.4878374043838,2.931085776759714e-07,0.42,4.058426460128834e-06,0.04110213813761301,0.18666666666666673,0.05937254946906956,0.8587900308470527
M2,escape,Pin prick,23,17,21,3,0.9130434782608698,0.17647058823529413,0.1932773109243697,0.0029611697883496933,0.07116641199834088,0.6816193763926228,0.5652173913043478,0.17647058823529413,-0.3887468030690536,5.326530612244898,1.2890547906684966,22.009869998208913,0.0218498364883237,0.35,0.04627024197527371,0.011911978466770357,0.1932773109243697,0.07116641199834088,0.6816193763926228
M2,flinch,ALL,83,70,105,14,1.2771084337349397,0.2142857142857142,0.16778975741239885,5.32113704427327e-15,0.10128694279768242,0.2940159038000944,0.7108433734939759,0.2714285714285714,-0.43941480206540445,6.413919413919414,3.178332155927679,12.94338043666335,6.131268527878621e-08,0.18,1.003298486380138e-06,4.709206284181844e-13,0.16778975741239885,0.10128694279768242,0.2940159038000944
M2,flinch,Heat,16,19,43,6,2.6875,0.3157894736842105,0.11750305997552019,1.0595429763575125e-09,0.05518729033078666,0.2869074938100241,1.0,0.3684210526315789,-0.631578947368421,55.0,2.8626110524832704,1056.7275625432453,6.25656269181755e-05,0.3,0.00041710417945450335,2.679130097361139e-08,0.11750305997552019,0.05518729033078666,0.2869074938100241
M2,flinch,Light touch,23,19,7,3,0.3478260869565217,0.21052631578947364,0.6052631578947368,0.5648021329477675,0.20441963110172157,2.0091531658608486,0.21739130434782608,0.2631578947368421,0.04576659038901601,0.7837837837837838,0.19970133041883548,3.0761789039362544,1.0,0.4,1.0,0.6491556982581483,0.6052631578947368,0.20441963110172157,2.0091531658608486
M2,flinch,Mild touch,21,15,22,1,1.0476190476190477,0.13333333333333333,0.12727272727272726,0.0005896771645124704,0.04211214890398348,0.5745973903960203,0.8095238095238095,0.2,-0.6095238095238096,13.88888888888889,2.877377343593969,67.04064553693861,0.0005063450679352405,0.43,0.0022229783470327632,0.0030697899446678607,0.12727272727272726,0.04211214890398348,0.5745973903960203
M2,flinch,Pin prick,23,17,33,3,1.434782608695652,0.17647058823529413,0.12299465240641713,1.0735761254299003e-05,0.04700341434297399,0.42508413599226413,0.9130434782608695,0.23529411764705882,-0.6777493606138107,25.8,4.764167953936245,139.717996182321,2.7550540547437688e-05,0.38,0.0002156129260234254,0.00012668198280072824,0.12299465240641713,0.04700341434297399,0.42508413599226413
M2,guarding,ALL,83,70,21,1,0.2530120481927711,0.028571428571428564,0.11292517006802716,0.00020743764512607933,0.03721219538044497,0.510831782157702,0.3253012048192771,0.1,-0.2253012048192771,4.12094395280236,1.7034926160709627,9.969035910062855,0.0008502543275513393,0.19,0.0033270821512878493,0.0014686585274926417,0.11292517006802716,0.03721219538044497,0.510831782157702
M2,guarding,Heat,16,19,10,0,0.625,0.0,0.0,0.0003985835611539278,0.0023497169536943973,0.6843505545572955,0.5,0.0,-0.5,39.0,2.013272585130886,755.4863714101169,0.0005468260719193128,0.4,0.00228903937082503,0.0026129366786757486,0.0,0.0023497169536943973,0.6843505545572955
M2,guarding,Light touch,23,19,0,0,0.04347826086956521,0.0,0.0,1.0,0.016436946392713057,9.905692038789967,0.0,0.0,0.0,0.8297872340425532,0.0157282206420456,43.77779721244036,1.0,0.3,1.0,1.0,0.0,0.016436946392713057,9.905692038789967
M2,guarding,Mild touch,21,15,5,0,0.2857142857142857,0.06666666666666667,0.23333333333333334,0.2511911483785578,0.054733724619006885,1.9070271382299733,0.47619047619047616,0.2,-0.27619047619047615,3.260869565217391,0.7642845342920804,13.912711620169231,0.1589605734767025,0.38,0.23844086021505376,0.3866159414174325,0.23333333333333334,0.054733724619006885,1.9070271382299733
M2,guarding,Pin prick,23,17,3,1,0.17391304347826084,0.058823529411764705,0.33823529411764713,0.4028085937499999,0.07105954167110345,2.8621534747762687,0.391304347826087,0.23529411764705882,-0.15601023017902815,1.9655172413793103,0.5123726488277273,7.539938041185839,0.33256922105642905,0.33,0.43378594050838576,0.5166458050271737,0.33823529411764713,0.07105954167110345,2.8621534747762687
M2,lickbite,ALL,83,70,17,0,0.21686746987951802,0.014285714285714282,0.06587301587301587,0.0002460616068138355,0.018207756591539472,0.5076246780950862,0.3132530120481928,0.05714285714285714,-0.2561101549053356,6.810628019323672,2.3599893215847914,19.654603346445754,6.507493100711002e-05,0.19,0.0004183388421885644,0.0016751117079249571,0.06587301587301587,0.018207756591539472,0.5076246780950862
M2,lickbite,Heat,16,19,7,0,0.4375,0.0,0.0,0.004172185103631507,0.003206216517699345,0.9830087828491094,0.5,0.0,-0.5,39.0,2.013272585130886,755.4863714101169,0.0005468260719193128,0.4,0.00228903937082503,0.016053842681364713,0.0,0.003206216517699345,0.9830087828491094
M2,lickbite,Light touch,23,19,0,0,0.0,0.0,,,0.02401816732213246,61.01106473134244,0.0,0.0,0.0,0.8297872340425532,0.0157282206420456,43.77779721244036,1.0,0.3,1.0,,,0.02401816732213246,61.01106473134244
M2,lickbite,Mild touch,21,15,5,0,0.23809523809523808,0.0,0.0,0.080102237654321,0.007037270451087096,2.3017940293790686,0.23809523809523808,0.0,-0.23809523809523808,10.333333333333334,0.5264527481388943,202.82499835978922,0.06194295900178252,0.43,0.10931110412079267,0.17503822302240515,0.0,0.007037270451087096,2.3017940293790686
M2,lickbite,Pin prick,23,17,6,1,0.2608695652173914,0.058823529411764705,0.2254901960784313,0.2507981868469237,0.052893935556183096,1.842925385684427,0.5652173913043478,0.23529411764705882,-0.32992327365728896,3.857142857142857,1.012589331960052,14.69258123785478,0.054426261634270535,0.35,0.09996660300172139,0.3866159414174325,0.2254901960784313,0.052893935556183096,1.842925385684427
M2,withdrawal,ALL,83,70,97,38,1.168674698795181,0.557142857142857,0.47673048600883633,6.450194710972009e-05,0.33191464386896785,0.6952142268802756,0.8795180722891566,0.6571428571428571,-0.22237521514629943,3.6881720430107525,1.6392476405088627,8.298083024614584,0.001550296837430181,0.11,0.005073698740680593,0.0006342691465789142,0.47673048600883633,0.33191464386896785,0.6952142268802756
M2,withdrawal,Heat,16,19,27,10,1.6875,0.5263157894736843,0.3118908382066277,0.0013509801222376236,0.15791643434204666,0.6546642786460689,1.0,0.631578947368421,-0.368421052631579,19.8,1.0305399788939773,380.42192251556844,0.009194410902190787,0.3,0.022671150169785503,0.006642318934334982,0.3118908382066277,0.15791643434204666,0.6546642786460689
M2,withdrawal,Light touch,23,19,17,7,0.7391304347826089,0.4210526315789473,0.569659442724458,0.2290674168342828,0.2591070438563772,1.3342309315029275,0.782608695652174,0.42105263157894735,-0.3615560640732266,4.550802139037433,1.239222057789557,16.71193631398755,0.025814875892197577,0.4,0.05341008805282257,0.36859029799698234,0.569659442724458,0.2591070438563772,1.3342309315029275
M2,withdrawal,Mild touch,21,15,22,8,1.0476190476190477,0.5999999999999999,0.5727272727272725,0.2018372064045994,0.27689531158021424,1.261893325982843,0.8095238095238095,0.7333333333333333,-0.07619047619047625,1.5217391304347827,0.33831031657514327,6.844869540305794,0.6940287187784406,0.43,0.7985538387899735,0.33078875494087123,0.5727272727272725,0.27689531158021424,1.261893325982843
M2,withdrawal,Pin prick,23,17,31,12,1.3478260869565222,0.7058823529411765,0.5237191650853888,0.06342779383769875,0.27882376300284173,1.0337772333851014,0.9565217391304348,0.8823529411764706,-0.07416879795396425,2.4193548387096775,0.28890554938739643,20.26017793012072,0.564676113360324,0.36,0.6731238437407835,0.1403339938659085,0.5237191650853888,0.27882376300284173,1.0337772333851014
M3,attending,ALL,91,71,43,16,0.4725274725274726,0.2394366197183097,0.5067147068457251,0.018509115908452986,0.2960558658038075,0.8980282532696514,0.7692307692307693,0.30985915492957744,-0.45937161430119183,7.213953488372093,3.604214322067322,14.438965134167132,4.972421591685439e-09,0.16,9.944843183370877e-08,0.05648471578958929,0.5067147068457251,0.2960558658038075,0.8980282532696514
M3,attending,Heat,20,21,11,5,0.5999999999999999,0.2857142857142857,0.4761904761904763,0.1588686024162875,0.19194883736822851,1.2777403309015947,0.75,0.2857142857142857,-0.4642857142857143,6.72027972027972,1.7665422084633216,25.565287544467157,0.004804479731375056,0.4,0.013304713102269387,0.2869361492620703,0.4761904761904763,0.19194883736822851,1.2777403309015947
M3,attending,Light touch,25,17,8,2,0.32,0.11764705882352941,0.3676470588235294,0.334044579207352,0.10557984984158211,1.7719166967093856,0.4,0.058823529411764705,-0.3411764705882353,7.451612903225806,1.1764026545886717,47.200280144672206,0.01584322476491925,0.33,0.03564725572106831,0.4513426757229107,0.3676470588235294,0.10557984984158211,1.7719166967093856
M3,attending,Mild touch,24,17,10,3,0.4166666666666667,0.17647058823529413,0.4235294117647059,0.26122354053108277,0.14036486526901948,1.577697430000025,1.0,0.4117647058823529,-0.5882352941176471,68.6,3.5810391999447226,1314.1325009993318,1.7347257398605277e-05,0.32,0.00014869077770233093,0.3981759229323486,0.4235294117647059,0.14036486526901948,1.577697430000025
M3,attending,Pin prick,22,16,13,6,0.5909090909090912,0.375,0.6346153846153844,0.48695168295627234,0.25971842571356707,1.687570056705004,0.9545454545454546,0.5,-0.4545454545454546,14.333333333333334,2.1249593651898895,96.68158733288796,0.0018071102161784276,0.37,0.005808568552002089,0.5944168819535186,0.6346153846153844,0.25971842571356707,1.687570056705004
M3,escape,ALL,91,71,35,14,0.39560439560439553,0.19718309859154934,0.49843505477308314,0.031482057501311736,0.27708966339753294,0.9356125478798034,0.32967032967032966,0.323943661971831,-0.005726667698498666,1.0235253416363952,0.5308217692301656,1.973551549122048,1.0,0.19,1.0,0.08194594379017908,0.49843505477308314,0.27708966339753294,0.9356125478798034
M3,escape,Heat,20,21,13,8,0.6999999999999998,0.38095238095238104,0.5442176870748302,0.20176731476644544,0.2394126290573978,1.3018957013600627,0.95,0.6190476190476191,-0.3309523809523809,8.185185185185185,1.2623110404679725,53.07507766939703,0.020485776583337556,0.33,0.043898092678580476,0.33078875494087123,0.5442176870748302,0.2394126290573978,1.3018957013600627
M3,escape,Light touch,25,17,5,3,0.20000000000000004,0.17647058823529413,0.8823529411764705,1.0,0.24499952135401137,3.574601624513543,0.12,0.058823529411764705,-0.06117647058823529,1.711111111111111,0.22801264310207245,12.840960021928227,0.6354864647547575,0.39,0.7427763873756905,1.0,0.8823529411764705,0.24499952135401137,3.574601624513543
M3,escape,Mild touch,24,17,7,2,0.2916666666666667,0.11764705882352941,0.4033613445378151,0.3218382988373492,0.11246047872016969,1.9691654323139067,0.25,0.29411764705882354,0.04411764705882354,0.7985257985257985,0.20840047515805535,3.059702481137156,1.0,0.25,1.0,0.44504202261102194,0.4033613445378151,0.11246047872016969,1.9691654323139067
M3,escape,Pin prick,22,16,10,1,0.45454545454545464,0.0625,0.13749999999999998,0.030899894503453904,0.035497795699978775,1.086945905023969,0.09090909090909091,0.25,0.1590909090909091,0.33875338753387535,0.061974827008759864,1.8516204579232793,0.21702507461021395,0.39,0.3125161074387081,0.08163106458375136,0.13749999999999998,0.035497795699978775,1.086945905023969
M3,flinch,ALL,91,71,47,53,0.5274725274725274,0.7464788732394371,1.415199530516433,0.08818808774914035,0.9585749485361592,2.0852786613590126,0.3956043956043956,0.676056338028169,0.2804519424237734,0.31865886505061763,0.16704299715679927,0.6078882323934318,0.00048109897294680874,0.2,0.00222045679821604,0.18363872390115107,1.415199530516433,0.9585749485361592,2.0852786613590126
M3,flinch,Heat,20,21,22,23,1.1499999999999997,1.0952380952380953,0.9523809523809528,0.8838650334149235,0.5376320198353776,1.6870823258179122,0.85,0.7619047619047619,-0.08809523809523812,1.6666666666666667,0.37207992091324543,7.465540658469039,0.6965164038334769,0.38,0.7985538387899735,0.9539275055758626,0.9523809523809528,0.5376320198353776,1.6870823258179122
M3,flinch,Light touch,25,17,10,5,0.4000000000000001,0.29411764705882354,0.7352941176470587,0.7935483623701826,0.2745469644402293,2.1612863429529545,0.2,0.4117647058823529,0.2117647058823529,0.375609756097561,0.0995254845338032,1.4175533988759574,0.17438630894674625,0.41,0.2572912754951994,0.8617058904265172,0.7352941176470587,0.2745469644402293,2.1612863429529545
M3,flinch,Mild touch,24,17,4,8,0.16666666666666666,0.47058823529411764,2.823529411764706,0.08599368582643545,0.8505963393991121,8.360147794821952,0.16666666666666666,0.6470588235294118,0.48039215686274517,0.12407211028632026,0.03052871338552986,0.5042429517582382,0.0028274893229678255,0.4,0.008626238612444213,0.1812009808485604,2.823529411764706,0.8505963393991121,8.360147794821952
M3,flinch,Pin prick,22,16,11,17,0.5,1.0625,2.125,0.055260695200868765,0.9942995760769422,4.403201485596939,0.45454545454545453,0.875,0.42045454545454547,0.14482758620689656,0.030036189667341985,0.6983252522646696,0.015679534798817663,0.37,0.03564725572106831,0.12381193734878192,2.125,0.9942995760769422,4.403201485596939
M3,guarding,ALL,91,71,23,11,0.2637362637362637,0.16901408450704222,0.6408450704225352,0.24100960677976996,0.33086850540921703,1.2924046586687874,0.42857142857142855,0.30985915492957744,-0.11871227364185111,1.6552380952380952,0.8665951878858614,3.1615836208500805,0.14262729945638064,0.21,0.2175670669673603,0.3775106230090202,0.6408450704225352,0.33086850540921703,1.2924046586687874
M3,guarding,Heat,20,21,13,9,0.6500000000000001,0.42857142857142855,0.6593406593406592,0.3963144030531939,0.29223023896248296,1.5370072719328132,0.45,0.6190476190476191,0.16904761904761906,0.5201288244766505,0.15440863305667987,1.7520652096709877,0.35429812471653466,0.36,0.4588033269710521,0.5120266375212796,0.6593406593406592,0.29223023896248296,1.5370072719328132
M3,guarding,Light touch,25,17,5,0,0.20000000000000004,0.0,0.0,0.08558708819884721,0.007392090809965437,2.4178508711965008,0.48,0.0,-0.48,32.407407407407405,1.7573999782315475,597.6101444626906,0.0004988089794914094,0.36,0.0022229783470327632,0.1812009808485604,0.0,0.007392090809965437,2.4178508711965008
M3,guarding,Mild touch,24,17,4,0,0.16666666666666666,0.0,0.0,0.14696819723961083,0.008445009687080608,2.9136640112249017,0.375,0.0,-0.375,21.451612903225808,1.1513281973762213,399.68768001907364,0.005466788008508161,0.32,0.014686893157186106,0.27111667342285434,0.0,0.008445009687080608,2.9136640112249017
M3,guarding,Pin prick,22,16,1,3,0.09090909090909088,0.1875,2.0625000000000004,0.6559749832296689,0.3798008556031929,9.756757904388587,0.4090909090909091,0.5625,0.15340909090909088,0.5555555555555556,0.15647118275958932,1.9725164075921633,0.5118090475250605,0.35,0.6267049561531354,0.7395386753608368,2.0625000000000004,0.3798008556031929,9.756757904388587
M3,lickbite,ALL,91,71,21,9,0.23076923076923078,0.12676056338028174,0.5492957746478875,0.14341502133903375,0.26390558698739713,1.2153120204080596,0.37362637362637363,0.09859154929577464,-0.275034824330599,5.16,2.170481812230165,12.267138038186213,5.190776213756583e-05,0.2,0.00035936143018314805,0.2700474337979678,0.5492957746478875,0.26390558698739713,1.2153120204080596
M3,lickbite,Heat,20,21,11,8,0.5999999999999999,0.38095238095238104,0.6349206349206352,0.37434927047904076,0.27095028433342594,1.5479239369348092,0.55,0.3333333333333333,-0.21666666666666673,2.3403508771929826,0.6833220197427694,8.01560914199695,0.2146030074677081,0.36,0.3115204947111892,0.48720456525581046,0.6349206349206352,0.27095028433342594,1.5479239369348092
M3,lickbite,Light touch,25,17,1,0,0.04,0.0,0.0,1.0,0.019968157382451925,12.033769100831798,0.12,0.0,-0.12,5.444444444444445,0.263479499540463,112.50201765352081,0.259581881533101,0.39,0.3594210667381399,1.0,0.0,0.019968157382451925,12.033769100831798
M3,lickbite,Mild touch,24,17,3,0,0.125,0.0,0.0,0.27186198691255203,0.010417052718735968,3.9046642716591835,0.25,0.0,-0.25,12.297297297297296,0.6437580920208779,234.90737078488021,0.03268668095368995,0.25,0.0653733619073799,0.3981759229323486,0.0,0.010417052718735968,3.9046642716591835
M3,lickbite,Pin prick,22,16,5,1,0.22727272727272732,0.0625,0.27499999999999997,0.4115361555244336,0.06165205577759649,2.2809458375125446,0.6363636363636364,0.0,-0.6363636363636364,56.294117647058826,2.981444058977326,1062.9170358299189,3.435628950046414e-05,0.33,0.00024736528440334185,0.5202992823416054,0.27499999999999997,0.06165205577759649,2.2809458375125446
M3,withdrawal,ALL,91,71,103,56,1.1428571428571423,0.8028169014084506,0.7024647887323946,0.03203487179386635,0.5111721901913636,0.9729756626327941,0.9120879120879121,0.8169014084507042,-0.09518650363720782,2.266968325791855,0.9025513358819249,5.694020036125511,0.09861602742052553,0.09,0.16285215537334488,0.08217641025383107,0.7024647887323946,0.5111721901913636,0.9729756626327941
M3,withdrawal,Heat,20,21,27,20,1.3999999999999997,0.9523809523809523,0.6802721088435375,0.1963911468911815,0.38833553789039665,1.208459966604843,1.0,0.9523809523809523,-0.04761904761904767,3.0,0.11531622311250415,78.04626059613025,1.0,0.28,1.0,0.33078875494087123,0.6802721088435375,0.38833553789039665,1.208459966604843
M3,withdrawal,Light touch,25,17,26,11,1.04,0.6470588235294118,0.6221719457013575,0.2406881232366282,0.3194205734585743,1.2750382763437749,0.84,0.7058823529411765,-0.13411764705882345,2.102222222222222,0.5042669606449046,8.763886227947728,0.4463289200131305,0.4,0.5618126265899545,0.3775106230090202,0.6221719457013575,0.3194205734585743,1.2750382763437749
M3,withdrawal,Mild touch,24,17,27,13,1.125,0.7647058823529411,0.6797385620915032,0.2662389492747437,0.36131455394743145,1.3293561052306033,1.0,0.7647058823529411,-0.23529411764705888,16.333333333333332,0.8161434794475115,326.87607570959574,0.023501530561864322,0.32,0.0491892500132044,0.3981759229323486,0.6797385620915032,0.36131455394743145,1.3293561052306033
M3,withdrawal,Pin prick,22,16,23,13,1.0454545454545459,0.8125,0.7771739130434779,0.5041070311853434,0.4044563749752816,1.542643322778845,0.8181818181818182,0.8125,-0.005681818181818232,1.0658436213991769,0.22326293371418965,5.088272407687669,1.0,0.42,1.0,0.5985477698982112,0.7771739130434779,0.4044563749752816,1.542643322778845
